ticker,articles,scored_articles,sources,top_source,top_source_articles,positive_articles,neutral_articles,negative_articles,sentiment_mean,sentiment_std,sentiment_min,sentiment_max,latest_sentiment,calendar_days,calendar_days_with_news,business_days,business_days_with_news,calendar_coverage_pct,business_coverage_pct,first_news_date,last_news_date
AAXJ,47,47,1,SeekingAlpha,47,12,25,10,-0.078153,0.150371,-0.545767,0.127933,0.088235,253,38,181,33,15.0198,18.232,2025-09-18,2026-05-18
ACIO,1,1,1,Benzinga,1,1,0,0,0.058496,0.220131,0.0,0.882314,0.882314,253,1,181,1,0.3953,0.5525,2026-05-07,2026-05-07
ACWI,113,113,3,SeekingAlpha,105,36,58,19,0.112179,0.069734,0.0,0.255312,0.085814,253,88,181,82,34.7826,45.3039,2025-09-16,2026-05-22
ACWV,66,66,2,SeekingAlpha,65,17,35,14,-0.001869,0.099045,-0.229891,0.212998,0.090567,253,59,181,57,23.3202,31.4917,2025-09-18,2026-05-20
ACWX,101,101,3,SeekingAlpha,78,35,45,21,0.180704,0.12306,-0.01446,0.457332,0.098219,253,76,181,71,30.0395,39.2265,2025-09-16,2026-05-19
AIA,48,48,3,SeekingAlpha,44,13,25,10,-0.041137,0.213207,-0.545767,0.215895,0.144031,253,42,181,38,16.6008,20.9945,2025-09-18,2026-05-18
AIQ,447,447,3,SeekingAlpha,322,135,230,82,0.146861,0.126494,-0.007131,0.546631,0.078826,253,180,181,149,71.1462,82.3204,2025-09-12,2026-05-22
AIRR,98,98,3,SeekingAlpha,91,41,31,26,0.107109,0.152883,-0.132386,0.640034,0.237505,253,84,181,70,33.2016,38.674,2025-09-15,2026-05-22
AKRE,18,18,2,SeekingAlpha,10,6,7,5,0.144883,0.156615,-0.239094,0.35626,-0.239094,253,17,181,17,6.7194,9.3923,2025-10-21,2026-05-22
AMLP,337,337,3,SeekingAlpha,315,65,238,34,0.078935,0.060445,0.0,0.251502,0.045675,253,184,181,148,72.7273,81.768,2025-09-12,2026-05-22
APUE,0,0,0,,0,0,0,0,0.0,0.0,0.0,0.0,0.0,253,0,181,0,0.0,0.0,,
ARKK,2314,2314,3,SeekingAlpha,2085,508,1032,774,-0.106355,0.024741,-0.159775,-0.021575,-0.105091,253,253,181,181,100.0,100.0,2025-09-12,2026-05-22
ARKQ,404,404,3,SeekingAlpha,304,115,230,59,0.135765,0.099425,-0.231196,0.464195,0.060674,253,189,181,159,74.7036,87.8453,2025-09-12,2026-05-22
ARKW,276,276,3,Benzinga,103,81,130,65,0.122197,0.160964,-0.024283,0.68266,0.056216,253,152,181,138,60.0791,76.2431,2025-09-15,2026-05-21
ARTY,329,329,3,SeekingAlpha,291,98,190,41,0.098621,0.070356,-0.308262,0.237981,0.147471,253,169,181,140,66.7984,77.3481,2025-09-12,2026-05-22
ASHR,224,224,2,SeekingAlpha,223,76,87,61,0.010957,0.128707,-0.73281,0.129905,-0.028652,253,139,181,103,54.9407,56.9061,2025-09-13,2026-05-21
AVDE,48,48,3,SeekingAlpha,37,12,25,11,0.070863,0.100346,-0.117502,0.315561,-0.060298,253,43,181,41,16.996,22.6519,2025-09-15,2026-05-19
AVDV,38,38,2,SeekingAlpha,32,11,21,6,0.101631,0.148344,-0.319233,0.399989,0.112611,253,34,181,30,13.4387,16.5746,2025-09-22,2026-05-18
AVEM,102,102,3,SeekingAlpha,95,35,49,18,0.209048,0.117476,0.0,0.41442,0.076748,253,81,181,67,32.0158,37.0166,2025-09-17,2026-05-21
AVLV,21,21,2,Yahoo,14,9,12,0,0.377016,0.263353,0.0,0.882774,0.305543,253,21,181,18,8.3004,9.9448,2025-09-30,2026-05-06
AVSC,1,1,1,SeekingAlpha,1,1,0,0,0.136922,0.320953,0.0,0.885101,0.885101,253,1,181,1,0.3953,0.5525,2026-04-15,2026-04-15
AVUS,25,25,2,SeekingAlpha,22,10,9,6,0.072721,0.290166,-0.946298,0.47356,0.167898,253,24,181,17,9.4862,9.3923,2025-09-16,2026-05-09
AVUV,1796,1796,3,SeekingAlpha,1784,357,800,639,-0.146389,0.025218,-0.244851,-0.066314,-0.131837,253,252,181,181,99.6047,100.0,2025-09-12,2026-05-22
BAFE,0,0,0,,0,0,0,0,0.0,0.0,0.0,0.0,0.0,253,0,181,0,0.0,0.0,,
BAI,32,32,3,SeekingAlpha,19,9,19,4,0.182114,0.099892,-0.019804,0.419158,0.061018,253,30,181,28,11.8577,15.4696,2025-09-12,2026-05-13
BBAX,40,40,1,SeekingAlpha,40,9,21,10,-0.130534,0.19557,-0.612565,0.129098,0.103133,253,35,181,31,13.834,17.1271,2025-09-18,2026-05-18
BBCA,139,139,1,SeekingAlpha,139,33,62,44,-0.112042,0.134987,-0.732313,0.005077,-0.041794,253,100,181,73,39.5257,40.3315,2025-09-12,2026-05-21
BBEU,422,422,3,SeekingAlpha,414,110,187,125,-0.048955,0.13333,-0.728679,0.092477,-0.133196,253,192,181,157,75.8893,86.7403,2025-09-12,2026-05-22
BBIN,34,34,1,SeekingAlpha,34,6,19,9,-0.071381,0.162662,-0.534234,0.271854,-0.106462,253,31,181,30,12.253,16.5746,2025-09-22,2026-05-19
BBJP,399,399,3,SeekingAlpha,250,79,136,184,-0.211682,0.112951,-0.807583,-0.107167,-0.231063,253,171,181,138,67.5889,76.2431,2025-09-12,2026-05-22
BBMC,312,312,2,SeekingAlpha,307,100,116,96,0.026478,0.173793,-0.111549,0.937118,-0.018813,253,176,181,131,69.5652,72.3757,2025-09-12,2026-05-22
BBUS,19,19,1,SeekingAlpha,19,7,5,7,-0.0068,0.26843,-0.946298,0.499678,0.025023,253,19,181,15,7.5099,8.2873,2025-09-16,2026-04-13
BDVL,1,1,1,Benzinga,1,0,1,0,0.0,0.0,0.0,0.0,0.0,253,1,181,1,0.3953,0.5525,2025-09-16,2025-09-16
BDYN,1,1,1,Benzinga,1,0,1,0,0.0,0.0,0.0,0.0,0.0,253,1,181,1,0.3953,0.5525,2025-09-16,2025-09-16
BGIG,0,0,0,,0,0,0,0,0.0,0.0,0.0,0.0,0.0,253,0,181,0,0.0,0.0,,
BIZD,407,407,3,SeekingAlpha,393,44,289,74,-0.095028,0.056135,-0.313571,0.0,-0.072092,253,208,181,157,82.2134,86.7403,2025-09-12,2026-05-22
BKLC,23,23,2,SeekingAlpha,19,8,9,6,0.021647,0.27086,-0.946298,0.397247,0.049265,253,22,181,18,8.6957,9.9448,2025-09-16,2026-04-13
BLCR,5,5,2,Benzinga,3,5,0,0,0.410776,0.405137,0.0,0.905564,0.885637,253,5,181,5,1.9763,2.7624,2026-01-14,2026-04-29
BOTZ,307,307,3,SeekingAlpha,267,93,181,33,0.154163,0.096712,-0.308262,0.455568,0.138136,253,156,181,127,61.6601,70.1657,2025-09-12,2026-05-22
BSVO,1,1,1,Benzinga,1,1,0,0,0.152204,0.349423,0.0,0.949963,0.949963,253,1,181,1,0.3953,0.5525,2026-04-14,2026-04-14
CALF,97,97,3,SeekingAlpha,85,50,35,12,0.365046,0.136176,0.189642,0.950688,0.395756,253,76,181,67,30.0395,37.0166,2025-09-12,2026-05-19
CGCV,3,3,1,SeekingAlpha,3,2,0,1,0.537952,0.409045,-0.139347,0.829937,-0.139347,253,3,181,3,1.1858,1.6575,2025-10-28,2026-04-17
CGDG,18,18,1,SeekingAlpha,18,2,15,1,0.018557,0.043042,0.0,0.197281,0.04444,253,18,181,8,7.1146,4.4199,2025-11-01,2026-05-02
CGDV,58,58,3,SeekingAlpha,44,19,36,3,0.206404,0.102275,0.0,0.549637,0.206866,253,54,181,52,21.3439,28.7293,2025-09-16,2026-05-12
CGGE,0,0,0,,0,0,0,0,0.0,0.0,0.0,0.0,0.0,253,0,181,0,0.0,0.0,,
CGGO,1,1,1,SeekingAlpha,1,0,1,0,0.0,0.0,0.0,0.0,0.0,253,1,181,0,0.3953,0.0,2026-04-12,2026-04-12
CGGR,27,27,3,SeekingAlpha,20,9,17,1,0.195642,0.122161,0.0,0.464591,0.241425,253,27,181,24,10.6719,13.2597,2025-10-13,2026-05-20
CGIC,3,3,1,SeekingAlpha,3,1,2,0,0.26001,0.302843,0.0,0.775898,0.134266,253,3,181,2,1.1858,1.105,2025-11-29,2026-02-24
CGIE,0,0,0,,0,0,0,0,0.0,0.0,0.0,0.0,0.0,253,0,181,0,0.0,0.0,,
CGMM,4,4,2,SeekingAlpha,3,3,0,1,0.067082,0.629491,-0.78694,0.897535,0.897535,253,4,181,3,1.581,1.6575,2025-10-02,2026-04-29
CGNG,1,1,1,SeekingAlpha,1,0,1,0,0.0,0.0,0.0,0.0,0.0,253,1,181,1,0.3953,0.5525,2026-01-26,2026-01-26
CGUS,4,4,1,SeekingAlpha,4,0,4,0,0.0,0.0,0.0,0.0,0.0,253,4,181,3,1.581,1.6575,2025-10-26,2026-03-06
CGXU,0,0,0,,0,0,0,0,0.0,0.0,0.0,0.0,0.0,253,0,181,0,0.0,0.0,,
CHAT,53,53,3,SeekingAlpha,24,21,27,5,0.242781,0.077888,0.0,0.543457,0.180163,253,45,181,34,17.7866,18.7845,2025-09-18,2026-05-18
CIBR,130,130,3,SeekingAlpha,84,42,66,22,0.155526,0.110759,-0.026285,0.475501,0.154398,253,103,181,94,40.7115,51.9337,2025-09-12,2026-05-21
COPX,276,276,3,SeekingAlpha,200,99,87,90,0.019794,0.096758,-0.266936,0.454783,-0.038967,253,166,181,133,65.6126,73.4807,2025-09-12,2026-05-22
CORO,2,2,2,Yahoo,1,1,1,0,0.084985,0.19921,0.0,0.549365,0.549365,253,2,181,2,0.7905,1.105,2026-03-18,2026-04-15
COWG,6,6,3,SeekingAlpha,3,2,2,2,0.102472,0.227859,-0.391223,0.504548,-0.009754,253,6,181,6,2.3715,3.3149,2025-09-17,2026-05-04
COWZ,35,35,3,SeekingAlpha,19,11,21,3,0.135149,0.112833,-0.074412,0.350042,0.338661,253,34,181,30,13.4387,16.5746,2025-09-25,2026-05-14
CQQQ,246,246,3,SeekingAlpha,226,84,94,68,0.011194,0.138939,-0.73281,0.162004,0.01648,253,146,181,110,57.7075,60.7735,2025-09-13,2026-05-21
CWI,43,43,1,SeekingAlpha,43,9,23,11,-0.060485,0.138123,-0.409214,0.232221,-0.08908,253,35,181,33,13.834,18.232,2025-09-22,2026-05-19
DBEF,47,47,1,SeekingAlpha,47,10,25,12,-0.05884,0.123943,-0.337661,0.191307,-0.121717,253,41,181,40,16.2055,22.0994,2025-09-22,2026-05-19
DCOR,0,0,0,,0,0,0,0,0.0,0.0,0.0,0.0,0.0,253,0,181,0,0.0,0.0,,
DEM,27,27,3,SeekingAlpha,19,9,17,1,0.15811,0.120581,0.0,0.37192,0.276621,253,24,181,21,9.4862,11.6022,2025-09-15,2026-05-21
DES,89,89,3,SeekingAlpha,79,41,36,12,0.318271,0.148339,0.19791,0.950688,0.291484,253,74,181,64,29.249,35.3591,2025-09-12,2026-05-19
DFAC,7,7,3,Yahoo,3,3,4,0,0.247577,0.181809,0.0,0.610371,0.610371,253,6,181,4,2.3715,2.2099,2025-10-08,2026-04-13
DFAE,1,1,1,Yahoo,1,1,0,0,0.497149,0.458792,0.0,0.918204,0.918204,253,1,181,1,0.3953,0.5525,2026-01-07,2026-01-07
DFAI,47,47,3,SeekingAlpha,34,13,23,11,0.06191,0.083771,-0.134208,0.330353,-0.026348,253,40,181,39,15.8103,21.547,2025-09-22,2026-05-19
DFAR,11,11,1,SeekingAlpha,11,0,10,1,-0.12134,0.133914,-0.448257,0.0,0.0,253,10,181,10,3.9526,5.5249,2025-09-16,2026-05-21
DFAS,78,78,1,SeekingAlpha,78,36,31,11,0.304176,0.156737,0.119387,0.950688,0.280647,253,65,181,56,25.6917,30.9392,2025-09-12,2026-05-19
DFAT,6,6,2,SeekingAlpha,4,2,4,0,0.101012,0.164264,0.0,0.600807,0.390781,253,6,181,6,2.3715,3.3149,2025-11-12,2026-05-19
DFAU,20,20,2,SeekingAlpha,18,7,7,6,0.036296,0.21026,-0.946298,0.475757,0.024152,253,20,181,16,7.9051,8.8398,2025-09-16,2026-04-13
DFAX,2,2,2,SeekingAlpha,1,1,0,1,0.028526,0.206692,-0.21959,0.698189,-0.21959,253,2,181,2,0.7905,1.105,2026-04-06,2026-04-24
DFEM,0,0,0,,0,0,0,0,0.0,0.0,0.0,0.0,0.0,253,0,181,0,0.0,0.0,,
DFEV,92,92,2,SeekingAlpha,91,28,47,17,0.157976,0.114711,-0.007383,0.336041,0.026461,253,76,181,65,30.0395,35.9116,2025-09-17,2026-05-21
DFGR,10,10,2,Benzinga,6,1,6,3,-0.14104,0.169072,-0.639053,0.0,-0.280516,253,9,181,9,3.5573,4.9724,2025-09-16,2026-05-14
DFIC,1,1,1,SeekingAlpha,1,1,0,0,0.135009,0.276508,0.0,0.698189,0.698189,253,1,181,1,0.3953,0.5525,2026-04-06,2026-04-06
DFIS,1,1,1,SeekingAlpha,1,0,1,0,0.0,0.0,0.0,0.0,0.0,253,1,181,1,0.3953,0.5525,2026-01-05,2026-01-05
DFIV,29,29,3,SeekingAlpha,16,12,16,1,0.324555,0.103147,0.0,0.525873,0.266003,253,26,181,24,10.2767,13.2597,2025-09-18,2026-05-15
DFLV,3,3,1,Yahoo,3,1,2,0,0.080069,0.196698,0.0,0.842528,0.245863,253,3,181,3,1.1858,1.6575,2026-04-07,2026-04-30
DFSU,0,0,0,,0,0,0,0,0.0,0.0,0.0,0.0,0.0,253,0,181,0,0.0,0.0,,
DFSV,8,8,1,SeekingAlpha,8,2,5,1,0.076935,0.127184,-0.176183,0.314816,0.131867,253,8,181,7,3.1621,3.8674,2025-09-12,2026-03-05
DFUS,2,2,2,Yahoo,1,0,2,0,0.0,0.0,0.0,0.0,0.0,253,2,181,2,0.7905,1.105,2025-09-18,2025-10-13
DFUV,0,0,0,,0,0,0,0,0.0,0.0,0.0,0.0,0.0,253,0,181,0,0.0,0.0,,
DGRO,97,97,3,SeekingAlpha,86,20,70,7,0.095858,0.117151,-0.023231,0.802411,0.092719,253,78,181,62,30.83,34.2541,2025-09-23,2026-05-22
DGRW,55,55,3,SeekingAlpha,52,19,25,11,0.015766,0.274586,-0.946298,0.217595,0.098832,253,51,181,44,20.1581,24.3094,2025-09-16,2026-05-12
DGS,11,11,2,SeekingAlpha,8,7,4,0,0.433224,0.198474,0.0,0.839159,0.569639,253,11,181,11,4.3478,6.0773,2025-10-21,2026-04-24
DIA,3331,3331,4,SeekingAlpha,2884,575,1655,1101,-0.133655,0.030736,-0.239919,-0.083388,-0.162258,253,252,181,181,99.6047,100.0,2025-09-12,2026-05-22
DIHP,2,2,2,SeekingAlpha,1,1,1,0,0.116331,0.250775,0.0,0.698189,0.275601,253,2,181,2,0.7905,1.105,2026-04-06,2026-05-13
DISV,5,5,2,Yahoo,4,2,3,0,0.22914,0.198233,0.0,0.553377,0.431177,253,5,181,3,1.9763,1.6575,2025-11-12,2026-02-15
DIVI,38,38,1,SeekingAlpha,38,9,20,9,-0.009156,0.118873,-0.306874,0.366291,-0.040302,253,34,181,32,13.4387,17.6796,2025-09-22,2026-05-19
DIVO,70,70,3,SeekingAlpha,45,16,50,4,0.118725,0.054866,0.0,0.226747,0.094262,253,60,181,56,23.7154,30.9392,2025-09-17,2026-05-18
DLN,32,32,2,SeekingAlpha,22,13,19,0,0.268159,0.132849,0.0,0.7139,0.349961,253,29,181,27,11.4625,14.9171,2025-10-16,2026-05-05
DON,311,311,3,SeekingAlpha,302,104,116,91,0.08133,0.167372,-0.074691,0.937118,0.01598,253,176,181,133,69.5652,73.4807,2025-09-12,2026-05-22
DSI,20,20,1,SeekingAlpha,20,8,6,6,0.02752,0.268332,-0.946298,0.484879,0.072797,253,20,181,15,7.9051,8.2873,2025-09-16,2026-04-13
DSTL,19,19,1,SeekingAlpha,19,7,6,6,0.018616,0.266906,-0.946298,0.487977,0.024132,253,19,181,14,7.5099,7.7348,2025-09-16,2026-04-13
DTCR,77,77,3,SeekingAlpha,69,22,47,8,0.168051,0.05143,0.0,0.346301,0.108422,253,60,181,49,23.7154,27.0718,2025-09-17,2026-05-19
DTD,31,31,2,SeekingAlpha,20,10,19,2,0.164061,0.099268,0.0,0.380104,0.19875,253,27,181,24,10.6719,13.2597,2025-09-18,2026-05-12
DUHP,0,0,0,,0,0,0,0,0.0,0.0,0.0,0.0,0.0,253,0,181,0,0.0,0.0,,
DVY,54,54,3,SeekingAlpha,38,16,30,8,0.091852,0.091574,-0.328359,0.286687,0.139262,253,48,181,39,18.9723,21.547,2025-10-15,2026-05-08
DXJ,432,432,3,SeekingAlpha,262,98,148,186,-0.166076,0.122461,-0.807583,-0.052914,-0.138579,253,179,181,145,70.751,80.1105,2025-09-12,2026-05-22
DYNF,39,39,3,SeekingAlpha,31,12,20,7,0.09595,0.212943,-0.946298,0.319096,-0.014195,253,38,181,29,15.0198,16.0221,2025-09-16,2026-05-09
EAGL,4,4,1,Benzinga,4,2,0,2,-0.069265,0.20022,-0.665003,0.142009,0.142009,253,3,181,3,1.1858,1.6575,2026-01-14,2026-05-18
EEM,313,313,3,SeekingAlpha,187,110,122,81,0.175703,0.114543,-0.003728,0.632915,0.075148,253,175,181,149,69.17,82.3204,2025-09-12,2026-05-21
EEMV,0,0,0,,0,0,0,0,0.0,0.0,0.0,0.0,0.0,253,0,181,0,0.0,0.0,,
EFA,108,108,3,SeekingAlpha,93,27,61,20,0.069111,0.113093,-0.154468,0.247072,0.010665,253,84,181,77,33.2016,42.5414,2025-09-12,2026-05-19
EFAV,39,39,1,SeekingAlpha,39,7,23,9,-0.060738,0.140944,-0.456808,0.253718,-0.099544,253,34,181,33,13.4387,18.232,2025-09-12,2026-05-19
EFG,39,39,1,SeekingAlpha,39,5,25,9,-0.069067,0.106178,-0.377695,0.157129,-0.114158,253,36,181,34,14.2292,18.7845,2025-09-16,2026-05-19
EFV,58,58,3,SeekingAlpha,56,11,37,10,0.042086,0.097381,-0.212372,0.248147,0.004547,253,50,181,45,19.7628,24.8619,2025-09-12,2026-05-19
EMGF,7,7,2,SeekingAlpha,4,3,3,1,0.266908,0.238154,-0.03405,0.589319,-0.021787,253,7,181,6,2.7668,3.3149,2025-10-22,2026-05-08
EMLP,45,45,2,SeekingAlpha,44,18,22,5,0.182252,0.114454,0.0,0.548552,0.119192,253,38,181,37,15.0198,20.442,2025-10-03,2026-05-08
EMXC,109,109,3,SeekingAlpha,103,32,57,20,0.180823,0.13268,-0.027923,0.429074,0.02134,253,87,181,75,34.3874,41.4365,2025-09-17,2026-05-21
EPI,201,201,3,SeekingAlpha,177,72,91,38,0.116358,0.153423,-0.966511,0.241845,0.044227,253,127,181,99,50.1976,54.6961,2025-09-13,2026-05-21
EPP,43,43,2,SeekingAlpha,41,11,22,10,-0.120323,0.203716,-0.612565,0.125924,0.125867,253,36,181,32,14.2292,17.6796,2025-09-18,2026-05-18
EQWL,53,53,3,Yahoo,29,25,19,9,0.208084,0.202925,-0.946298,0.475515,0.070661,253,45,181,40,17.7866,22.0994,2025-09-16,2026-05-13
ESGD,50,50,2,SeekingAlpha,47,10,29,11,-0.025568,0.139066,-0.381797,0.247756,-0.08633,253,41,181,40,16.2055,22.0994,2025-09-22,2026-05-19
ESGE,96,96,1,SeekingAlpha,96,28,49,19,0.159124,0.136381,-0.039801,0.41442,-0.000998,253,76,181,65,30.0395,35.9116,2025-09-17,2026-05-21
ESGU,30,30,2,SeekingAlpha,25,10,12,8,0.031716,0.209857,-0.946298,0.260318,-0.056226,253,28,181,23,11.0672,12.7072,2025-09-16,2026-04-13
ESGV,19,19,1,SeekingAlpha,19,7,6,6,0.01915,0.267092,-0.946298,0.484879,0.02407,253,19,181,14,7.5099,7.7348,2025-09-16,2026-04-13
ESML,75,75,2,SeekingAlpha,74,34,29,12,0.296633,0.159215,0.135639,0.950688,0.247735,253,61,181,54,24.1107,29.8343,2025-09-12,2026-05-19
EUFN,121,121,2,SeekingAlpha,112,16,69,36,0.063524,0.22476,-0.179147,0.888995,-0.177957,253,72,181,67,28.4585,37.0166,2025-09-15,2026-05-22
EUSA,27,27,2,SeekingAlpha,21,12,8,7,0.086668,0.274739,-0.946298,0.489334,0.13271,253,26,181,22,10.2767,12.1547,2025-09-16,2026-05-11
EWC,280,280,2,SeekingAlpha,153,59,141,80,-0.075815,0.097451,-0.712025,0.020371,0.015652,253,156,181,122,61.6601,67.4033,2025-09-12,2026-05-21
EWJ,554,554,3,SeekingAlpha,287,138,210,206,-0.131247,0.131272,-0.807583,-0.028862,-0.061503,253,191,181,155,75.4941,85.6354,2025-09-12,2026-05-22
EWL,26,26,2,Benzinga,18,8,13,5,0.065914,0.128706,-0.152458,0.278723,-0.152458,253,21,181,20,8.3004,11.0497,2025-09-16,2026-05-08
EWP,50,50,3,SeekingAlpha,33,14,21,15,0.12207,0.247858,-0.243602,0.911738,-0.119594,253,44,181,40,17.3913,22.0994,2025-09-12,2026-05-22
EWT,281,281,3,SeekingAlpha,239,94,117,70,0.019321,0.10797,-0.73281,0.144437,0.002626,253,151,181,115,59.6838,63.5359,2025-09-13,2026-05-21
EWU,453,453,3,SeekingAlpha,230,71,146,236,-0.155855,0.056347,-0.373889,0.0,-0.212169,253,167,181,135,66.0079,74.5856,2025-09-12,2026-05-22
EWW,66,66,2,Benzinga,39,20,36,10,0.132725,0.104398,-0.021327,0.491694,0.121013,253,55,181,51,21.7391,28.1768,2025-09-12,2026-05-20
EWY,231,231,3,SeekingAlpha,115,81,93,57,0.087303,0.226769,-0.966511,0.268353,0.104535,253,123,181,115,48.6166,63.5359,2025-09-13,2026-05-22
EWZ,126,126,3,SeekingAlpha,66,41,61,24,0.045202,0.158342,-0.966511,0.165685,0.028267,253,85,181,78,33.5968,43.0939,2025-09-13,2026-05-22
EZU,432,432,3,SeekingAlpha,428,112,189,131,-0.057442,0.132056,-0.728679,0.090888,-0.139648,253,191,181,155,75.4941,85.6354,2025-09-12,2026-05-22
FAS,104,104,3,Yahoo,97,58,6,40,0.158739,0.136461,-0.017103,0.72627,0.151809,253,53,181,51,20.9486,28.1768,2025-09-12,2026-04-21
FBCG,23,23,3,SeekingAlpha,11,9,9,5,0.07954,0.077812,0.0,0.222011,0.205433,253,22,181,21,8.6957,11.6022,2025-10-09,2026-05-11
FBT,51,51,3,SeekingAlpha,39,20,22,9,0.212125,0.148707,-0.283631,0.511127,0.036077,253,47,181,38,18.5771,20.9945,2025-09-12,2026-05-21
FCOM,21,21,3,SeekingAlpha,10,9,9,3,0.193465,0.188846,-0.008839,0.756046,0.248243,253,20,181,19,7.9051,10.4972,2025-10-09,2026-05-21
FDIS,121,121,3,SeekingAlpha,107,46,34,41,-0.102216,0.117418,-0.621426,0.207173,0.182591,253,80,181,66,31.6206,36.4641,2025-09-12,2026-05-22
FDL,62,62,3,SeekingAlpha,36,23,29,10,0.099478,0.098434,-0.13374,0.352243,0.135642,253,52,181,43,20.5534,23.7569,2025-09-23,2026-05-21
FDN,153,153,3,SeekingAlpha,73,44,74,35,0.006417,0.117774,-0.475223,0.145678,0.053051,253,113,181,104,44.664,57.4586,2025-09-15,2026-05-19
FDVV,57,57,2,SeekingAlpha,49,17,34,6,0.126512,0.089186,-0.04814,0.449849,0.257276,253,53,181,49,20.9486,27.0718,2025-09-18,2026-05-05
FEGE,5,5,2,SeekingAlpha,4,4,1,0,0.695273,0.118855,0.0,0.878894,0.600879,253,5,181,5,1.9763,2.7624,2025-09-16,2026-02-04
FELC,6,6,2,SeekingAlpha,5,2,4,0,0.090056,0.099302,0.0,0.3991,0.3991,253,5,181,4,1.9763,2.2099,2025-09-18,2026-05-05
FELG,3,3,1,SeekingAlpha,3,2,1,0,0.649505,0.366131,0.0,0.961287,0.21892,253,3,181,3,1.1858,1.6575,2025-10-14,2026-03-31
FELV,0,0,0,,0,0,0,0,0.0,0.0,0.0,0.0,0.0,253,0,181,0,0.0,0.0,,
FENI,3,3,2,SeekingAlpha,2,3,0,0,0.515065,0.313673,0.0,0.79994,0.79994,253,3,181,3,1.1858,1.6575,2025-11-18,2026-03-04
FENY,98,98,3,SeekingAlpha,72,23,57,18,0.074035,0.091475,-0.049746,0.454401,0.00528,253,80,181,72,31.6206,39.779,2025-09-12,2026-05-21
FESM,8,8,2,Yahoo,4,5,3,0,0.512289,0.236899,0.0,0.950073,0.492047,253,8,181,7,3.1621,3.8674,2025-09-29,2026-05-12
FEZ,458,458,3,SeekingAlpha,442,120,201,137,-0.0487,0.119719,-0.587171,0.109861,-0.135248,253,197,181,160,77.8656,88.3978,2025-09-12,2026-05-22
FHLC,51,51,3,SeekingAlpha,43,13,29,9,0.159985,0.133683,-0.283631,0.447056,-0.070112,253,46,181,35,18.1818,19.337,2025-09-12,2026-05-21
FIDU,101,101,2,SeekingAlpha,97,39,36,26,0.066813,0.147562,-0.200898,0.632543,0.188617,253,87,181,69,34.3874,38.1215,2025-09-15,2026-05-22
FIW,14,14,3,SeekingAlpha,8,3,9,2,-0.050286,0.211038,-0.389119,0.258593,0.105105,253,14,181,10,5.5336,5.5249,2025-09-25,2026-05-15
FLIN,107,107,3,SeekingAlpha,95,46,40,21,0.148748,0.221282,-0.966511,0.320026,0.147563,253,90,181,65,35.5731,35.9116,2025-09-13,2026-05-21
FLJP,252,252,2,SeekingAlpha,250,79,98,75,-0.032122,0.144647,-0.858706,0.087806,-0.085129,253,151,181,116,59.6838,64.0884,2025-09-13,2026-05-22
FLQL,25,25,3,SeekingAlpha,18,10,9,6,0.078322,0.265279,-0.946298,0.414067,0.068941,253,25,181,21,9.8814,11.6022,2025-09-16,2026-04-13
FLQM,315,315,3,SeekingAlpha,308,103,116,96,0.035553,0.159909,-0.106894,0.937118,-0.014463,253,177,181,132,69.9605,72.9282,2025-09-12,2026-05-22
FLTW,227,227,2,SeekingAlpha,226,78,86,63,-0.040185,0.225827,-0.896461,0.147471,-0.006652,253,137,181,101,54.1502,55.8011,2025-09-13,2026-05-21
FMDE,1,1,1,SeekingAlpha,1,1,0,0,0.329908,0.256632,0.0,0.528436,0.528436,253,1,181,1,0.3953,0.5525,2025-12-17,2025-12-17
FNCL,32,32,2,SeekingAlpha,28,8,17,7,-0.025759,0.10061,-0.292452,0.160167,0.095779,253,26,181,21,10.2767,11.6022,2025-10-10,2026-05-18
FNDA,101,101,3,SeekingAlpha,80,42,43,16,0.228917,0.135459,0.091307,0.950688,0.254088,253,82,181,74,32.4111,40.884,2025-09-12,2026-05-20
FNDC,28,28,2,SeekingAlpha,26,6,16,6,0.019067,0.121918,-0.337006,0.29047,-0.054053,253,26,181,24,10.2767,13.2597,2025-09-22,2026-05-18
FNDE,10,10,2,SeekingAlpha,8,2,6,2,0.032633,0.290499,-0.523832,0.406618,-0.024287,253,10,181,9,3.9526,4.9724,2025-10-03,2026-05-08
FNDF,62,62,3,SeekingAlpha,50,17,34,11,0.055677,0.091134,-0.252379,0.266409,0.082389,253,55,181,52,21.7391,28.7293,2025-09-22,2026-05-22
FNDX,27,27,2,SeekingAlpha,18,10,16,1,0.235261,0.123979,0.0,0.513465,0.291838,253,24,181,22,9.4862,12.1547,2025-09-22,2026-05-05
FNGU,11,11,2,Benzinga,6,3,2,6,-0.214561,0.237372,-0.668387,0.0,-0.299191,253,10,181,9,3.9526,4.9724,2025-10-08,2026-04-08
FRDM,100,100,3,SeekingAlpha,96,33,50,17,0.189923,0.124983,0.0,0.41442,0.052676,253,79,181,66,31.2253,36.4641,2025-09-17,2026-05-21
FSMD,310,310,1,SeekingAlpha,310,100,115,95,0.039141,0.170598,-0.101818,0.937118,-0.014835,253,175,181,130,69.17,71.8232,2025-09-12,2026-05-22
FTCS,24,24,2,SeekingAlpha,18,7,10,7,-0.004758,0.191587,-0.946298,0.390062,-0.059307,253,24,181,19,9.4862,10.4972,2025-09-16,2026-04-13
FTEC,140,140,3,SeekingAlpha,86,32,79,29,-0.064215,0.152914,-0.70646,0.056342,-0.030254,253,108,181,98,42.6877,54.1436,2025-09-14,2026-05-19
FTHI,12,12,3,SeekingAlpha,9,4,7,1,0.211113,0.16146,0.0,0.467086,0.050585,253,11,181,11,4.3478,6.0773,2025-09-23,2026-04-24
FTXL,159,159,3,SeekingAlpha,112,62,80,17,0.23668,0.113033,0.0,0.853412,0.213046,253,113,181,99,44.664,54.6961,2025-09-23,2026-05-22
FUTY,46,46,2,SeekingAlpha,34,18,24,4,0.319692,0.181216,0.0,0.649317,0.01655,253,40,181,36,15.8103,19.8895,2025-09-19,2026-05-19
FV,4,4,1,SeekingAlpha,4,0,3,1,-0.060844,0.100141,-0.224751,0.0,-0.224751,253,4,181,4,1.581,2.2099,2026-01-21,2026-03-17
FVD,23,23,2,SeekingAlpha,17,7,15,1,0.18741,0.099825,0.0,0.414544,0.248377,253,22,181,21,8.6957,11.6022,2025-09-16,2026-05-22
FWD,8,8,2,SeekingAlpha,4,2,4,2,0.194912,0.31585,-0.187187,0.825165,-0.187187,253,8,181,8,3.1621,4.4199,2025-09-15,2026-05-22
FXI,612,612,3,Benzinga,366,155,297,160,-0.007427,0.080475,-0.526572,0.076457,-0.038474,253,194,181,154,76.6798,85.0829,2025-09-13,2026-05-22
GARP,22,22,3,SeekingAlpha,19,5,15,2,0.069829,0.052604,0.0,0.178848,0.178848,253,21,181,20,8.3004,11.0497,2025-09-19,2026-05-07
GCOW,65,65,1,SeekingAlpha,65,18,33,14,0.015712,0.09669,-0.229891,0.234636,0.103645,253,58,181,56,22.9249,30.9392,2025-09-18,2026-05-20
GDX,378,378,3,SeekingAlpha,214,126,167,85,0.151137,0.071126,0.0,0.335492,0.005344,253,185,181,156,73.1225,86.1878,2025-09-12,2026-05-22
GDXJ,169,169,3,SeekingAlpha,108,68,70,31,0.207721,0.105883,0.0,0.562505,0.105523,253,112,181,99,44.2688,54.6961,2025-09-14,2026-05-20
GNR,23,23,3,Benzinga,14,6,9,8,-0.065947,0.123087,-0.382909,0.196884,-0.054771,253,21,181,16,8.3004,8.8398,2025-12-20,2026-05-06
GPIQ,112,112,3,SeekingAlpha,102,19,90,3,0.134601,0.079889,0.054337,0.928209,0.136086,253,92,181,69,36.3636,38.1215,2025-09-12,2026-05-20
GPIX,73,73,3,SeekingAlpha,71,12,54,7,0.087351,0.08376,-0.047744,0.300184,0.0159,253,62,181,54,24.5059,29.8343,2025-09-15,2026-05-19
GRID,42,42,3,SeekingAlpha,33,9,26,7,0.026933,0.081615,-0.103776,0.261089,0.059603,253,38,181,32,15.0198,17.6796,2025-09-17,2026-05-21
GRNY,32,32,3,Yahoo,16,13,18,1,0.245794,0.159258,-0.070256,0.458988,0.359506,253,28,181,26,11.0672,14.3646,2025-09-29,2026-04-16
GSEW,28,28,3,SeekingAlpha,18,7,12,9,-0.009565,0.197979,-0.516916,0.270471,-0.173938,253,26,181,22,10.2767,12.1547,2025-09-16,2026-04-27
GSIE,49,49,2,SeekingAlpha,48,11,27,11,-0.0342,0.138792,-0.381797,0.23706,-0.105759,253,42,181,41,16.6008,22.6519,2025-09-22,2026-05-19
GSLC,24,24,2,SeekingAlpha,20,7,9,8,-0.075017,0.231978,-0.946298,0.274998,-0.096944,253,24,181,20,9.4862,11.0497,2025-09-16,2026-04-23
GSUS,16,16,1,SeekingAlpha,16,6,4,6,-0.000332,0.268921,-0.946298,0.425684,-0.062339,253,16,181,12,6.3241,6.6298,2025-09-16,2026-04-13
GSWO,2,2,1,Yahoo,2,0,2,0,0.0,0.0,0.0,0.0,0.0,253,2,181,2,0.7905,1.105,2026-01-30,2026-04-17
GUNR,3,3,2,SeekingAlpha,2,1,2,0,0.132727,0.101631,0.0,0.321845,0.219184,253,3,181,2,1.1858,1.105,2025-10-01,2025-12-20
GUSA,2,2,1,Yahoo,2,0,2,0,0.0,0.0,0.0,0.0,0.0,253,2,181,2,0.7905,1.105,2026-02-04,2026-04-06
HACK,169,169,3,SeekingAlpha,115,49,82,38,0.134968,0.133725,-0.048661,0.475501,0.068061,253,112,181,99,44.2688,54.6961,2025-09-12,2026-05-22
HDEF,35,35,1,SeekingAlpha,35,8,20,7,-0.036336,0.161913,-0.534234,0.190184,0.015043,253,31,181,29,12.253,16.0221,2025-09-22,2026-05-18
HDV,62,62,3,SeekingAlpha,47,20,32,10,-0.023529,0.204789,-0.960886,0.266864,0.189477,253,51,181,39,20.1581,21.547,2025-09-18,2026-05-21
HEDJ,423,423,2,SeekingAlpha,421,110,186,127,-0.050502,0.136226,-0.728679,0.101439,-0.142357,253,192,181,157,75.8893,86.7403,2025-09-12,2026-05-22
HEFA,47,47,1,SeekingAlpha,47,10,25,12,-0.05884,0.123943,-0.337661,0.191307,-0.121717,253,41,181,40,16.2055,22.0994,2025-09-22,2026-05-19
HELO,5,5,2,SeekingAlpha,4,2,3,0,0.347029,0.242706,0.0,0.603743,0.084847,253,5,181,4,1.9763,2.2099,2025-10-11,2026-05-04
HFXI,45,45,1,SeekingAlpha,45,9,24,12,-0.088632,0.126171,-0.381797,0.158109,-0.133809,253,39,181,38,15.415,20.9945,2025-09-22,2026-05-19
IAI,35,35,3,SeekingAlpha,21,14,14,7,0.200647,0.179074,0.0,0.929151,0.139503,253,32,181,30,12.6482,16.5746,2025-10-03,2026-05-18
IBB,162,162,3,Yahoo,77,72,43,47,0.177633,0.094585,-0.082567,0.515681,-0.076654,253,118,181,104,46.6403,57.4586,2025-09-12,2026-05-21
ICF,204,204,2,SeekingAlpha,202,62,66,76,-0.101343,0.092347,-0.563634,0.030771,-0.029916,253,140,181,93,55.336,51.3812,2025-09-14,2026-05-21
ICLN,93,93,3,Benzinga,40,43,32,18,0.298935,0.174495,0.0,0.850232,0.095317,253,75,181,67,29.6443,37.0166,2025-09-15,2026-05-11
ICOW,27,27,1,SeekingAlpha,27,5,15,7,-0.075142,0.152859,-0.534234,0.216457,-0.112193,253,24,181,23,9.4862,12.7072,2025-09-22,2026-05-18
IDEF,8,8,2,SeekingAlpha,4,3,4,1,-0.012724,0.14094,-0.34187,0.438488,0.438488,253,8,181,7,3.1621,3.8674,2025-09-29,2026-05-22
IDEV,60,60,3,SeekingAlpha,57,13,35,12,0.016222,0.108572,-0.260447,0.247738,-0.042414,253,49,181,47,19.3676,25.9669,2025-09-22,2026-05-19
IDMO,45,45,2,SeekingAlpha,44,7,29,9,-0.043741,0.09325,-0.346522,0.11946,-0.06817,253,42,181,40,16.6008,22.0994,2025-09-12,2026-05-19
IDU,55,55,3,SeekingAlpha,42,20,29,6,0.275486,0.171595,0.0,0.659638,0.019441,253,44,181,38,17.3913,20.9945,2025-09-15,2026-05-19
IDV,60,60,3,SeekingAlpha,48,20,29,11,0.037213,0.132702,-0.442879,0.218035,0.173007,253,53,181,50,20.9486,27.6243,2025-09-22,2026-05-19
IEFA,84,84,3,SeekingAlpha,59,19,54,11,0.057735,0.071394,-0.121651,0.200289,0.051062,253,69,181,59,27.2727,32.5967,2025-09-22,2026-05-21
IEMG,168,168,3,SeekingAlpha,120,55,85,28,0.154129,0.096596,-0.391873,0.320243,0.119038,253,111,181,94,43.8735,51.9337,2025-09-12,2026-05-21
IEUR,433,433,3,SeekingAlpha,426,113,190,130,-0.048128,0.133812,-0.728679,0.096177,-0.12883,253,192,181,156,75.8893,86.1878,2025-09-12,2026-05-22
IEV,426,426,2,SeekingAlpha,425,108,187,131,-0.063826,0.12829,-0.728679,0.076213,-0.141392,253,190,181,155,75.0988,85.6354,2025-09-12,2026-05-22
IFRA,60,60,3,SeekingAlpha,46,19,35,6,0.149429,0.104635,-0.121338,0.368621,0.137682,253,47,181,43,18.5771,23.7569,2025-09-18,2026-05-21
IGF,46,46,2,SeekingAlpha,44,6,30,10,-0.164118,0.139114,-0.835662,0.042819,-0.049972,253,37,181,34,14.6245,18.7845,2025-09-17,2026-05-05
IGM,219,219,3,Yahoo,96,81,79,59,0.112608,0.118321,-0.026018,0.939105,0.027068,253,138,181,127,54.5455,70.1657,2025-09-12,2026-05-21
IGV,502,502,3,SeekingAlpha,243,154,188,160,0.091697,0.118971,-0.07023,0.630199,-0.004003,253,179,181,155,70.751,85.6354,2025-09-12,2026-05-22
IHDG,44,44,3,SeekingAlpha,35,11,21,12,-0.010918,0.075657,-0.246739,0.301296,-0.007131,253,40,181,39,15.8103,21.547,2025-09-16,2026-05-19
IHI,56,56,3,SeekingAlpha,42,19,26,11,0.136039,0.142781,-0.397598,0.34945,-0.003955,253,49,181,40,19.3676,22.0994,2025-09-12,2026-05-21
IJH,351,351,3,SeekingAlpha,343,115,134,102,0.04845,0.148949,-0.072114,0.937118,-0.00233,253,185,181,137,73.1225,75.6906,2025-09-12,2026-05-22
IJJ,322,322,2,SeekingAlpha,321,109,119,94,0.07316,0.166968,-0.074184,0.937118,0.010708,253,178,181,133,70.3557,73.4807,2025-09-12,2026-05-22
IJK,330,330,2,SeekingAlpha,328,110,123,97,0.047627,0.16707,-0.107486,0.937118,0.017259,253,182,181,134,71.9368,74.0331,2025-09-12,2026-05-22
IJR,186,186,3,SeekingAlpha,146,68,89,29,0.225412,0.138914,0.054807,0.950688,0.110833,253,122,181,105,48.2213,58.011,2025-09-12,2026-05-19
IJS,108,108,3,SeekingAlpha,102,52,40,16,0.311504,0.153482,0.13522,0.950688,0.33955,253,86,181,75,33.9921,41.4365,2025-09-12,2026-05-19
IJT,100,100,2,SeekingAlpha,95,48,39,13,0.319254,0.143495,0.170237,0.950688,0.261164,253,84,181,75,33.2016,41.4365,2025-09-12,2026-05-21
ILCG,2,2,1,SeekingAlpha,2,0,2,0,0.0,0.0,0.0,0.0,0.0,253,2,181,2,0.7905,1.105,2025-10-15,2026-02-09
ILF,28,28,3,SeekingAlpha,22,11,15,2,0.243193,0.144199,-0.041844,0.513777,0.289772,253,25,181,21,9.8814,11.6022,2025-09-15,2026-04-23
ILOW,0,0,0,,0,0,0,0,0.0,0.0,0.0,0.0,0.0,253,0,181,0,0.0,0.0,,
IMCB,316,316,2,SeekingAlpha,312,101,119,96,0.037304,0.171296,-0.09754,0.937118,-0.012017,253,176,181,131,69.5652,72.3757,2025-09-12,2026-05-22
IMCG,309,309,2,SeekingAlpha,307,98,117,94,0.041795,0.175415,-0.10148,0.937118,-0.013262,253,175,181,130,69.17,71.8232,2025-09-12,2026-05-22
IMTM,41,41,1,SeekingAlpha,41,7,25,9,-0.055532,0.121572,-0.453698,0.154753,-0.068737,253,38,181,36,15.0198,19.8895,2025-09-16,2026-05-19
INDA,333,333,3,SeekingAlpha,194,103,165,65,0.063356,0.10078,-0.692774,0.154481,0.067429,253,169,181,141,66.7984,77.9006,2025-09-12,2026-05-21
INFL,79,79,3,SeekingAlpha,71,23,42,14,0.05775,0.07728,-0.229891,0.221002,0.118147,253,64,181,60,25.2964,33.1492,2025-09-18,2026-05-20
INTF,42,42,2,SeekingAlpha,39,11,22,9,0.049768,0.136018,-0.326394,0.303658,-0.062765,253,37,181,35,14.6245,19.337,2025-09-12,2026-05-19
IOO,70,70,2,SeekingAlpha,69,19,35,16,-0.017635,0.082515,-0.229891,0.137894,0.103237,253,60,181,57,23.7154,31.4917,2025-09-18,2026-05-20
IPAC,40,40,2,SeekingAlpha,39,9,22,9,-0.119652,0.205275,-0.612565,0.162253,0.109613,253,36,181,32,14.2292,17.6796,2025-09-18,2026-05-18
IQLT,52,52,2,SeekingAlpha,50,10,32,10,-0.033412,0.098822,-0.325544,0.186173,-0.070494,253,45,181,42,17.7866,23.2044,2025-09-15,2026-05-19
ITA,191,191,3,SeekingAlpha,91,80,78,33,0.373469,0.24517,-0.025901,0.899748,-0.025268,253,123,181,108,48.6166,59.6685,2025-09-13,2026-05-22
ITB,224,224,3,SeekingAlpha,179,70,58,96,-0.133396,0.131563,-0.804815,0.042315,-0.142204,253,152,181,108,60.0791,59.6685,2025-09-15,2026-05-21
ITOT,32,32,3,SeekingAlpha,21,10,17,5,0.104474,0.132471,-0.250953,0.477278,0.099426,253,30,181,25,11.8577,13.8122,2025-09-12,2026-05-07
IUSG,24,24,3,SeekingAlpha,9,13,9,2,0.432697,0.191302,0.0,0.742261,0.287339,253,23,181,22,9.0909,12.1547,2025-09-30,2026-04-25
IUSV,15,15,2,SeekingAlpha,12,6,8,1,0.273357,0.177495,0.0,0.600181,0.317251,253,15,181,14,5.9289,7.7348,2025-10-01,2026-05-05
IVE,140,140,2,SeekingAlpha,130,59,57,24,0.158838,0.108594,-0.141352,0.727034,0.230854,253,99,181,88,39.1304,48.6188,2025-09-15,2026-05-19
IVLU,39,39,3,SeekingAlpha,37,8,24,7,0.074816,0.108498,-0.064165,0.481473,-0.035279,253,35,181,34,13.834,18.7845,2025-09-22,2026-05-18
IVOG,308,308,2,SeekingAlpha,304,97,116,95,0.04298,0.175712,-0.099076,0.937118,-0.022325,253,173,181,129,68.3794,71.2707,2025-09-12,2026-05-22
IVOO,1960,1960,3,SeekingAlpha,1956,405,850,705,-0.139586,0.024005,-0.195836,-0.05704,-0.128538,253,252,181,180,99.6047,99.4475,2025-09-12,2026-05-22
IVV,3911,3911,3,SeekingAlpha,3733,694,1949,1268,-0.128212,0.024085,-0.236235,-0.085235,-0.132045,253,252,181,181,99.6047,100.0,2025-09-12,2026-05-22
IVW,1838,1838,3,SeekingAlpha,1813,373,810,655,-0.145539,0.023487,-0.247285,-0.083492,-0.128498,253,252,181,180,99.6047,99.4475,2025-09-12,2026-05-22
IWB,55,55,3,SeekingAlpha,51,13,31,11,0.006322,0.149477,-0.946298,0.145161,0.002257,253,50,181,43,19.7628,23.7569,2025-09-16,2026-05-14
IWD,95,95,3,SeekingAlpha,77,36,48,11,0.224944,0.108761,-0.098565,0.395661,0.169611,253,77,181,67,30.4348,37.0166,2025-09-12,2026-05-13
IWF,91,91,3,SeekingAlpha,62,33,46,12,0.244341,0.286685,-0.946298,0.611137,0.080488,253,69,181,59,27.2727,32.5967,2025-09-16,2026-05-21
IWL,40,40,2,SeekingAlpha,37,7,14,19,-0.203649,0.115922,-0.846546,0.06814,-0.233724,253,35,181,29,13.834,16.0221,2025-09-16,2026-05-20
IWM,4205,4205,4,SeekingAlpha,3731,853,1970,1382,-0.10302,0.029137,-0.209774,-0.05537,-0.130423,253,252,181,181,99.6047,100.0,2025-09-12,2026-05-22
IWN,1783,1783,3,SeekingAlpha,1780,350,793,640,-0.151783,0.023574,-0.244851,-0.076553,-0.13473,253,251,181,180,99.2095,99.4475,2025-09-12,2026-05-22
IWO,1772,1772,3,SeekingAlpha,1761,348,785,639,-0.15226,0.025154,-0.244851,-0.073639,-0.138409,253,251,181,180,99.2095,99.4475,2025-09-12,2026-05-22
IWP,1962,1962,3,SeekingAlpha,1957,407,851,704,-0.139536,0.023148,-0.192341,-0.058281,-0.125199,253,252,181,180,99.6047,99.4475,2025-09-12,2026-05-22
IWR,1967,1967,2,SeekingAlpha,1963,410,849,708,-0.138726,0.024219,-0.193971,-0.053934,-0.127268,253,252,181,180,99.6047,99.4475,2025-09-12,2026-05-22
IWS,1959,1959,2,SeekingAlpha,1954,408,849,702,-0.136766,0.024725,-0.197219,-0.05704,-0.128238,253,252,181,180,99.6047,99.4475,2025-09-12,2026-05-22
IWV,35,35,1,SeekingAlpha,35,12,15,8,0.053623,0.258642,-0.946298,0.315002,0.182591,253,30,181,23,11.8577,12.7072,2025-09-16,2026-04-22
IWX,18,18,2,SeekingAlpha,15,6,11,1,0.193466,0.116879,0.0,0.43007,0.346543,253,17,181,16,6.7194,8.8398,2025-10-06,2026-05-05
IWY,23,23,3,SeekingAlpha,14,7,15,1,0.197127,0.124915,0.0,0.509289,0.208279,253,22,181,21,8.6957,11.6022,2025-09-15,2026-05-21
IXC,72,72,3,SeekingAlpha,68,21,37,14,0.149921,0.15009,-0.065577,0.454783,-0.037214,253,58,181,50,22.9249,27.6243,2025-09-12,2026-05-20
IXJ,45,45,3,SeekingAlpha,40,15,21,9,0.166017,0.160275,-0.541242,0.345706,-0.022001,253,42,181,34,16.6008,18.7845,2025-09-12,2026-05-21
IXN,114,114,3,SeekingAlpha,80,25,66,23,-0.05625,0.111869,-0.475223,0.066713,0.045991,253,96,181,86,37.9447,47.5138,2025-09-15,2026-05-19
IXUS,60,60,2,SeekingAlpha,58,15,34,11,-0.011941,0.138351,-0.309109,0.212738,0.010442,253,51,181,45,20.1581,24.8619,2025-09-19,2026-05-19
IYE,163,163,3,Yahoo,87,69,45,49,0.097431,0.11662,-0.054063,0.470007,-0.032915,253,121,181,114,47.8261,62.9834,2025-09-12,2026-05-20
IYF,73,73,3,SeekingAlpha,42,25,29,19,0.074808,0.08355,-0.07964,0.359084,0.093166,253,59,181,53,23.3202,29.2818,2025-09-15,2026-05-18
IYG,37,37,3,SeekingAlpha,22,15,15,7,0.224392,0.247294,0.0,0.947865,0.236065,253,32,181,30,12.6482,16.5746,2025-09-18,2026-05-18
IYH,192,192,3,Yahoo,126,98,37,57,0.198467,0.101813,0.022053,0.643194,0.145234,253,148,181,137,58.498,75.6906,2025-09-12,2026-05-21
IYJ,197,197,3,SeekingAlpha,97,85,40,72,0.069081,0.115747,-0.202492,0.632543,0.023786,253,136,181,118,53.7549,65.1934,2025-09-15,2026-05-22
IYM,38,38,2,SeekingAlpha,23,7,27,4,0.107275,0.111846,-0.06144,0.513169,0.032574,253,36,181,32,14.2292,17.6796,2025-09-15,2026-05-19
IYR,242,242,3,SeekingAlpha,228,71,85,86,-0.059857,0.085608,-0.429699,0.099982,-0.053731,253,160,181,112,63.2411,61.8785,2025-09-14,2026-05-21
IYT,81,81,3,SeekingAlpha,48,30,30,21,0.182887,0.230033,-0.155431,0.949354,-0.044757,253,66,181,60,26.087,33.1492,2025-09-12,2026-05-18
IYW,272,272,3,Yahoo,138,101,84,87,0.024999,0.106157,-0.104044,0.939105,0.023786,253,163,181,152,64.4269,83.9779,2025-09-12,2026-05-21
IYY,1755,1755,1,SeekingAlpha,1755,342,764,649,-0.161052,0.024307,-0.304269,-0.085544,-0.14001,253,251,181,180,99.2095,99.4475,2025-09-12,2026-05-22
JAVA,8,8,1,Yahoo,8,2,6,0,0.249744,0.249809,0.0,0.605264,0.0,253,7,181,7,2.7668,3.8674,2025-09-23,2026-01-12
JEMA,89,89,1,SeekingAlpha,89,27,45,17,0.1687,0.13178,-0.007943,0.41442,0.027693,253,71,181,60,28.0632,33.1492,2025-09-17,2026-05-21
JEPI,180,180,3,SeekingAlpha,139,30,140,10,0.063088,0.069672,-0.229933,0.151202,0.081496,253,121,181,96,47.8261,53.0387,2025-09-12,2026-05-19
JEPQ,190,190,3,SeekingAlpha,145,20,160,10,0.046748,0.049848,0.001605,0.464105,0.056443,253,131,181,101,51.7787,55.8011,2025-09-12,2026-05-20
JGLO,4,4,2,Yahoo,2,0,4,0,0.0,0.0,0.0,0.0,0.0,253,4,181,3,1.581,1.6575,2025-12-31,2026-04-12
JGRO,7,7,3,SeekingAlpha,4,4,3,0,0.336675,0.252355,0.0,0.648345,0.648345,253,7,181,5,2.7668,2.7624,2025-11-12,2026-03-07
JHMM,319,319,2,SeekingAlpha,311,105,119,95,0.046905,0.168713,-0.085143,0.937118,-0.006179,253,178,181,133,70.3557,73.4807,2025-09-12,2026-05-22
JIRE,4,4,3,SeekingAlpha,2,1,3,0,0.091841,0.108824,0.0,0.26112,0.150691,253,4,181,3,1.581,1.6575,2026-01-10,2026-03-27
JIVE,10,10,2,SeekingAlpha,9,1,9,0,0.113597,0.149566,0.0,0.427711,0.0,253,9,181,4,3.5573,2.2099,2025-09-27,2026-04-07
JMEE,0,0,0,,0,0,0,0,0.0,0.0,0.0,0.0,0.0,253,0,181,0,0.0,0.0,,
JMOM,9,9,1,SeekingAlpha,9,2,6,1,0.033539,0.085116,-0.068111,0.207163,0.207163,253,9,181,9,3.5573,4.9724,2025-11-05,2026-04-29
JPEF,0,0,0,,0,0,0,0,0.0,0.0,0.0,0.0,0.0,253,0,181,0,0.0,0.0,,
JQUA,38,38,2,SeekingAlpha,33,12,20,6,0.105152,0.102713,-0.145893,0.663811,0.035265,253,33,181,27,13.0435,14.9171,2025-09-15,2026-05-14
JTEK,9,9,3,Yahoo,5,4,5,0,0.247774,0.219385,0.0,0.798068,0.166494,253,8,181,7,3.1621,3.8674,2025-12-10,2026-04-26
KBWB,78,78,3,SeekingAlpha,40,30,36,12,0.184216,0.213968,-0.14558,0.888995,0.21314,253,61,181,54,24.1107,29.8343,2025-09-15,2026-05-18
KLMN,0,0,0,,0,0,0,0,0.0,0.0,0.0,0.0,0.0,253,0,181,0,0.0,0.0,,
KOMP,532,532,2,SeekingAlpha,510,168,249,115,0.09679,0.115792,0.002593,0.676319,0.051845,253,214,181,162,84.585,89.5028,2025-09-12,2026-05-22
KORU,79,79,3,SeekingAlpha,75,35,23,21,0.001135,0.360103,-0.966511,0.43456,0.100192,253,61,181,57,24.1107,31.4917,2025-09-13,2026-05-22
KRE,148,148,3,SeekingAlpha,64,44,55,49,-0.030362,0.139225,-0.889997,0.192117,-0.097917,253,92,181,81,36.3636,44.7514,2025-09-12,2026-05-19
KWEB,270,270,3,SeekingAlpha,239,88,110,72,0.025366,0.09309,-0.552769,0.14147,-0.021698,253,151,181,113,59.6838,62.4309,2025-09-12,2026-05-21
LIT,101,101,3,SeekingAlpha,54,42,39,20,0.166871,0.133886,0.0,0.941136,0.141782,253,76,181,70,30.0395,38.674,2025-09-18,2026-05-20
LRGF,15,15,2,SeekingAlpha,11,7,8,0,0.335303,0.156713,0.0,0.658135,0.389757,253,15,181,14,5.9289,7.7348,2025-10-07,2026-05-05
LVHI,43,43,2,SeekingAlpha,42,10,25,8,0.005355,0.100643,-0.191603,0.372638,0.081713,253,40,181,36,15.8103,19.8895,2025-09-22,2026-05-18
MAGS,1893,1893,3,SeekingAlpha,1754,368,835,690,-0.155535,0.022754,-0.261174,-0.090216,-0.142343,253,252,181,181,99.6047,100.0,2025-09-12,2026-05-22
MCHI,267,267,3,SeekingAlpha,245,92,103,72,0.053241,0.100435,-0.73281,0.150284,-0.033447,253,154,181,113,60.8696,62.4309,2025-09-13,2026-05-21
MDY,384,384,3,SeekingAlpha,378,120,148,116,0.046376,0.171831,-0.099756,0.937118,-0.03269,253,195,181,136,77.0751,75.1381,2025-09-12,2026-05-22
MDYG,309,309,3,SeekingAlpha,304,98,117,94,0.049348,0.175559,-0.097796,0.937118,-0.017944,253,175,181,130,69.17,71.8232,2025-09-12,2026-05-22
MDYV,308,308,2,SeekingAlpha,301,99,118,91,0.05543,0.175482,-0.107562,0.937118,-0.015766,253,175,181,130,69.17,71.8232,2025-09-12,2026-05-22
MGC,25,25,2,SeekingAlpha,20,7,13,5,0.020825,0.284559,-0.946298,0.259933,-0.040151,253,25,181,20,9.8814,11.0497,2025-09-16,2026-04-13
MGK,42,42,3,SeekingAlpha,19,12,27,3,0.139904,0.08179,0.0,0.350832,0.232623,253,38,181,36,15.0198,19.8895,2025-10-10,2026-05-12
MGV,24,24,2,SeekingAlpha,19,6,16,2,0.123897,0.108115,-0.020943,0.396827,0.137552,253,23,181,20,9.0909,11.0497,2025-09-19,2026-05-05
MISL,47,47,3,SeekingAlpha,24,19,19,9,0.266846,0.125941,0.0,0.519815,0.029524,253,40,181,38,15.8103,20.9945,2025-09-19,2026-05-12
MLPA,79,79,1,SeekingAlpha,79,21,51,7,0.141344,0.069882,0.0,0.283464,0.113406,253,66,181,60,26.087,33.1492,2025-09-16,2026-05-19
MLPX,91,91,3,SeekingAlpha,88,24,59,8,0.117292,0.061324,0.0,0.272612,0.119442,253,77,181,65,30.4348,35.9116,2025-09-23,2026-05-14
MOAT,47,47,3,SeekingAlpha,37,16,23,8,0.050886,0.197321,-0.946298,0.206587,0.077097,253,41,181,32,16.2055,17.6796,2025-09-16,2026-05-22
MSLC,0,0,0,,0,0,0,0,0.0,0.0,0.0,0.0,0.0,253,0,181,0,0.0,0.0,,
MTUM,35,35,3,SeekingAlpha,25,13,16,6,0.180066,0.143019,-0.074027,0.517353,0.048065,253,33,181,31,13.0435,17.1271,2025-09-16,2026-05-15
MUU,16,16,3,Benzinga,10,8,7,1,0.500689,0.218088,0.0,0.948153,0.298514,253,16,181,16,6.3241,8.8398,2025-09-15,2026-05-05
NFRA,33,33,2,SeekingAlpha,32,5,22,6,-0.086646,0.118685,-0.436163,0.206519,0.015793,253,27,181,25,10.6719,13.8122,2025-09-19,2026-05-05
NLR,119,119,3,SeekingAlpha,61,46,58,15,0.253086,0.156306,0.0,0.936141,0.191589,253,82,181,75,32.4111,41.4365,2025-09-16,2026-05-21
NOBL,134,134,2,SeekingAlpha,116,49,58,27,0.099316,0.143033,-0.181285,0.790258,0.152869,253,100,181,84,39.5257,46.4088,2025-09-15,2026-05-20
NUGO,7,7,2,Benzinga,6,4,3,0,0.345824,0.284515,0.0,0.67992,0.366652,253,7,181,7,2.7668,3.8674,2025-12-16,2026-05-13
NULG,7,7,2,SeekingAlpha,5,2,4,1,0.163518,0.246828,-0.084132,0.647583,-0.084132,253,7,181,6,2.7668,3.3149,2025-11-21,2026-03-17
NULV,14,14,2,SeekingAlpha,9,6,8,0,0.252458,0.150573,0.0,0.610096,0.397502,253,13,181,12,5.1383,6.6298,2025-10-15,2026-05-05
NVDL,20,20,3,Benzinga,12,4,15,1,0.149276,0.256689,-0.126838,0.942724,0.156593,253,20,181,20,7.9051,11.0497,2025-09-19,2026-05-18
OEF,45,45,3,SeekingAlpha,27,16,17,12,0.074495,0.079888,-0.166671,0.477278,-0.034042,253,40,181,32,15.8103,17.6796,2025-09-12,2026-04-18
OIH,143,143,3,SeekingAlpha,80,42,69,32,0.127154,0.081481,0.0,0.454783,0.014521,253,102,181,93,40.3162,51.3812,2025-09-12,2026-05-20
OMFL,24,24,2,SeekingAlpha,16,10,8,6,0.10226,0.206279,-0.946298,0.342,0.054048,253,24,181,20,9.4862,11.0497,2025-09-16,2026-04-15
ONEQ,114,114,3,SeekingAlpha,88,36,46,32,-0.055307,0.14476,-0.207051,0.711831,0.15542,253,91,181,77,35.9684,42.5414,2025-09-12,2026-05-22
PABU,13,13,3,Yahoo,5,7,6,0,0.37767,0.127961,0.0,0.546681,0.546681,253,11,181,11,4.3478,6.0773,2025-09-19,2026-05-06
PAVE,67,67,3,SeekingAlpha,55,21,37,9,0.102966,0.14168,-0.153679,0.626543,0.119995,253,58,181,49,22.9249,27.0718,2025-09-19,2026-05-21
PBUS,15,15,1,SeekingAlpha,15,7,4,4,0.219797,0.238627,-0.473149,0.532423,0.038784,253,14,181,11,5.5336,6.0773,2025-09-16,2026-04-13
PHO,25,25,3,Yahoo,11,7,13,5,0.028831,0.133674,-0.391276,0.275202,-0.0759,253,23,181,19,9.0909,10.4972,2025-09-24,2026-05-13
PICK,69,69,3,SeekingAlpha,44,32,22,15,0.25015,0.125867,0.0,0.786101,0.291925,253,57,181,55,22.5296,30.3867,2025-09-17,2026-05-13
PIEQ,1,1,1,SeekingAlpha,1,0,1,0,0.0,0.0,0.0,0.0,0.0,253,1,181,1,0.3953,0.5525,2025-11-28,2025-11-28
PKW,36,36,3,SeekingAlpha,20,13,18,5,0.16498,0.118615,0.0,0.481899,0.07904,253,33,181,31,13.0435,17.1271,2025-10-18,2026-05-07
PPA,156,156,3,SeekingAlpha,77,74,49,33,0.345174,0.198078,0.0,0.929979,0.164767,253,116,181,102,45.8498,56.3536,2025-09-13,2026-05-22
PRF,24,24,2,SeekingAlpha,16,7,17,0,0.168924,0.091679,0.0,0.356314,0.245363,253,22,181,21,8.6957,11.6022,2025-09-15,2026-05-05
PRFZ,77,77,3,SeekingAlpha,69,36,31,10,0.310287,0.154677,0.130019,0.950688,0.234248,253,63,181,55,24.9012,30.3867,2025-09-12,2026-05-19
PSC,66,66,1,SeekingAlpha,66,31,25,10,0.311318,0.157181,0.158612,0.950688,0.237957,253,56,181,50,22.1344,27.6243,2025-09-12,2026-05-19
PSI,147,147,3,SeekingAlpha,116,53,78,16,0.182296,0.085641,0.0,0.853412,0.204031,253,114,181,99,45.0593,54.6961,2025-09-23,2026-05-22
PTLC,18,18,1,SeekingAlpha,18,5,9,4,0.08376,0.199084,-0.473149,0.381982,-0.002709,253,16,181,12,6.3241,6.6298,2025-09-16,2026-04-13
PVAL,17,17,1,SeekingAlpha,17,4,13,0,0.163154,0.124652,0.0,0.480305,0.16076,253,17,181,15,6.7194,8.2873,2025-10-09,2026-05-05
PWB,13,13,2,SeekingAlpha,9,4,8,1,0.270443,0.204473,0.0,0.585568,0.078302,253,12,181,11,4.7431,6.0773,2025-09-19,2026-05-05
PXF,53,53,3,SeekingAlpha,44,12,32,9,0.051219,0.129859,-0.252379,0.298407,0.018085,253,45,181,43,17.7866,23.7569,2025-09-22,2026-05-19
PXH,22,22,3,Benzinga,14,9,10,3,0.169349,0.171632,-0.523832,0.438951,0.220363,253,21,181,20,8.3004,11.0497,2025-10-03,2026-05-05
QDF,16,16,2,SeekingAlpha,12,6,9,1,0.266807,0.213591,0.0,0.659487,0.253613,253,14,181,12,5.5336,6.6298,2025-09-17,2026-05-05
QGRO,15,15,2,SeekingAlpha,13,4,9,2,0.166565,0.127979,-0.035812,0.337051,0.020624,253,15,181,13,5.9289,7.1823,2025-10-01,2026-05-12
QGRW,14,14,2,SeekingAlpha,12,7,7,0,0.462775,0.200099,0.0,0.924693,0.19199,253,14,181,11,5.5336,6.0773,2025-10-02,2026-05-22
QLD,40,40,3,SeekingAlpha,28,3,20,17,-0.309694,0.092762,-0.821608,0.0,-0.13378,253,35,181,30,13.834,16.5746,2025-09-16,2026-05-21
QLTY,11,11,3,SeekingAlpha,5,6,4,1,0.349474,0.15148,0.0,0.84833,0.031181,253,10,181,9,3.9526,4.9724,2025-10-01,2026-05-22
QQEW,106,106,3,SeekingAlpha,97,31,32,43,-0.157194,0.114629,-0.299097,0.894526,0.059203,253,85,181,79,33.5968,43.6464,2025-09-15,2026-05-22
QQQ,5221,5221,4,SeekingAlpha,4075,1071,2420,1730,-0.098361,0.033533,-0.212897,-0.056165,-0.124827,253,253,181,181,100.0,100.0,2025-09-12,2026-05-22
QQQI,175,175,3,SeekingAlpha,164,25,140,10,0.045269,0.037001,-0.011535,0.109198,0.10023,253,126,181,99,49.8024,54.6961,2025-09-13,2026-05-18
QQQM,170,170,3,SeekingAlpha,147,46,75,49,-0.029273,0.102916,-0.141087,0.894526,0.040178,253,115,181,103,45.4545,56.9061,2025-09-15,2026-05-22
QTEC,151,151,3,SeekingAlpha,141,50,63,38,0.03368,0.11252,-0.091017,0.894526,0.106233,253,117,181,103,46.2451,56.9061,2025-09-15,2026-05-22
QTUM,175,175,3,SeekingAlpha,89,45,98,32,0.0027,0.07732,-0.183378,0.149775,0.137446,253,131,181,118,51.7787,65.1934,2025-09-12,2026-05-22
QUAL,50,50,3,SeekingAlpha,47,17,26,7,0.168664,0.088923,0.025094,0.82325,0.106934,253,45,181,37,17.7866,20.442,2025-09-12,2026-05-15
QYLD,140,140,3,SeekingAlpha,128,34,75,31,-0.023418,0.086863,-0.10416,0.455013,0.135791,253,109,181,95,43.083,52.4862,2025-09-12,2026-05-22
RDVY,24,24,2,SeekingAlpha,19,5,18,1,0.147159,0.097785,-0.031615,0.419979,0.064969,253,24,181,23,9.4862,12.7072,2025-10-02,2026-05-05
RECS,12,12,1,SeekingAlpha,12,6,3,3,0.177546,0.358369,-0.946298,0.624606,0.142971,253,12,181,10,4.7431,5.5249,2025-09-16,2026-04-13
REET,159,159,2,SeekingAlpha,158,45,46,68,-0.201021,0.129865,-0.800535,0.072849,-0.082016,253,118,181,78,46.6403,43.0939,2025-09-15,2026-05-21
REGL,329,329,2,SeekingAlpha,326,110,123,96,0.062248,0.163256,-0.06847,0.937118,-0.002828,253,180,181,134,71.1462,74.0331,2025-09-12,2026-05-22
REMX,156,156,3,Benzinga,73,61,78,17,0.211073,0.071379,0.0,0.505966,0.162497,253,100,181,92,39.5257,50.8287,2025-09-12,2026-05-20
RING,92,92,3,SeekingAlpha,46,38,23,31,0.12284,0.168336,-0.05263,0.90877,0.159368,253,75,181,73,29.6443,40.3315,2025-09-18,2026-05-13
ROBO,340,340,3,SeekingAlpha,316,92,207,41,0.082805,0.066918,-0.308262,0.162652,0.143885,253,171,181,144,67.5889,79.558,2025-09-12,2026-05-22
RODM,49,49,2,SeekingAlpha,48,11,27,11,-0.018955,0.123803,-0.315236,0.231293,-0.111466,253,40,181,39,15.8103,21.547,2025-09-22,2026-05-19
RPG,84,84,3,SeekingAlpha,76,38,23,23,0.068582,0.135392,-0.217321,0.790258,0.226657,253,64,181,59,25.2964,32.5967,2025-09-15,2026-05-19
RPV,103,103,3,SeekingAlpha,87,44,32,27,0.083292,0.145044,-0.209839,0.790258,0.232677,253,78,181,71,30.83,39.2265,2025-09-15,2026-05-19
RSP,291,291,3,SeekingAlpha,237,80,134,77,-0.040863,0.065538,-0.231192,0.395129,-0.025296,253,151,181,121,59.6838,66.8508,2025-09-15,2026-05-20
RSPT,447,447,3,SeekingAlpha,426,152,171,124,0.086272,0.15191,-0.090341,0.937118,0.040146,253,200,181,151,79.0514,83.4254,2025-09-12,2026-05-22
RSSL,7,7,3,Yahoo,3,1,4,2,0.105285,0.315463,-0.527717,0.546954,-0.527717,253,7,181,6,2.7668,3.3149,2025-10-01,2026-04-20
RWJ,77,77,3,SeekingAlpha,71,38,29,10,0.323301,0.152165,0.156754,0.950688,0.297785,253,64,181,58,25.2964,32.0442,2025-09-12,2026-05-19
RWL,83,83,2,SeekingAlpha,81,34,28,21,0.06208,0.166287,-0.256637,0.790258,0.288894,253,64,181,58,25.2964,32.0442,2025-09-15,2026-05-19
RWR,183,183,3,SeekingAlpha,175,51,59,73,-0.167959,0.079061,-0.565233,0.042601,-0.085705,253,129,181,86,50.9881,47.5138,2025-09-14,2026-05-21
SCHA,79,79,3,SeekingAlpha,68,37,30,12,0.266759,0.115926,0.032927,0.950688,0.236204,253,67,181,61,26.4822,33.7017,2025-09-12,2026-05-19
SCHB,18,18,3,SeekingAlpha,15,7,7,4,0.096633,0.311058,-0.946298,0.432703,0.110778,253,18,181,16,7.1146,8.8398,2025-09-16,2026-05-07
SCHC,26,26,1,SeekingAlpha,26,4,15,7,-0.069122,0.163135,-0.534234,0.267434,-0.116772,253,24,181,23,9.4862,12.7072,2025-09-22,2026-05-18
SCHD,488,488,3,SeekingAlpha,411,105,326,57,0.063285,0.0342,0.0,0.219277,0.06886,253,220,181,161,86.9565,88.9503,2025-09-12,2026-05-22
SCHE,94,94,1,SeekingAlpha,94,29,47,18,0.169084,0.11219,-0.0062,0.380182,0.024738,253,74,181,63,29.249,34.8066,2025-09-17,2026-05-21
SCHF,66,66,3,SeekingAlpha,48,19,34,13,0.044448,0.092994,-0.235365,0.262852,0.082635,253,56,181,54,22.1344,29.8343,2025-09-22,2026-05-19
SCHG,68,68,3,SeekingAlpha,48,16,50,2,0.199544,0.089638,0.0,0.955998,0.151656,253,55,181,49,21.7391,27.0718,2025-09-15,2026-05-20
SCHH,206,206,3,SeekingAlpha,188,54,72,80,-0.154519,0.070752,-0.484771,0.038694,-0.083709,253,144,181,101,56.917,55.8011,2025-09-14,2026-05-21
SCHK,18,18,2,SeekingAlpha,13,6,9,3,0.076229,0.230189,-0.946298,0.276373,0.072731,253,16,181,14,6.3241,7.7348,2025-09-16,2026-04-13
SCHM,318,318,3,SeekingAlpha,313,102,119,97,0.039034,0.170256,-0.096943,0.937118,-0.011794,253,178,181,133,70.3557,73.4807,2025-09-12,2026-05-22
SCHV,25,25,2,SeekingAlpha,20,5,20,0,0.144089,0.101892,0.0,0.43955,0.21869,253,24,181,23,9.4862,12.7072,2025-09-26,2026-05-12
SCHX,41,41,3,SeekingAlpha,37,7,17,17,-0.127242,0.069801,-0.30724,0.460963,-0.189222,253,35,181,31,13.834,17.1271,2025-09-12,2026-05-20
SCHY,45,45,2,SeekingAlpha,44,9,26,10,0.047733,0.16006,-0.247491,0.896608,0.01018,253,38,181,35,15.0198,19.337,2025-09-19,2026-05-18
SCZ,29,29,2,SeekingAlpha,28,4,17,8,-0.06626,0.158498,-0.534234,0.249519,-0.109193,253,26,181,24,10.2767,13.2597,2025-09-22,2026-05-18
SDVY,309,309,2,SeekingAlpha,302,103,114,92,0.065375,0.166262,-0.08587,0.937118,-0.003291,253,174,181,130,68.7747,71.8232,2025-09-12,2026-05-22
SDY,48,48,3,SeekingAlpha,28,11,29,8,0.130513,0.216147,-0.163348,0.802411,-0.049198,253,47,181,42,18.5771,23.2044,2025-09-23,2026-05-22
SECT,14,14,1,SeekingAlpha,14,6,6,2,0.278518,0.142231,0.0,0.547257,0.146525,253,14,181,12,5.5336,6.6298,2025-09-19,2026-04-13
SHLD,161,161,3,SeekingAlpha,74,71,64,26,0.338502,0.160191,0.0,0.936504,0.140584,253,103,181,90,40.7115,49.7238,2025-09-16,2026-05-22
SIL,177,177,3,Benzinga,99,64,58,55,0.10822,0.169623,-0.06824,0.887667,0.000238,253,102,181,99,40.3162,54.6961,2025-09-19,2026-05-22
SKYY,93,93,3,SeekingAlpha,75,28,53,12,0.135596,0.112425,-0.083274,0.582162,0.094955,253,79,181,69,31.2253,38.1215,2025-09-29,2026-05-19
SLYG,79,79,3,SeekingAlpha,68,37,29,13,0.307849,0.156223,0.170877,0.950688,0.22758,253,66,181,60,26.087,33.1492,2025-09-12,2026-05-19
SLYV,78,78,3,SeekingAlpha,71,37,31,10,0.302983,0.121591,0.159685,0.950688,0.266261,253,67,181,60,26.4822,33.1492,2025-09-12,2026-05-19
SMH,484,484,4,SeekingAlpha,240,178,204,102,0.165305,0.120304,-0.762612,0.307253,0.123315,253,191,181,159,75.4941,87.8453,2025-09-16,2026-05-22
SMLF,75,75,2,SeekingAlpha,69,36,29,10,0.332552,0.146984,0.157872,0.950688,0.249427,253,61,181,55,24.1107,30.3867,2025-09-12,2026-05-19
SMMD,67,67,1,SeekingAlpha,67,33,23,11,0.306285,0.161473,0.12585,0.950688,0.26349,253,56,181,48,22.1344,26.5193,2025-09-12,2026-05-19
SNPE,95,95,2,SeekingAlpha,86,40,27,28,0.056274,0.149035,-0.209839,0.790258,0.210344,253,69,181,62,27.2727,34.2541,2025-09-15,2026-05-19
SOXL,118,118,3,Benzinga,71,33,49,36,0.024628,0.096435,-0.188033,0.422406,-0.083311,253,84,181,75,33.2016,41.4365,2025-09-24,2026-05-22
SOXQ,141,141,4,SeekingAlpha,116,49,78,14,0.233056,0.122869,0.0,0.890007,0.179139,253,105,181,91,41.502,50.2762,2025-09-23,2026-05-22
SOXS,30,30,3,SeekingAlpha,14,9,14,7,-0.067385,0.15919,-0.351754,0.446534,0.073598,253,25,181,22,9.8814,12.1547,2025-10-01,2026-05-21
SOXX,494,494,4,Benzinga,202,200,163,131,0.092567,0.089495,-0.762612,0.263226,0.046244,253,188,181,160,74.3083,88.3978,2025-09-16,2026-05-22
SPDW,45,45,3,SeekingAlpha,42,8,27,10,-0.054724,0.132232,-0.449667,0.211997,-0.100674,253,39,181,36,15.415,19.8895,2025-09-21,2026-05-19
SPEM,100,100,3,SeekingAlpha,94,33,47,20,0.192113,0.121147,0.0,0.41442,0.053185,253,78,181,67,30.83,37.0166,2025-09-17,2026-05-21
SPGM,64,64,1,SeekingAlpha,64,18,32,14,0.0006,0.103594,-0.229891,0.231488,0.0966,253,55,181,53,21.7391,29.2818,2025-09-18,2026-05-20
SPGP,84,84,3,SeekingAlpha,77,34,26,24,0.069019,0.153677,-0.215758,0.790258,0.222902,253,64,181,57,25.2964,31.4917,2025-09-15,2026-05-19
SPHD,140,140,3,SeekingAlpha,108,43,68,29,0.027392,0.069084,-0.162662,0.192806,0.186328,253,97,181,84,38.3399,46.4088,2025-09-12,2026-05-22
SPHQ,138,138,3,SeekingAlpha,103,55,47,36,0.098563,0.114235,-0.016698,0.60432,0.253952,253,96,181,81,37.9447,44.7514,2025-09-12,2026-05-19
SPLV,1810,1810,3,SeekingAlpha,1791,359,796,655,-0.156246,0.025191,-0.304269,-0.088274,-0.13155,253,251,181,180,99.2095,99.4475,2025-09-12,2026-05-22
SPMD,1997,1997,3,SeekingAlpha,1992,423,864,710,-0.133925,0.024682,-0.188852,-0.051646,-0.122753,253,252,181,180,99.6047,99.4475,2025-09-12,2026-05-22
SPMO,1829,1829,3,SeekingAlpha,1803,367,806,656,-0.153719,0.02543,-0.324554,-0.080796,-0.122417,253,251,181,180,99.2095,99.4475,2025-09-12,2026-05-22
SPSM,1782,1782,3,SeekingAlpha,1761,348,789,645,-0.155207,0.024773,-0.244851,-0.080564,-0.136127,253,251,181,180,99.2095,99.4475,2025-09-12,2026-05-22
SPTM,16,16,2,SeekingAlpha,15,7,7,2,0.295196,0.158372,0.0,0.76295,0.128681,253,16,181,14,6.3241,7.7348,2025-09-23,2026-04-24
SPUS,1780,1780,1,SeekingAlpha,1780,353,776,651,-0.158828,0.025652,-0.324554,-0.089519,-0.135308,253,251,181,180,99.2095,99.4475,2025-09-12,2026-05-22
SPXL,1783,1783,3,SeekingAlpha,1775,353,774,656,-0.165047,0.02553,-0.324554,-0.10397,-0.136092,253,251,181,180,99.2095,99.4475,2025-09-12,2026-05-22
SPY,10060,10060,4,SeekingAlpha,4768,1974,5141,2945,-0.060505,0.034134,-0.134065,-0.020285,-0.093244,253,253,181,181,100.0,100.0,2025-09-12,2026-05-22
SPYD,1814,1814,3,SeekingAlpha,1801,361,798,655,-0.156123,0.026793,-0.324554,-0.082386,-0.132143,253,251,181,180,99.2095,99.4475,2025-09-12,2026-05-22
SPYG,1824,1824,3,SeekingAlpha,1785,369,801,654,-0.15086,0.026073,-0.324554,-0.090094,-0.124666,253,252,181,180,99.6047,99.4475,2025-09-12,2026-05-22
SPYI,150,150,3,SeekingAlpha,136,28,114,8,0.110321,0.047594,0.0,0.320797,0.109724,253,108,181,87,42.6877,48.0663,2025-09-15,2026-05-22
SPYV,1795,1795,3,SeekingAlpha,1790,355,789,651,-0.158432,0.026438,-0.324554,-0.088852,-0.134561,253,251,181,180,99.2095,99.4475,2025-09-12,2026-05-22
SPYX,1771,1771,1,SeekingAlpha,1771,352,770,649,-0.159692,0.026027,-0.324554,-0.089519,-0.134505,253,251,181,180,99.2095,99.4475,2025-09-12,2026-05-22
SQQQ,47,47,3,SeekingAlpha,41,6,21,20,-0.221124,0.094103,-0.821608,0.060854,-0.219426,253,43,181,32,16.996,17.6796,2025-09-16,2026-05-20
SSO,1785,1785,3,SeekingAlpha,1782,349,780,656,-0.164279,0.026269,-0.324554,-0.10397,-0.136507,253,251,181,180,99.2095,99.4475,2025-09-12,2026-05-22
SUSA,7,7,1,SeekingAlpha,7,4,3,0,0.529989,0.269167,0.0,0.871921,0.376262,253,7,181,5,2.7668,2.7624,2025-10-03,2026-04-04
TAN,64,64,3,Benzinga,25,32,18,14,0.330218,0.192228,-0.103723,0.882106,0.138885,253,55,181,51,21.7391,28.1768,2025-09-16,2026-05-14
TCAF,7,7,3,SeekingAlpha,3,1,5,1,0.059531,0.140577,-0.29694,0.272918,-0.206309,253,7,181,6,2.7668,3.3149,2025-11-27,2026-04-29
TCHP,11,11,2,SeekingAlpha,7,2,6,3,-0.072271,0.111538,-0.273938,0.066116,-0.009382,253,11,181,11,4.3478,6.0773,2025-10-16,2026-05-07
TDIV,127,127,3,SeekingAlpha,86,43,66,18,0.230089,0.206098,0.068327,0.954722,0.197663,253,102,181,86,40.3162,47.5138,2025-09-12,2026-05-21
TECL,11,11,2,SeekingAlpha,7,4,6,1,0.039775,0.32607,-0.967498,0.508532,0.262287,253,11,181,9,4.3478,4.9724,2025-09-26,2026-05-13
THRO,8,8,1,SeekingAlpha,8,1,6,1,-0.004596,0.114624,-0.288615,0.120153,0.05788,253,8,181,7,3.1621,3.8674,2025-09-17,2026-05-20
TILT,11,11,2,SeekingAlpha,7,7,4,0,0.501995,0.179841,0.0,0.731618,0.362174,253,11,181,9,4.3478,4.9724,2025-09-23,2026-04-04
TMFC,9,9,3,SeekingAlpha,6,1,6,2,-0.06188,0.109783,-0.250938,0.06411,0.06411,253,9,181,9,3.5573,4.9724,2025-12-10,2026-05-12
TMSL,1,1,1,Benzinga,1,0,0,1,-0.422914,0.481883,-0.968955,0.0,-0.968955,253,1,181,1,0.3953,0.5525,2026-02-03,2026-02-03
TNA,33,33,3,SeekingAlpha,30,3,15,15,-0.260819,0.111811,-0.821608,0.0,-0.275409,253,30,181,26,11.8577,14.3646,2025-09-16,2026-05-20
TQQQ,94,94,3,SeekingAlpha,44,17,55,22,-0.082996,0.126232,-0.821608,0.074994,0.072766,253,82,181,68,32.4111,37.5691,2025-09-16,2026-05-20
TSLL,14,14,3,Yahoo,7,2,7,5,-0.094601,0.338491,-0.397256,0.93637,-0.290649,253,13,181,13,5.1383,7.1823,2025-10-01,2026-04-16
TSPA,9,9,3,SeekingAlpha,7,5,4,0,0.521596,0.274349,0.0,0.871921,0.449369,253,9,181,7,3.5573,3.8674,2025-10-03,2026-04-28
UPRO,1787,1787,3,SeekingAlpha,1781,349,782,656,-0.163683,0.026254,-0.324554,-0.10397,-0.135625,253,251,181,180,99.2095,99.4475,2025-09-12,2026-05-22
URA,107,107,3,Benzinga,53,39,59,9,0.252808,0.112313,0.0,0.686176,0.145754,253,80,181,71,31.6206,39.2265,2025-09-15,2026-05-21
URNM,66,66,3,SeekingAlpha,36,25,37,4,0.250231,0.122234,0.0,0.936141,0.355283,253,54,181,47,21.3439,25.9669,2025-09-16,2026-05-20
URTH,105,105,3,SeekingAlpha,100,29,56,20,0.003777,0.110933,-0.812383,0.129949,0.106249,253,82,181,72,32.4111,39.779,2025-09-13,2026-05-20
USCA,4,4,1,SeekingAlpha,4,0,4,0,0.0,0.0,0.0,0.0,0.0,253,4,181,4,1.581,2.2099,2025-09-19,2026-04-09
USCL,0,0,0,,0,0,0,0,0.0,0.0,0.0,0.0,0.0,253,0,181,0,0.0,0.0,,
USD,56,56,3,Yahoo,26,15,21,20,0.001739,0.115069,-0.216539,0.168936,-0.01065,253,41,181,38,16.2055,20.9945,2025-09-12,2026-05-19
USMC,1769,1769,1,SeekingAlpha,1769,351,769,649,-0.159368,0.026069,-0.324554,-0.089519,-0.135049,253,251,181,180,99.2095,99.4475,2025-09-12,2026-05-22
USMV,53,53,3,SeekingAlpha,38,19,25,9,0.205228,0.132549,0.0,0.596295,0.264064,253,49,181,45,19.3676,24.8619,2025-09-12,2026-05-22
USPX,64,64,2,SeekingAlpha,61,20,30,14,0.008706,0.108958,-0.229891,0.254181,0.106385,253,55,181,53,21.7391,29.2818,2025-09-18,2026-05-20
USRT,210,210,3,SeekingAlpha,202,64,66,80,-0.101307,0.089823,-0.563634,0.030771,-0.053954,253,146,181,99,57.7075,54.6961,2025-09-14,2026-05-22
USVM,1742,1742,2,SeekingAlpha,1740,338,769,635,-0.158193,0.025935,-0.244851,-0.073639,-0.140419,253,251,181,180,99.2095,99.4475,2025-09-12,2026-05-22
VAW,34,34,3,SeekingAlpha,27,4,24,6,0.004318,0.126794,-0.142963,0.502161,-0.096045,253,34,181,26,13.4387,14.3646,2025-09-15,2026-04-25
VB,119,119,3,SeekingAlpha,96,48,50,21,0.277772,0.126168,0.162981,0.950688,0.187862,253,90,181,81,35.5731,44.7514,2025-09-12,2026-05-19
VBK,78,78,3,SeekingAlpha,69,32,34,12,0.252658,0.157638,0.100303,0.950688,0.172818,253,64,181,57,25.2964,31.4917,2025-09-12,2026-05-21
VBR,106,106,3,SeekingAlpha,86,45,48,13,0.303004,0.120628,0.184146,0.950688,0.258277,253,83,181,74,32.8063,40.884,2025-09-12,2026-05-19
VCR,129,129,3,SeekingAlpha,106,49,36,44,-0.130155,0.114949,-0.621426,0.182428,0.158297,253,82,181,67,32.4111,37.0166,2025-09-12,2026-05-22
VDC,186,186,3,Yahoo,106,99,35,52,0.211821,0.129881,0.03438,0.743494,0.233916,253,131,181,125,51.7787,69.0608,2025-09-12,2026-05-20
VDE,140,140,3,SeekingAlpha,86,34,75,31,0.059718,0.076221,-0.061861,0.454783,-0.01388,253,101,181,90,39.9209,49.7238,2025-09-12,2026-05-20
VEA,128,128,3,SeekingAlpha,100,45,61,22,0.155099,0.123954,-0.145111,0.343999,0.071883,253,92,181,88,36.3636,48.6188,2025-09-22,2026-05-21
VEU,63,63,3,SeekingAlpha,56,14,35,14,0.059294,0.141531,-0.1998,0.568,-0.066061,253,54,181,50,21.3439,27.6243,2025-09-18,2026-05-19
VFH,60,60,3,SeekingAlpha,35,21,26,13,0.071722,0.171052,-0.403431,0.295648,0.245901,253,44,181,38,17.3913,20.9945,2025-10-10,2026-05-18
VFLO,13,13,1,SeekingAlpha,13,3,9,1,0.248802,0.152524,0.0,0.904935,0.077497,253,13,181,8,5.1383,4.4199,2025-09-23,2026-05-04
VFMO,307,307,1,SeekingAlpha,307,99,117,91,0.060675,0.172589,-0.101132,0.937118,-0.001247,253,174,181,131,68.7747,72.3757,2025-09-12,2026-05-22
VGK,743,743,3,SeekingAlpha,439,167,379,197,-0.030978,0.095073,-0.587171,0.077773,-0.082215,253,210,181,172,83.004,95.0276,2025-09-12,2026-05-22
VGT,205,205,3,SeekingAlpha,105,52,122,31,0.096079,0.080224,-0.085044,0.774738,0.037497,253,140,181,113,55.336,62.4309,2025-09-14,2026-05-21
VHT,159,159,3,Yahoo,94,71,38,50,0.146722,0.089903,0.00429,0.432305,0.007985,253,112,181,103,44.2688,56.9061,2025-09-12,2026-05-21
VIG,186,186,3,SeekingAlpha,113,32,134,20,0.035393,0.047483,-0.154524,0.126599,0.068892,253,128,181,100,50.5929,55.2486,2025-09-14,2026-05-20
VIGI,55,55,2,SeekingAlpha,45,12,33,10,-0.003701,0.072985,-0.219039,0.1552,0.004126,253,48,181,44,18.9723,24.3094,2025-09-15,2026-05-19
VIOO,115,115,3,SeekingAlpha,107,43,46,26,0.14786,0.129038,-0.009061,0.950688,0.057685,253,99,181,66,39.1304,36.4641,2025-09-12,2026-05-21
VIOV,70,70,3,SeekingAlpha,66,31,28,11,0.284024,0.161041,0.139614,0.950688,0.208446,253,60,181,54,23.7154,29.8343,2025-09-12,2026-05-19
VIS,192,192,2,SeekingAlpha,98,91,34,67,0.11328,0.134761,-0.033331,0.939105,0.13682,253,139,181,122,54.9407,67.4033,2025-09-12,2026-05-22
VLUE,63,63,3,Benzinga,30,27,29,7,0.240432,0.122129,0.0,0.552054,0.214312,253,51,181,50,20.1581,27.6243,2025-09-24,2026-05-22
VNQ,620,620,3,SeekingAlpha,578,138,342,140,-0.03151,0.073415,-0.323222,0.064143,-0.036412,253,239,181,172,94.4664,95.0276,2025-09-12,2026-05-22
VNQI,73,73,1,SeekingAlpha,73,29,27,17,0.110184,0.184634,-0.916166,0.319552,0.082488,253,66,181,58,26.087,32.0442,2025-09-17,2026-05-11
VO,354,354,2,SeekingAlpha,337,107,142,105,0.037353,0.169167,-0.087412,0.937118,0.007794,253,185,181,138,73.1225,76.2431,2025-09-12,2026-05-22
VOE,309,309,2,SeekingAlpha,304,100,118,91,0.068053,0.16943,-0.076633,0.937118,0.002582,253,175,181,130,69.17,71.8232,2025-09-12,2026-05-22
VONE,13,13,2,SeekingAlpha,9,3,9,1,0.062235,0.089321,-0.13337,0.261363,0.148282,253,13,181,11,5.1383,6.0773,2025-10-09,2026-04-24
VONG,28,28,3,SeekingAlpha,15,5,22,1,0.157972,0.133715,0.0,0.475145,0.143416,253,25,181,23,9.8814,12.7072,2025-10-20,2026-05-19
VONV,22,22,2,SeekingAlpha,21,6,15,1,0.158277,0.096433,0.0,0.336357,0.220686,253,22,181,19,8.6957,10.4972,2025-10-07,2026-05-05
VOO,3787,3787,3,SeekingAlpha,3039,679,2010,1098,-0.107347,0.032353,-0.232798,-0.050055,-0.100432,253,253,181,181,100.0,100.0,2025-09-12,2026-05-22
VOOG,97,97,3,SeekingAlpha,79,39,35,23,0.087053,0.105594,-0.219206,0.401975,0.207929,253,75,181,70,29.6443,38.674,2025-09-12,2026-05-22
VOOV,89,89,2,SeekingAlpha,86,34,32,23,0.050469,0.162895,-0.256637,0.790258,0.249073,253,67,181,60,26.4822,33.1492,2025-09-15,2026-05-19
VOT,325,325,2,SeekingAlpha,315,104,125,96,0.04114,0.168893,-0.102903,0.937118,0.015431,253,177,181,132,69.9605,72.9282,2025-09-12,2026-05-22
VOX,39,39,3,Yahoo,17,18,11,10,0.223801,0.252194,-0.142338,0.920004,0.197914,253,33,181,32,13.0435,17.6796,2025-09-17,2026-05-07
VPL,46,46,2,SeekingAlpha,45,12,23,11,-0.097344,0.209645,-0.612565,0.15729,0.155272,253,38,181,33,15.0198,18.232,2025-09-18,2026-05-18
VPU,63,63,3,SeekingAlpha,44,23,32,8,0.190145,0.097765,0.0,0.471564,0.029692,253,50,181,44,19.7628,24.3094,2025-09-15,2026-05-19
VSGX,35,35,1,SeekingAlpha,35,6,20,9,-0.06973,0.161952,-0.534234,0.271854,-0.100891,253,32,181,31,12.6482,17.1271,2025-09-22,2026-05-19
VSS,29,29,1,SeekingAlpha,29,5,17,7,-0.040852,0.135102,-0.427033,0.257415,-0.028032,253,27,181,25,10.6719,13.8122,2025-09-22,2026-05-18
VT,101,101,2,SeekingAlpha,97,28,57,16,0.12744,0.146623,-0.0554,0.796512,0.079428,253,85,181,79,33.5968,43.6464,2025-09-16,2026-05-20
VTHR,12,12,1,SeekingAlpha,12,4,8,0,0.183041,0.146702,0.0,0.37753,0.344252,253,12,181,10,4.7431,5.5249,2025-09-26,2026-04-04
VTI,256,256,3,SeekingAlpha,129,80,109,67,-0.000806,0.06189,-0.478329,0.260521,0.053518,253,149,181,125,58.8933,69.0608,2025-09-12,2026-05-18
VTV,121,121,3,SeekingAlpha,74,41,66,14,0.207668,0.124118,0.0,0.663811,0.065957,253,93,181,76,36.7589,41.989,2025-09-15,2026-05-13
VTWO,117,117,3,SeekingAlpha,101,43,48,26,0.154904,0.108596,-0.023625,0.950688,0.163237,253,91,181,79,35.9684,43.6464,2025-09-12,2026-05-20
VUG,159,159,3,Yahoo,86,45,99,15,0.18141,0.130764,-0.005049,0.452621,-0.005049,253,122,181,99,48.2213,54.6961,2025-09-16,2026-05-18
VV,35,35,2,SeekingAlpha,31,4,14,17,-0.336473,0.148959,-0.821608,0.0,-0.192755,253,32,181,27,12.6482,14.9171,2025-09-16,2026-05-20
VWO,192,192,3,SeekingAlpha,142,68,89,35,0.195875,0.133103,-0.76605,0.349063,0.120689,253,127,181,111,50.1976,61.326,2025-09-16,2026-05-21
VXF,319,319,2,SeekingAlpha,316,102,122,95,0.041311,0.169692,-0.089544,0.937118,-0.00718,253,181,181,134,71.5415,74.0331,2025-09-12,2026-05-22
VXUS,119,119,3,Yahoo,58,25,78,16,0.036737,0.054087,-0.130591,0.18409,0.109194,253,86,181,71,33.9921,39.2265,2025-09-12,2026-05-21
VYM,139,139,3,SeekingAlpha,126,34,89,16,0.147574,0.08251,0.0,0.56262,0.049849,253,107,181,89,42.2925,49.1713,2025-09-14,2026-05-22
VYMI,78,78,2,SeekingAlpha,59,20,48,10,0.096955,0.072279,-0.075801,0.492511,0.106356,253,60,181,52,23.7154,28.7293,2025-09-14,2026-05-22
WTV,22,22,1,SeekingAlpha,22,8,12,2,0.150634,0.25708,-0.924096,0.417502,0.336864,253,22,181,18,8.6957,9.9448,2025-09-20,2026-05-19
XAR,207,207,3,SeekingAlpha,91,98,75,34,0.357105,0.196368,0.0,0.902629,0.109402,253,133,181,113,52.5692,62.4309,2025-09-13,2026-05-22
XBI,191,191,3,SeekingAlpha,78,73,85,33,0.196602,0.098114,-0.573656,0.331076,0.087684,253,126,181,103,49.8024,56.9061,2025-09-12,2026-05-21
XCEM,7,7,2,SeekingAlpha,4,1,6,0,0.37264,0.426803,0.0,0.931164,0.0,253,7,181,6,2.7668,3.3149,2025-09-26,2026-04-24
XHB,280,280,3,SeekingAlpha,176,66,108,106,-0.16993,0.095987,-0.520897,0.0,-0.117197,253,163,181,115,64.4269,63.5359,2025-09-12,2026-05-21
XLB,432,432,3,Benzinga,248,124,75,233,-0.209053,0.144551,-0.435389,0.75236,-0.435389,253,192,181,178,75.8893,98.3425,2025-09-12,2026-05-21
XLC,355,355,3,Benzinga,203,100,67,188,-0.336848,0.0834,-0.61762,0.003606,-0.303708,253,175,181,164,69.17,90.6077,2025-09-16,2026-05-21
XLE,865,865,3,Benzinga,385,209,291,365,-0.210437,0.095795,-0.328167,0.283016,-0.185273,253,218,181,181,86.166,100.0,2025-09-12,2026-05-22
XLF,587,587,3,Benzinga,282,153,138,296,-0.340824,0.060252,-0.518845,0.0,-0.402677,253,194,181,177,76.6798,97.7901,2025-09-15,2026-05-21
XLG,91,91,2,SeekingAlpha,83,38,31,22,0.065193,0.141543,-0.270848,0.395129,0.289205,253,68,181,59,26.8775,32.5967,2025-09-15,2026-05-19
XLI,565,565,3,Benzinga,220,170,131,264,-0.238894,0.065101,-0.405094,0.098462,-0.220554,253,206,181,177,81.4229,97.7901,2025-09-12,2026-05-22
XLK,786,786,3,SeekingAlpha,348,196,266,324,-0.170232,0.068045,-0.254579,0.455869,-0.199724,253,215,181,181,84.9802,100.0,2025-09-12,2026-05-22
XLP,578,578,3,Benzinga,241,154,123,301,-0.272774,0.16475,-0.426053,0.616948,-0.325488,253,201,181,179,79.4466,98.895,2025-09-12,2026-05-22
XLRE,656,656,3,SeekingAlpha,327,185,152,319,-0.25344,0.065395,-0.59131,0.0,-0.253752,253,228,181,173,90.1186,95.5801,2025-09-13,2026-05-22
XLU,559,559,3,Benzinga,229,145,172,242,-0.226992,0.061653,-0.348944,0.135981,-0.325622,253,214,181,180,84.585,99.4475,2025-09-12,2026-05-22
XLV,537,537,3,Benzinga,297,144,129,264,-0.224693,0.11048,-0.423884,-0.018214,-0.399868,253,204,181,179,80.6324,98.895,2025-09-12,2026-05-22
XLY,595,595,3,Benzinga,242,175,111,309,-0.350415,0.123437,-0.45988,0.224422,-0.344439,253,201,181,179,79.4466,98.895,2025-09-12,2026-05-22
XME,75,75,3,Benzinga,39,38,22,15,0.275386,0.066468,0.0,0.458275,0.236622,253,66,181,61,26.087,33.7017,2025-09-16,2026-05-05
XMHQ,320,320,3,SeekingAlpha,313,103,121,96,0.043783,0.168922,-0.087839,0.937118,-0.017043,253,177,181,131,69.9605,72.3757,2025-09-12,2026-05-22
XMMO,322,322,3,SeekingAlpha,315,101,127,94,0.053593,0.172061,-0.089597,0.937118,-0.000544,253,179,181,134,70.751,74.0331,2025-09-12,2026-05-22
XNTK,99,99,3,SeekingAlpha,73,24,62,13,0.11152,0.074001,-0.029661,0.464883,0.038921,253,80,181,71,31.6206,39.2265,2025-09-29,2026-05-21
XOP,232,232,3,SeekingAlpha,156,50,109,73,0.052462,0.142143,-0.131725,0.30438,-0.129011,253,123,181,106,48.6166,58.5635,2025-09-12,2026-05-22
XSD,306,306,3,Yahoo,152,144,88,74,0.193346,0.145543,-0.012986,0.940691,0.178439,253,174,181,158,68.7747,87.2928,2025-09-12,2026-05-22
XSMO,76,76,3,SeekingAlpha,69,36,31,9,0.3179,0.143737,0.178636,0.950688,0.294846,253,63,181,58,24.9012,32.0442,2025-09-12,2026-05-19
XSOE,92,92,1,SeekingAlpha,92,30,44,18,0.185475,0.126225,0.0,0.41442,0.042847,253,72,181,61,28.4585,33.7017,2025-09-17,2026-05-21
XT,77,77,3,SeekingAlpha,65,20,47,10,0.117568,0.090613,-0.048796,0.311575,0.012351,253,68,181,60,26.8775,33.1492,2025-09-29,2026-05-19
XYLD,114,114,3,SeekingAlpha,109,37,50,27,0.032904,0.09604,-0.101533,0.790258,0.14536,253,83,181,71,32.8063,39.2265,2025-09-15,2026-05-19
