ETF,In_Risk,In_Cost,Out_CAGR,Out_Div,Out_Liquidity,Out_Diversity,Out_Sentiment
VOO,0.2993545084199876,0.1,0.5639450867052024,0.3417607223476298,0.9049517315363029,0.7144037959015265,0.24163928236250165
IVV,0.3017210408874922,0.1,0.5641859344894027,0.34988713318284426,0.897939806413173,0.7006890386466784,0.1897405308678795
SPY,0.30684475420853863,0.18052305574673094,0.5634633911368016,0.33160270880361176,1.0,0.6991170402970704,0.2534397513386616
VTI,0.31897765075927764,0.1,0.5564788053949904,0.3376975169300226,0.8207374171143924,0.6967528538027781,0.49437748476648335
QQQ,0.4435460060419223,0.2858224363386098,0.7137524084778419,0.199548532731377,1.0,0.31306147710081145,0.2015902505492822
VEA,0.2347143145569222,0.1,0.45002408477842004,0.6972911963882619,1.0,,0.5245271248259125
VUG,0.4410538725956717,0.1,0.6822013487475915,0.19345372460496615,0.6821913591490366,0.32342181268051157,0.39822861630143624
IEFA,0.22854548063551397,0.14955264969029597,0.4042630057803468,0.8151241534988714,0.9742623932814558,,0.49034549369727787
VTV,0.20438410158895753,0.1,0.43027456647398843,0.5103837471783296,0.7805502121623384,0.9545977169577774,0.514798468850297
IEMG,0.34140815257068746,0.17432897453544394,0.4786849710982659,0.644469525959368,0.9970258822564604,,0.6019410250166222
VXUS,0.23927029909945258,0.12477632484514799,0.4372591522157996,0.70744920993228,0.8379085762307942,,0.5857802269363053
IWF,0.44430473787886704,0.2858224363386098,0.6684730250481696,0.1812641083521445,0.7138367842549518,0.33182643377802223,0.5386538687797044
VWO,0.32787222668146593,0.13716448726772196,0.40691233140655103,0.6505643340857787,0.9712252947484197,,0.6046514554951474
VGT,0.5774649877124751,0.17432897453544394,0.7424132947976879,0.18939051918735894,0.6216151983470786,0.1,0.4680759664766867
IJH,0.44308636205534047,0.12477632484514799,0.4259393063583815,0.36817155756207676,0.9579901780057773,0.8153087608306971,0.402692371886603
VIG,0.2015766649006871,0.112388162422574,0.4235308285163776,0.42708803611738155,0.6787849490840923,0.7717136569935358,0.5196168295132115
IJR,0.5522547401123936,0.13716448726772196,0.3922206165703276,0.3620767494356659,0.8532606857815923,0.9084527575299133,0.5884709571327335
VO,0.31165698945687903,0.1,0.4216040462427746,0.4067720090293454,0.6374220466142255,1.0,0.41931284321585216
XLK,0.5524907186087807,0.16194081211286998,0.7245905587668593,0.21580135440180587,1.0,0.1,0.1
SCHD,0.2534645995884633,0.13716448726772196,0.3045520231213873,0.7988713318284424,1.0,0.8617507908128179,0.5195642954276193
RSP,0.27869381860281284,0.31059876118375784,0.3864402697495183,0.4291196388261852,0.9625105538023581,1.0,0.36498931533311263
ITOT,0.3189625817304742,0.1,0.5576830443159922,0.3295711060948081,0.7431770379952389,0.7261009489753816,0.5697441973092698
EFA,0.2305540271487472,0.45925671025464576,0.40546724470134876,0.78058690744921,1.0,,0.4240261357075822
VYM,0.20379495423816507,0.112388162422574,0.422567437379576,0.581489841986456,0.6928381939613915,0.9872630999862465,0.4883541235152965
QQQM,0.44067576886427884,0.24865794907088787,0.7147157996146435,0.20767494356659144,0.7730580840839631,0.31968367487278226,0.4724773378352126
IWM,0.5469752105388435,0.29821059876118383,0.4671242774566473,0.3072234762979684,1.0,0.8522816668958876,0.19240335233133685
VB,0.4798555823164735,0.1,0.4473747591522158,0.37223476297968405,0.6458696403555046,0.870217301609132,0.7149287096041612
IWD,0.233323907089235,0.2858224363386098,0.43460982658959535,0.4392776523702032,0.76498309683421,1.0,0.6849662222246544
VT,0.2558449002896164,0.13716448726772196,0.509995183044316,0.4697516930022574,0.759315526860511,0.7439499381103011,0.5369136771944609
IVW,0.4192224611993891,0.2858224363386098,0.6899084778420038,0.1873589164785553,0.7730682829223214,0.39754091596754226,0.19556360591774585
SCHX,0.30828679552226,0.1,0.5658718689788054,0.3376975169300226,0.96798235950622,0.719788199697428,0.1
VEU,0.23744640610117518,0.112388162422574,0.44255780346820806,0.6952595936794582,0.7613436445191882,,0.29806581535910603
SCHF,0.2359629056542065,0.1,0.45026493256262035,0.790744920993228,0.9323217227917111,0.8418718195571446,0.5421785775849096
IXUS,0.24207521141356403,0.14955264969029597,0.4377408477842004,0.7460496613995486,0.6999094223946072,,0.42366003879861125
SCHG,0.44829291642673064,0.112388162422574,0.6911127167630058,0.1873589164785553,0.916653039489246,0.3882450832072616,0.655489675136876
IWR,0.36111054243945956,0.2858224363386098,0.44424373795761074,0.3600451467268624,0.6759310742796373,0.9951849814330901,0.1975828848326981
XLF,0.27655324435121,0.16194081211286998,0.5092726396917149,0.4250564334085779,0.943341413405758,0.10366387016916517,0.1
SMH,0.8986063825183331,0.4964211975223677,1.0,0.15891647855530475,0.9208191290242311,0.11137532664007702,0.6089625338940617
QUAL,0.2893884217929938,0.24865794907088787,0.5323940269749518,0.29909706546275394,0.6445964047178415,0.6755246871131894,0.5820700071413524
VV,0.31046867447480875,0.1,0.5702071290944124,0.3295711060948081,0.5449181259552391,0.7099106037683949,0.1
IVE,0.2552872690077366,0.2858224363386098,0.4184730250481695,0.4331828442437923,0.5862389283305285,1.0,0.7855082535973537
JEPI,0.18088965447360422,0.4964211975223677,0.15956165703275532,1.0,0.7709895423980879,0.9951849814330901,0.5403086924758603
IWB,0.30856691195835473,0.24865794907088787,0.5615366088631984,0.3153498871331829,0.609164092728494,0.7525154724247007,0.4102228047182176
DIA,0.23822403213623738,0.2610461114934619,0.41750963391136797,0.40880361173814905,0.766696224282827,0.5831233667996149,0.1401401456179185
DFAC,0.32873147018786786,0.27343427391603586,0.5266136801541426,0.309255079006772,0.6811621970183015,0.8653527712831796,1.0
VONG,0.44301721202249444,0.13716448726772196,0.6687138728323699,0.2036117381489842,0.6230855141089049,0.3474597716957777,0.6419621480968707
XLE,0.4620335363918788,0.16194081211286998,0.34308766859344897,0.5957110609480814,0.912178040856741,0.1,0.102356646245865
SCHB,0.31372581208532624,0.1,0.5579238921001927,0.3397291196388262,0.7724717115396731,0.6689767569797826,0.5883806641731217
DGRO,0.18984573781162567,0.16194081211286998,0.41919556840077066,0.5266365688487585,0.6434018692466819,0.8757378627424012,0.5587333813071685
XLV,0.2665873121565176,0.16194081211286998,0.19303949903660889,0.4474040632054177,0.8868883329159837,0.1,0.1
SPDW,0.22637239838444648,0.1,0.451228323699422,0.7663656884875846,0.7401470352586483,,0.2412419933402102
VNQ,0.3448022122355912,0.22388162422573993,0.2303709055876686,0.8984198645598195,0.7452541114125695,0.1,0.34674028735050355
JEPQ,0.35007929465113313,0.4964211975223677,0.33080443159922923,1.0,0.7544528598601556,0.3919460871957089,0.4991794285276502
VBR,0.4530197862505683,0.12477632484514799,0.43268304431599225,0.4880361173814899,0.5135588943076639,0.9097771970843074,0.83052832325974
SPYV,0.25363296049561146,0.112388162422574,0.41726878612716767,0.4697516930022574,0.6815002216290791,1.0,0.18561003838818863
DYNF,0.3167404672236823,0.3849277357192018,0.6846098265895953,0.309255079006772,0.6368546356246609,0.4552097373126117,0.38321371796310033
GDX,0.8575083595095754,0.6946317962835514,1.0,0.2401805869074492,0.8675032936113486,,0.41529070228769527
CGDV,0.21094350668025233,0.4716448726772198,0.6345134874759152,0.37223476297968405,0.6757644582682107,0.7368821345069453,0.7461273896852606
VGK,0.24530091017131966,0.13716448726772196,0.3965558766859345,0.7115124153498871,0.6728492636637109,,0.27154595227606665
XLI,0.32460002004214483,0.16194081211286998,0.6015173410404624,0.35801354401805874,0.8578028398698913,0.12475587952138632,0.1
EFV,0.2211419010666208,0.44686854783207175,0.5051782273603083,0.9146726862302482,0.6611812593536374,,0.41398227521841324
ACWI,0.25430739605475605,0.45925671025464576,0.518184007707129,0.42302483069977437,0.7033637371700887,0.7107151698528399,0.547397510650465
MGK,0.4578218467861219,0.12477632484514799,0.7070086705202312,0.17923250564334087,0.4997838751148995,0.29709393480951723,0.7884124035165003
IDEV,0.21814981086339458,0.112388162422574,0.4203998073217726,0.7846501128668173,0.5641714974376162,,0.3368868629216065
TQQQ,1.0,1.0,1.0,0.2523702031602709,0.9157326038002371,,0.5259767372502238
IUSG,0.4173056296541317,0.112388162422574,0.6764210019267822,0.2178329571106095,0.5097580825435166,0.3443281529363223,0.8782391231185547
EEM,0.34438639732411436,0.9547832071576052,0.48904142581888244,0.5388261851015802,0.8815050785237555,,0.529887243246497
VXF,0.5195038364567313,0.12477632484514799,0.5121628131021194,0.3397291196388262,0.48881817380543957,0.8611566497043046,0.39473017453902715
XLU,0.3329833953478679,0.16194081211286998,0.36813583815028905,0.6261851015801354,0.8432996562886161,0.1,0.1
MDY,0.4416141826840121,0.3477632484514799,0.422567437379576,0.33566591422121894,0.5257503189105788,0.8261765919405857,0.3528506581809526
SOXX,0.9808316073312753,0.4840330350997938,1.0,0.2036117381489842,0.7657556891048634,0.10779810204923669,0.48243583043529426
IUSV,0.2618203612107383,0.112388162422574,0.41678709055876684,0.46772009029345374,0.5049710347868774,1.0,0.9273453596259136
XLC,0.32455726011374275,0.16194081211286998,0.7139932562620424,0.3559819413092551,0.7417406633386131,0.1,0.1
AVUV,0.5752731656955917,0.3725395732966278,0.504937379576108,0.38645598194130926,0.5192277348713285,0.7316710218676935,0.19008200242422915
FNDX,0.24283402046665953,0.3725395732966278,0.5030105973025049,0.4291196388261852,0.643541453694126,1.0,0.8856250872147906
FNDF,0.23374836426989176,0.3725395732966278,0.5273362235067438,0.7602708803611739,0.539705905286513,1.0,0.5417747218019192
USMV,0.1,0.24865794907088787,0.31587186897880537,0.42302483069977437,0.6193895991373319,0.8234286893137118,0.8400287843010641
DVY,0.2674351573711284,0.5335856847900896,0.3288776493256262,0.8029345372460497,0.46378666373221417,0.7543474075092833,0.6351425671109262
MTUM,0.4211769267085799,0.24865794907088787,0.6682321772639692,0.2665914221218961,0.5132347544947422,0.5474625223490578,0.48542534824352834
VOOG,0.4204861213254769,0.14955264969029597,0.6894267822736031,0.20970654627539506,0.4405674265459714,0.40598267088433493,0.7478725063410283
XLY,0.5147518773236047,0.16194081211286998,0.49723025048169556,0.2665914221218961,0.8146032512461517,0.1020052262412323,0.1
AVEM,0.35728429803912043,0.4716448726772198,0.5376926782273603,0.597742663656885,0.5040145483719027,,0.5325139475261097
VOE,0.2934130879419374,0.12477632484514799,0.4158236994219653,0.5042889390519187,0.4407324161360181,1.0,0.41075635402501387
VBK,0.540930754017177,0.12477632484514799,0.46375240847784194,0.20564334085778785,0.436933587434967,0.7261009489753816,0.690231122615103
RDVY,0.3503869475545251,0.6450791465932555,0.5275770712909441,0.309255079006772,0.5078886362340866,0.5963553844037958,0.5131764789576362
SCHA,0.533914074881158,0.112388162422574,0.4702552986512524,0.3376975169300226,0.6207577294015435,0.8190840324577086,0.7942912960323085
SDY,0.2045926208341981,0.4964211975223677,0.26433044315992293,0.6139954853273137,0.43069889281221396,0.929557144821895,0.32574963677604885
CGGR,0.4402663034962748,0.5459738472126636,0.6891859344894027,0.12234762979683973,0.5974276907430787,0.7042662632375188,0.8028625604347196
EMXC,0.36006664541810196,0.3725395732966278,0.5880298651252409,0.6363431151241535,0.6049842570745483,,0.44155117832312296
EWJ,0.32704174322136537,0.6698554714384035,0.47338631984585744,0.979683972911964,0.7461597401847226,,0.30554863917565267
DFIV,0.23808703286570032,0.3973158981417758,0.5622591522157997,0.654627539503386,0.49236842641736217,,0.8432120215499197
IYW,0.5641375038523435,0.5335856847900896,0.8206888246628131,0.1304740406320542,0.520972166198918,0.1441768670059139,0.44556675249058086
IWP,0.47409246580990616,0.3477632484514799,0.4478564547206165,0.17313769751693003,0.4925775757150567,0.7261009489753816,0.20097954180427224
VYMI,0.2026028140867808,0.14955264969029597,0.49506262042389204,0.8395033860045148,0.4594277779124844,,0.5811211102203422
DFUS,0.31664378072353916,0.17432897453544394,0.5690028901734104,0.2970654627539504,0.44171866534476195,0.7295172603493327,0.406517509993789
AVDV,0.24926017424058045,0.5088093599449417,0.6256021194605009,0.7094808126410835,0.4492008515480252,,0.5913898822634531
OEF,0.3338978662211656,0.31059876118375784,0.6270472061657033,0.29909706546275394,0.4458150707646664,0.4641342318800714,0.3506310930646799
EWY,0.6975061957150412,0.7937370956641433,0.8585019267822736,0.4433408577878104,0.7360485162144146,,0.578131592412108
IWV,0.3139644693881738,0.31059876118375784,0.5569605009633912,0.3011286681715576,0.40463980910167036,0.7127575299133543,0.7062753606930121
COWZ,0.3639280766243662,0.6698554714384035,0.3339354527938343,0.518510158013544,0.5652513649983965,0.8322665383028468,0.9624939462674806
VONV,0.23217330328724875,0.13716448726772196,0.43460982658959535,0.4697516930022574,0.466582893311857,1.0,0.7688155479004151
SPYG,0.4206054499769007,0.112388162422574,0.7098988439306358,0.2178329571106095,0.733878605537992,0.4159964241507358,0.20185456266741822
VOT,0.39591764685277403,0.12477632484514799,0.41871387283236994,0.24627539503386006,0.4007752599838652,0.7231426213725759,0.4318504310804784
SPEM,0.31829051611318726,0.14955264969029597,0.4377408477842004,0.6769751693002257,0.5558318283143895,,0.4938308019382889
SPHQ,0.2545423054044404,0.24865794907088787,0.5653901734104047,0.3417607223476298,0.5028875751312709,0.6436514922294043,0.8234280132539121
SPMD,0.4418314986307339,0.1,0.42112235067437376,0.3783295711060949,0.5214045430050149,0.7809352221152522,0.2049951159717301
VHT,0.26441797785861326,0.17432897453544394,0.21038053949903662,0.44943566591422124,0.3884775415782625,0.1,0.41962640603923096
FTEC,0.5813426343103962,0.16689607708189957,0.763126204238921,0.19345372460496615,0.42999108361221683,0.1,0.35684981544666283
DGRW,0.22929052145496087,0.4097040605643497,0.4411127167630058,0.39051918735891655,0.4476192438843274,0.8751189657543665,0.5687690333454636
BBJP,0.33890584441165006,0.29821059876118383,0.4683285163776493,1.0,0.5244696670201822,,0.1
DFAI,0.20790238422130175,0.2858224363386098,0.4690510597302504,0.597742663656885,0.4850495639555007,,0.3632622572692673
ESGU,0.3166349840220579,0.24865794907088787,0.5579238921001927,0.3173814898419865,0.456908712597921,0.6829514509696052,0.3142118382278502
AVDE,0.21490399432851737,0.3477632484514799,0.4981936416184971,0.6485327313769752,0.4222074946185823,,0.30752687583623595
IWY,0.4463974262375989,0.31059876118375784,0.710621387283237,0.17923250564334087,0.4167989804724255,0.29719295832760273,0.7484470979021935
EFG,0.305292103728724,0.4840330350997938,0.3163535645472061,0.6241534988713319,0.47682938545631987,,0.21910544302377444
VTWO,0.5494070678698801,0.13716448726772196,0.46784682080924855,0.3559819413092551,0.5671284181904279,0.8283798652179891,0.6745020890507475
IWS,0.3461099330852362,0.3477632484514799,0.4293111753371869,0.40067720090293457,0.4093492941014839,1.0,0.19599044536318294
SPSM,0.5465205380844291,0.1,0.386921965317919,0.42302483069977437,0.5289323320718105,0.8882890936597441,0.1830391515745177
XLP,0.18398968275807825,0.16194081211286998,0.17545761078998073,0.6383747178329571,0.791299414578317,0.1,0.1
GSLC,0.30014712626770257,0.17432897453544394,0.5410645472061657,0.3153498871331829,0.39008237354048686,0.6818374363911428,0.24736549769205723
SCZ,0.2639832687490189,0.5583620096352376,0.3967967244701348,0.764334085778781,0.48029701266206065,,0.2272564347414475
ITA,0.32308370273110876,0.5335856847900896,0.7595134874759153,0.199548532731377,0.41488895775143153,0.10019804703617109,0.3650352826580059
DFUV,0.28680457337876747,0.32298692360633185,0.4550818882466281,0.4067720090293454,0.39087214492659944,0.9171792050612019,0.406517509993789
DFIC,0.2043199230882789,0.33537508602890587,0.48880057803468213,0.6018058690744921,0.4560967916614788,,1.0
SCHM,0.42394053432174555,0.112388162422574,0.4432803468208092,0.38645598194130926,0.4729081806823782,0.8901952963828907,0.3871554160726941
SOXL,1.0,0.9919476944253273,1.0,0.1325056433408578,0.8622231040951419,,0.26974665984453194
HDV,0.11636749618842274,0.16194081211286998,0.3264691714836223,0.6932279909706547,0.40218663824903145,0.5911071379452619,0.7175800392363952
DFAS,0.49949379368456703,0.3849277357192018,0.4240125240847784,0.3072234762979684,0.39743635594842114,0.8564035208361984,0.8672529324690746
SPMO,0.39294934516368185,0.22388162422573993,0.8678949903660886,0.28487584650112874,0.49168719726783766,0.36356347132443945,0.20554672387044876
DFAT,0.513427941082303,0.4097040605643497,0.44665221579961456,0.4169300225733634,0.378299417621117,0.7678888736074816,1.0
IWN,0.5311254551748543,0.3601514108740538,0.4533959537572254,0.43115124153498874,0.46713219672380224,0.8390248934121853,0.18533259274865455
IWO,0.5826541031132044,0.3601514108740538,0.47531310211946054,0.19751693002257337,0.4038818006647502,0.6733214138357859,0.1792928145957201
IQLT,0.22712608147307323,0.43448038540949774,0.3828275529865125,0.5652370203160272,0.4927029901515316,,0.2907882028144042
PAVE,0.5080869118145347,0.6450791465932555,0.7395231213872833,0.2747178329571106,0.4639299746940348,0.20267501031494978,0.6035121225138655
VFH,0.3200904661650291,0.17432897453544394,0.51866570327553,0.42708803611738155,0.39176928430413793,0.10356484665107962,0.810210765656936
SPTM,0.3028415066318715,0.1,0.5596098265895953,0.3437923250564334,0.41005002615975306,0.6920987484527574,0.6177718433718127
AMLP,0.26262789365495526,1.0,0.34308766859344897,1.0,0.47445724463027883,0.10472837298858478,0.48150170872585696
SCHE,0.33520168468534584,0.14955264969029597,0.4194364161849711,0.6972911963882619,0.4802599783623112,0.8105184981433089,0.44712964153695045
ESGV,0.3481737069653653,0.17432897453544394,0.5721339113680155,0.3051918735891648,0.36076835597010515,0.45293219639664417,0.4460329925002121
MOAT,0.36709977159423013,0.6326909841706816,0.3768063583815029,0.39458239277652374,0.422454812923565,0.6987209462247282,0.5330868973971002
MGV,0.17594922437782307,0.12477632484514799,0.4331647398843931,0.518510158013544,0.35421044279443953,0.8844890661532112,0.6323352769120902
AVUS,0.3298644805868916,0.24865794907088787,0.5588872832369942,0.31128668171557566,0.37187194644546245,0.8844890661532112,0.682154006955294
DFAX,0.22032419390961694,0.4097040605643497,0.4977119460500964,0.6099322799097066,0.40213582999142267,,0.1
VSS,0.27754818633299394,0.13716448726772196,0.4057080924855492,0.78058690744921,0.36480089072232713,,0.360497651014975
ESGD,0.23177622814158771,0.31059876118375784,0.39776011560693636,0.8293453724604967,0.3624555372789108,,0.26479039720693776
NOBL,0.22198615276036987,0.4964211975223677,0.2484344894026975,0.534762979683973,0.38835906551942223,0.8441617384128729,0.6574810453188572
AVLV,0.3267141269731533,0.24865794907088787,0.5458815028901735,0.345823927765237,0.3785009027228837,0.9451409709806077,0.9081244510598478
DUHP,0.27004792026395763,0.31059876118375784,0.4880780346820809,0.32144469525959374,0.43153111631171964,0.719788199697428,0.406517509993789
VLUE,0.3203053349537427,0.24865794907088787,0.5598506743737957,0.5063205417607224,0.41788751369639937,0.48214413423187996,0.7583514147265081
DFAU,0.3157732933576477,0.21149346180316592,0.5591281310211946,0.309255079006772,0.3986677609990854,0.7355700728923119,0.4461676110945423
ACWX,0.23391542438188503,0.45925671025464576,0.4529142581888247,0.664785553047404,0.4687971431623102,,0.5677626772683371
EWZ,0.7449528118441465,0.7937370956641433,0.4213631984585742,0.9776523702031604,0.7474719143029268,,0.452923166163671
SDVY,0.5027747970253693,0.7813489332415693,0.5046965317919075,0.3072234762979684,0.43825283285830696,0.5472273414936046,0.40111470762866064
IGF,0.22660616137127743,0.5459738472126636,0.39727842003853564,0.7013544018058692,0.38542618430282255,,0.3244789685807862
BBCA,0.21644524651654087,0.29821059876118383,0.5234826589595376,0.47787810383747187,0.341675343514799,,0.33790471082995654
VDE,0.4719996230188727,0.17432897453544394,0.36235549132947975,0.5611738148984199,0.3656019168343375,0.1,0.383730850368149
IGV,0.7364651769158033,0.5459738472126636,0.3454961464354528,0.1,0.704065196147964,0.10808279466373263,0.39994582422423297
IJK,0.47432362720642723,0.27343427391603586,0.46592003853564545,0.22595936794582394,0.35278582602835695,0.6614881034245632,0.43485144071993587
PBUS,0.3093984645651579,0.112388162422574,0.5788776493256262,0.33160270880361176,0.35293885258254704,0.6878778709943612,0.47018882173160015
GDXJ,0.8891225048130509,0.6946317962835514,1.0,0.5530474040632055,0.6180400560804014,,0.5797535823047689
FNDA,0.4996131223359908,0.3725395732966278,0.4218448940269749,0.345823927765237,0.38098676084973826,0.9612570485490302,0.8236512831176791
SCHH,0.34378853048799135,0.14955264969029597,0.25108381502890176,0.7155756207674944,0.6329381395145877,,0.2690932671549783
CGUS,0.2815050032442465,0.4716448726772198,0.5971820809248555,0.30316027088036124,0.40499201262017714,0.6766263237518909,0.406517509993789
EZU,0.2781823863378954,0.6822436338609774,0.4471339113680154,0.6932279909706547,0.4981978184047722,,0.1772587604691951
CGGO,0.3078156760277364,0.6450791465932555,0.5169797687861272,0.5286681715575621,0.41342232542635454,,0.406517509993789
PVAL,0.23438906825056766,0.7441844459738475,0.5998314065510597,0.29909706546275394,0.3767823837551222,1.0,0.6704356224878719
QLD,1.0,1.0,1.0,0.13860045146726863,0.708603299468415,0.3253280154036583,0.18689219841467453
FNDE,0.37692006224920566,0.5459738472126636,0.4745905587668593,0.9207674943566592,0.3957032706802719,0.825074955301884,0.3666457807194434
AIRR,0.6238748938619461,0.9176187198898833,1.0,0.1325056433408578,0.35295612977330937,0.14529088158437628,0.7964271349496687
CIBR,0.47015813661763267,0.7813489332415693,0.45604527938342965,0.23205417607223477,0.4309051499308818,0.11667308485765368,0.6599911895960621
ONEQ,0.4702612498773996,0.32298692360633185,0.7190510597302504,0.2686230248306998,0.34672890498905995,0.3367652317425388,0.6616689969546647
BBEU,0.23618649392825058,0.17432897453544394,0.4083574181117534,0.7094808126410835,0.3807687887904952,,0.18785094547673314
PRF,0.23673051140878332,0.4840330350997938,0.5061416184971098,0.4169300225733634,0.3447098994213269,1.0,0.8093275363429162
VPU,0.33543284608186696,0.17432897453544394,0.3594653179190751,0.6221218961625282,0.30798365860572297,0.1,0.45526257466270115
FDVV,0.237200330108152,0.24865794907088787,0.4548410404624277,0.7094808126410835,0.36434785842557366,0.778001650391968,0.8288849913948073
MGC,0.31826542680389824,0.12477632484514799,0.6109104046242775,0.3072234762979684,0.31196412520085703,0.49634163113739505,0.34060200778708377
IEUR,0.2399246940976264,0.18671713695801795,0.3999277456647399,0.7115124153498871,0.39586949184266007,,0.19501856477972623
SHLD,0.3456159397909797,0.6822436338609774,1.0,0.2036117381489842,0.35450214401687546,,0.6373128815219563
DBEF,0.2154768490715021,0.4964211975223677,0.4338872832369942,1.0,0.36364458069550976,,0.2066959069927793
JGRO,0.4330724667516263,0.6079146593255336,0.6713631984585742,0.1345372460496614,0.34114757870282914,0.4560514372163388,1.0
VIGI,0.21614011798730792,0.14955264969029597,0.2855250481695568,0.5611738148984199,0.3215431755088057,,0.4132911236548401
SPYI,0.2604851038937963,0.9052305574673094,0.17377167630057805,1.0,0.4384616810397645,0.6784830147159949,0.5866503227289269
GRID,0.40413136045619397,0.7565726083964215,0.6723265895953757,0.2869074492099323,0.33613442311505226,,0.5043671694798852
DFAE,0.32887206297926663,0.4220922229869237,0.517461464354528,0.5428893905191874,0.3918653663653444,,1.0
RWL,0.19272851964391352,0.5459738472126636,0.4993978805394991,0.3803611738148984,0.30718320666705623,0.9833516710218675,0.8807919513403032
IGM,0.5617144432227882,0.5459738472126636,0.9223265895953756,0.13656884875846503,0.3626958285711622,0.13881721908953376,0.4509547796441363
XBI,0.7273191673876708,0.4964211975223677,0.5605732177263969,0.17110609480812644,0.6951141653245285,0.12475587952138632,0.5504674712772623
IDV,0.22313790292520957,0.6822436338609774,0.5018063583815029,1.0,0.3758436135082058,,0.6905414020581322
PPA,0.2932156581238849,0.7813489332415693,0.8336946050096339,0.1812641083521445,0.2993563968329702,0.11497730711043873,0.677013875018127
IJJ,0.427476487573203,0.2858224363386098,0.3765655105973025,0.45959367945823937,0.30225952975330095,0.7949470499243568,0.4240967283850968
DFEM,0.3213667481619121,0.5459738472126636,0.5090317919075145,0.5591422121896162,0.37561148839152514,,0.406517509993789
IBB,0.4777352030581429,0.6079146593255336,0.3479046242774566,0.14672686230248308,0.43931168836719325,0.1,0.28067539133789543
QYLD,0.2974465507923622,0.8061252580867173,0.13041907514450868,1.0,0.6082311325393069,0.3232113877045798,0.6294442605143415
IOO,0.32133913447846424,0.5583620096352376,0.6511319845857418,0.29503386004514676,0.30666595366511595,0.3732430202173015,0.5760006785652723
VPL,0.33167192654505984,0.14955264969029597,0.49482177263969174,0.7704288939051919,0.36316933138311913,,0.6614260268088006
VDC,0.15427355201789344,0.17432897453544394,0.2253131021194605,0.5367945823927766,0.28615012392728917,0.1,0.7905351089124624
FTCS,0.14953046680239898,0.7070199587061254,0.31539017341040465,0.3255079006772009,0.3135639200870649,0.7585063952688763,0.30915379079942107
AIQ,0.5465819605624964,0.9052305574673094,0.8185211946050096,0.14063205417607225,0.4090916018917993,0.21775134094347406,0.5359253797092567
THRO,0.3199950804600409,0.7689607708189953,0.6101878612716762,0.13860045146726863,0.3244645875104057,0.4835428414248384,0.5015385373087773
EWT,0.5999495705279273,0.7937370956641433,0.6292148362235068,0.3844243792325057,0.5728454221309928,,0.4108285883927032
URTH,0.2598833346722086,0.3601514108740538,0.531912331406551,0.4108352144469526,0.31304127102929824,0.6758960253060101,0.580945449371643
GUNR,0.3940787620418439,0.6326909841706816,0.31539017341040465,0.5530474040632055,0.34411788561488266,,0.7663497292579288
XLRE,0.3253410812599764,0.16194081211286998,0.2383188824662813,0.796839729119639,0.6236802945603097,0.1,0.1
VIS,0.3760231847788704,0.17432897453544394,0.6272880539499037,0.2970654627539504,0.2767291760904122,0.12475587952138632,0.6311335597041674
COPX,0.9890968775645785,0.8680660701995874,0.7876926782273603,0.6261851015801354,0.44003650700663777,,0.34254576895399713
BBUS,0.3059679945153249,0.1,0.5747832369942196,0.33160270880361176,0.29949502046763643,0.687110438729198,0.4475975232367564
IJS,0.5759351338162426,0.2858224363386098,0.365004816955684,0.39051918735891655,0.3231712159781316,0.8889203685875394,0.9639534088328403
SPLV,0.10367540740161788,0.3725395732966278,0.24289499036608864,0.5306997742663657,0.4662591044677164,0.6625402283042221,0.19055316750438467
XLB,0.4129030142060967,0.16194081211286998,0.32165221579961467,0.45553047404063207,0.709033489581885,0.1,0.1
FDL,0.18811470614417744,0.5955264969029597,0.3787331406551059,0.8334085778781039,0.3597627808087597,0.570733049099161,0.6291996486783026
VONE,0.30768762789098203,0.13716448726772196,0.56876204238921,0.33160270880361176,0.2801396149087624,0.7461903452069865,0.6499506124872426
SPYD,0.2834281071168261,0.14955264969029597,0.26192196531791906,0.9878103837471784,0.40109186198426927,0.8870141658643926,0.1895796452307532
JQUA,0.2497966958147868,0.21149346180316592,0.48904142581888244,0.3559819413092551,0.3520798765990292,0.6305803878421125,0.46441171400662695
HEFA,0.20257145245016966,0.4964211975223677,0.45749036608863203,0.7623024830699775,0.3815005713427952,,0.2066959069927793
DFSV,0.5588129216246843,0.43448038540949774,0.44255780346820806,0.4108352144469526,0.3748109488714489,0.7919020767432264,0.6230022682685915
URA,0.9883726821359813,0.9176187198898833,1.0,0.9939051918735893,0.5128133065337147,,0.6458004197254547
JGLO,0.2701320621094563,0.6450791465932555,0.4712186897880539,0.35395033860045155,0.3028312108395022,0.8068298720946223,0.406517509993789
IJT,0.52623037887617,0.2858224363386098,0.4240125240847784,0.2747178329571106,0.27742370940799027,0.7924095722734148,0.8352678827942662
IXN,0.5497222166795985,0.5459738472126636,0.7915462427745664,0.16907449209932282,0.3243408409515451,0.1,0.48202048282108045
MCHI,0.6534376555076353,0.7937370956641433,0.24072736030828515,0.5611738148984199,0.5130322188805008,,0.3516078987186608
DIVO,0.14496698635354216,0.7565726083964215,0.31249999999999994,1.0,0.3177871942360877,0.7538894237381376,0.56126650924682
TCAF,0.2505666715112212,0.44686854783207175,0.4861512524084779,0.20970654627539506,0.3466118316390948,0.685216613945812,0.1
BBAX,0.3711167874045458,0.29821059876118383,0.30912813102119463,0.8577878103837472,0.28212684321513726,,0.5758299427870974
XMMO,0.4847393375395175,0.4964211975223677,0.789378612716763,0.24424379232505644,0.2983818088680813,0.4978888736074817,0.40562443053872066
VFLO,0.3062292167533024,0.5459738472126636,0.5757466281310212,0.3884875846501129,0.34562681098820547,0.6607825608582037,0.5337435734670034
BBIN,0.23620783528437628,0.14955264969029597,0.41317437379576105,0.8923250564334085,0.2751317163293765,,0.2317398906087114
INDA,0.34921140887555147,0.8185134205092913,0.2966040462427746,0.1,0.5729060053329749,,0.5172150367875408
ESGE,0.339231245150306,0.3725395732966278,0.5073458574181118,0.597742663656885,0.35458740692435775,,0.4048791031993806
KWEB,0.9099729741096505,0.9300068823124573,0.10488921001926783,1.0,0.6909404333528228,,0.3708961165818917
DXJ,0.4465995959393666,0.6574673090158295,0.8953516377649324,0.345823927765237,0.3383012367100128,,0.17901372726601128
JAVA,0.2400291081525481,0.6079146593255336,0.41558285163776487,0.3742663656884876,0.2798988249345399,0.9991954339155548,0.406517509993789
VSGX,0.2468170730500543,0.18671713695801795,0.4375,0.7683972911963883,0.2699134799157855,,0.24088574657228776
VOOV,0.25571937652702115,0.14955264969029597,0.41269267822736033,0.4656884875846502,0.25540808800166603,1.0,0.8154182068912681
XAR,0.4453973582913462,0.4964211975223677,0.9259393063583815,0.17110609480812644,0.2589187228821533,0.12475587952138632,0.5861216984926548
FXI,0.7153243392541715,0.9671713695801792,0.3028660886319846,0.6261851015801354,0.6775071987851702,,0.34335512221015274
ARKK,0.990044584051069,0.9919476944253273,0.704359344894027,0.1,0.7074601090426336,0.48709531013615726,0.23399064783830448
SSO,0.8096629932383084,1.0,0.8936657032755297,0.2665914221218961,0.6180581559055741,0.5291060376839499,0.1824153093081097
VCR,0.5417447132210179,0.17432897453544394,0.4902456647398844,0.26252821670428894,0.24826209242734176,0.10162151010865081,0.6663921395874433
DLN,0.16909960535379728,0.4097040605643497,0.4454479768786127,0.4880361173814899,0.26039999150313675,0.9330477238344105,0.9810450452422451
DIHP,0.19604960410665745,0.3973158981417758,0.394388246628131,0.5408577878103838,0.30346500228963824,,0.8589689638472462
VOX,0.39411257083646334,0.17432897453544394,0.7371146435452793,0.31331828442437926,0.2679017584284606,0.1,0.7314309792408278
DFLV,0.2647822361402068,0.32298692360633185,0.4553227360308285,0.4148984198645599,0.31301075708771053,0.9260789437491402,0.8101483814302952
GSIE,0.21017092939350823,0.3725395732966278,0.43629576107899803,0.6525959367945825,0.2901580290328556,,0.23289399880156617
DFIS,0.22853920830819172,0.5459738472126636,0.4926541425818882,0.5510158013544019,0.29305032169530754,,0.406517509993789
EFAV,0.11135936356563689,0.31059876118375784,0.3674132947976878,0.7155756207674944,0.2866114563575134,,0.24309710323768666
SCHC,0.28174985565826555,0.16194081211286998,0.4418352601156069,0.8415349887133183,0.28870113730111635,0.9605019942236279,0.2148140649069572
SPXL,1.0,1.0,1.0,0.26252821670428894,0.5873266481557153,0.5324975931783799,0.18309661073063424
CGXU,0.4011694855267255,0.7317962835512735,0.38017822736030826,1.0,0.32430479716411587,,0.406517509993789
KBWB,0.5759449996644266,0.4964211975223677,0.7390414258188824,0.5611738148984199,0.3851585420477438,0.1,0.7564273538416919
XMHQ,0.46706698997240575,0.3725395732966278,0.4391859344894027,0.22189616252821673,0.2658692757301434,0.7645715857516159,0.37853818434538977
RECS,0.30283523430454923,0.24865794907088787,0.5769508670520231,0.2686230248306998,0.28849652518650964,0.5932237656443404,0.6412315959691034
JHMM,0.37904044150753635,0.5707501720578116,0.4509874759152215,0.2930022573363431,0.25963420277569643,0.9138000275065327,0.39637350640395974
SCHK,0.3130047914284656,0.1,0.5714113680154143,0.3376975169300226,0.3287734842859951,0.7231426213725759,0.5259192780941072
EWC,0.23619024188141372,0.6822436338609774,0.5410645472061657,0.3884875846501129,0.42638560450928836,,0.43221324460909993
GNR,0.43776919851785695,0.5583620096352376,0.3235789980732177,0.5693002257336344,0.25628559998303957,,0.31660049743212293
DSI,0.3473446787327211,0.3725395732966278,0.5608140655105973,0.30316027088036124,0.24077313633098987,0.4763636363636362,0.5260276296456412
XME,0.7271720706204976,0.4964211975223677,0.8377890173410405,0.17110609480812644,0.44031085913889256,0.17002200522624122,0.7949775225253574
ILF,0.5744378651356254,0.6450791465932555,0.4784441233140655,0.8679458239277652,0.37697939839340305,,0.8822333553137407
LVHI,0.1318907044509025,0.5583620096352376,0.46399325626204235,0.8679458239277652,0.2688117673479553,,0.5406649392437828
NLR,0.8048229126580677,0.7565726083964215,0.9928949903660885,0.5875846501128669,0.24898370499560557,,0.721047288885484
CGDG,0.1304234966117415,0.6450791465932555,0.5326348747591522,0.49616252821670426,0.27486826234403783,,0.4794742213600309
BKLC,0.30947006175601227,,0.6007947976878613,0.3255079006772009,0.24419563911625453,0.6569330215926282,0.4873953764532378
FDN,0.5139767756627016,0.6698554714384035,0.6094653179190751,0.1,0.2951424500833828,0.319894099848714,0.4936108154548714
REET,0.33746151037222183,0.2362697866483139,0.24385838150289016,0.8415349887133183,0.32795519582308763,0.1005446293494705,0.2718726486208435
DISV,0.23959684620096203,0.5831383344803857,0.5889932562620424,0.628216704288939,0.25744780398258327,,1.0
FEZ,0.3066272838295153,0.4220922229869237,0.44279865125240847,0.6790067720090294,0.3757324429032314,,0.18448219723812992
UPRO,1.0,1.0,1.0,0.31128668171557566,,,0.18386328004224617
OMFL,0.25035685147082576,0.4220922229869237,0.36596820809248554,0.2747178329571106,0.275341229245593,0.8163856415898775,0.495247580559105
RSPT,0.5515260691169052,0.5583620096352376,0.6472784200385356,0.17720090293453727,0.29670990024007715,0.12475587952138632,0.47242480374962037
IYR,0.32923632126086005,0.5335856847900896,0.2549373795761079,0.5835214446952596,0.567082987021182,0.10591665520561133,0.31830785521387117
KRE,0.7234702036199002,0.4964211975223677,0.520592485549133,0.591647855530474,0.6377059582476858,0.12475587952138632,0.2457681331520178
SLYG,0.5271272563465053,0.24865794907088787,0.4213631984585742,0.26252821670428894,0.2305663450652333,0.7863815156099573,0.7801333599651962
SLYV,0.5790402803435704,0.24865794907088787,0.34862716763005774,0.5083521444695259,0.2417956827392789,0.9104456058313848,0.8436355776150073
VTHR,0.31754693052119665,0.13716448726772196,0.5610549132947977,0.33566591422121894,0.21044348877007096,0.7006890386466784,0.9716726360345521
EMLP,0.1643463454255159,1.0,0.5254094412331407,0.6586907449209933,0.2248536304754938,0.23094622472837298,0.6021938453035348
TSLL,1.0,1.0,0.16148843930635837,1.0,0.6651805052659037,,0.1
IVLU,0.2609057359051391,0.44686854783207175,0.5545520231213873,0.8232505643340858,0.2721989751427217,,0.34860032231850435
HELO,0.1062620326274192,0.6822436338609774,0.40498554913294793,0.2340857787810384,0.235753424426266,0.5188818594416174,0.5458099962514742
IFRA,0.3552017071770246,0.43448038540949774,0.5237235067437379,0.44537246049661405,0.2360065104754374,0.36837848989134914,0.6325486966348088
NVDL,1.0,1.0,1.0,0.1,0.654210792996671,,0.6635946995296559
MAGS,0.6755241712468747,0.4220922229869237,1.0,0.4433408577878104,0.3714363118780118,,0.17283440544822248
IMTM,0.2404521873218992,0.43448038540949774,0.5152938342967245,0.5672686230248307,0.24336248151646545,,0.2936726524514539
DON,0.3740335324637546,0.5335856847900896,0.3536849710982659,0.5896162528216705,0.20965910426335957,0.843592353183881,0.4327517189864205
TECL,1.0,1.0,1.0,1.0,0.44763497926221657,0.1,0.8371115008605193
TDIV,0.45331864245247905,0.6822436338609774,0.6778660886319846,0.40474040632054176,0.22280466703415724,0.12297345619584651,0.7310189150069635
DEM,0.2750598008399066,0.8432897453544393,0.3611512524084779,0.9776523702031604,0.23599411974114615,,0.8606434878254993
IXJ,0.2723416319616037,0.5583620096352376,0.190631021194605,0.39458239277652374,0.21038198077832948,0.11090496492917068,0.37039868445894
EUFN,0.32643377888860625,0.6698554714384035,0.7286849710982659,0.8740406320541761,0.30054824060602287,,0.11436725156439392
QTUM,0.6013047911896895,0.5583620096352376,1.0,0.32347629796839733,0.2617855778595111,0.16427864117727958,0.632161257753566
USRT,0.35326345705949075,0.16194081211286998,0.3074421965317919,0.6871331828442439,0.23650983329558192,0.1,0.31794175830490023
IWX,0.1786674704722767,0.31059876118375784,0.43894508670520227,0.43724604966139957,0.2052737388894495,1.0,0.9754337482249226
AIA,0.4990865438261191,0.6822436338609774,0.7120664739884393,0.3966139954853274,0.24199725506910474,,0.6429717875543468
SUSA,0.31459882382537674,0.3725395732966278,0.5244460500963392,0.2970654627539504,0.22352266486799946,0.554555081831935,1.0
XT,0.4255595788117948,0.6326909841706816,0.39535163776493254,1.0,0.21011746296830375,0.4279535139595654,0.426794025342224
VIOO,0.5547255322025184,0.14955264969029597,0.39535163776493254,0.3661399548532732,0.20515357663892803,0.9071159400357584,0.5012184077246995
VNQI,0.32834082180183055,0.21149346180316592,0.21856936416184974,1.0,0.21843591736001064,,0.5419372491292203
IDMO,0.23929905914575395,0.3725395732966278,0.6388487475915221,0.518510158013544,0.21161196019351783,,0.2946034907805416
AAXJ,0.3937796741914809,0.9547832071576052,0.494340077071291,0.4575620767494357,0.27546422883722027,,0.551372042563554
EWU,0.19841988452732517,0.6822436338609774,0.42497591522157996,0.8395033860045148,0.35858792966070546,,0.1
SMLF,0.5084022150565546,0.24865794907088787,0.5078275529865125,0.3376975169300226,0.2080831157229029,0.8665658093797276,0.8159993652131324
XOP,0.7920271332722766,0.4964211975223677,0.29371387283236994,0.46365688487584655,0.44819381568203637,0.12475587952138632,0.19472141885809507
FLJP,0.3141840780606024,0.17432897453544394,0.45435934489402696,1.0,0.27807132000002527,,0.26676206710682204
DFGR,0.32182654658079546,0.33537508602890587,0.22748073217726397,0.9593679458239278,0.2289138218717436,0.10053225140970981,0.1
FV,0.4412950542726783,1.0,0.4254576107899808,0.23002257336343118,0.2056581867658709,,0.1
IYF,0.30700416398190405,0.5335856847900896,0.5757466281310212,0.4291196388261852,0.2187250379357122,0.10564434053087608,0.5594672168152853
GCOW,0.16092719645132314,0.8061252580867173,0.3556117533718689,0.9979683972911965,0.21572414818793212,,0.5766704881565734
IMCG,0.3908052546073679,0.13716448726772196,0.4625481695568401,0.26252821670428894,0.20483997013756067,0.6003905927657818,0.38474541489614944
EEMV,0.16793018456984435,0.3725395732966278,0.29780828516377644,0.6383747178329571,0.24055442292362827,,0.406517509993789
IVOO,0.4457179419301363,0.14955264969029597,0.42304913294797686,0.3702031602708804,0.19119100636252204,0.8169302709393479,0.19549793831075551
JTEK,0.698203427857768,0.8680660701995874,0.7209778420038535,0.1,0.22278355588904125,0.26779535139595656,0.6798490739499339
INTF,0.22555339043228778,0.2610461114934619,0.48711464354527934,0.664785553047404,0.20440249778170122,,0.3034768261751082
SPHD,0.1957607681852321,0.43448038540949774,0.23470616570327552,0.9756207674943567,0.26191364286388374,,0.7124103568760826
ACWV,0.1,0.31059876118375784,0.28215317919075145,0.5225733634311513,0.1990487118921674,,0.5552004640510895
FNDC,0.22717633730780173,0.5459738472126636,0.45026493256262035,0.8679458239277652,0.1940211975691637,0.8201609132168889,0.3177792309775992
CALF,0.6513629466326196,0.7937370956641433,0.27613198458574184,0.39051918735891655,0.3362214798192799,0.6586783110988859,1.0
MLPX,0.3175568735855313,0.6203028217481076,0.6089836223506744,0.9248306997742664,0.21987513079706578,0.1,0.6026042678472243
IHI,0.39218954418003443,0.5335856847900896,0.1,0.1853273137697517,0.2907435417071203,0.1,0.4000246253526214
BOTZ,0.6154765267435702,0.9052305574673094,0.4440028901734103,0.24830699774266368,0.2930652372924363,,0.6332940239741489
VAW,0.4232220380390438,0.17432897453544394,0.3519990366088632,0.38645598194130926,0.17130572580069728,0.1,0.2488413771591646
PTLC,0.1951716980505904,0.8061252580867173,0.4100433526011561,0.3295711060948081,0.20296619751258255,0.6473401182780909,0.4020701713103698
XYLD,0.212253829120207,0.8061252580867173,0.10007225433526012,1.0,0.2535700820173444,0.4978269839086783,0.6451535937966001
NFRA,0.14404241798360828,0.6450791465932555,0.2855250481695568,1.0,0.17634422148528858,,0.4324447229237408
USMC,0.305401489315813,0.21149346180316592,0.5870664739884394,0.2706546275395034,0.19136507144376197,0.5447641314812267,0.18480889358290672
LRGF,0.3184350112900506,0.16194081211286998,0.5704479768786128,0.34988713318284426,0.1993901427204536,0.6350983358547654,1.0
USCA,0.30827172649345647,0.14955264969029597,0.5506984585741811,0.3519187358916479,0.17553832220645602,0.7520698665933158,0.406517509993789
IYH,0.27959949277462937,0.5335856847900896,0.1976156069364162,0.3661399548532732,0.2247224707465708,0.1,0.6449467408345807
GSUS,0.3075117710775075,0.14955264969029597,0.5829720616570327,0.33160270880361176,0.18278894630741802,0.6171008114427176,0.304176186189555
FRDM,0.3707083139670938,0.6698554714384035,0.7811897880539499,0.5246049661399549,0.20365297437040625,,0.4929951816393371
FHLC,0.2635060313594746,0.16689607708189957,0.2120664739884393,0.3925507900677201,0.18375779528364772,0.1,0.29141532846116175
DCOR,0.31829808923566427,0.2362697866483139,0.5526252408477842,0.31128668171557566,0.18021453521269223,0.8458822720396093,0.406517509993789
SMMD,0.48478836979524187,0.24865794907088787,0.46929190751445093,0.34785553047404066,0.19459714989394616,,0.8390864541407531
ILCG,0.4447167276210301,0.112388162422574,0.6930394990366089,0.2015801354401806,0.18062413393831706,0.31464585339018014,0.406517509993789
IXC,0.4361876335594395,0.5583620096352376,0.3756021194605009,0.644469525959368,0.2315477643395728,,0.34542365183034773
REMX,1.0,0.7813489332415693,0.2597543352601156,0.40067720090293457,0.21992056534827092,,0.6732872383214266
PXF,0.23650179717027045,0.5955264969029597,0.5509393063583815,0.806997742663657,0.17078121659090192,,0.43620747680428595
QTEC,0.6457477643914759,0.7441844459738475,0.6797928709055876,0.1,0.20704341826715614,0.14675147847613806,0.580919182328847
PRFZ,0.5212661525446398,0.4840330350997938,0.46206647398843925,0.2930022573363431,0.17307511023262206,0.8641521111263923,0.791080150050482
IYY,0.3086623748794938,0.31059876118375784,0.5697254335260116,0.3051918735891648,0.16593195298563934,0.6661050749553018,0.1766644686259327
SQQQ,1.0,1.0,0.1,1.0,0.5862245526678057,,0.1
NUGO,0.5023878193763445,0.7565726083964215,0.7315751445086706,0.1,0.1727246210860465,0.2731673772520973,1.0
WTV,0.3123616402897814,0.21149346180316592,0.5473265895953757,0.46365688487584655,0.1730698732626952,1.0,0.9595438290234406
MDYG,0.4697098909228419,0.24865794907088787,0.4632707129094412,0.24221218961625285,0.1768622817852688,0.6302585614083344,0.3770590214979328
CQQQ,0.9228684276666481,0.8680660701995874,0.18701830443159922,0.6018058690744921,0.24306845698825047,,0.4335725640737995
AVSC,0.5703591951987901,0.3725395732966278,0.47170038535645464,0.3072234762979684,0.16904952172728643,0.8832265162976205,1.0
JMEE,0.46751546731564875,0.3601514108740538,0.4555635838150289,0.32144469525959374,0.16557445786208053,0.8407330490991609,0.406517509993789
KOMP,0.5378179571512216,0.31059876118375784,0.4779624277456648,0.4656884875846502,0.17671346550956377,0.4777870994361161,0.4916309371041133
FLIN,0.3649481079154391,0.29821059876118383,0.31129576107899803,0.23611738148984202,0.20075391041568635,,0.6487702372515918
FUTY,0.33378480989706416,0.16689607708189957,0.3635597302504817,0.607900677200903,0.1760900823446746,0.1,0.4336874823860325
ITB,0.7487837961282009,0.5335856847900896,0.36669075144508667,0.35395033860045155,0.3677982243663576,0.16306560308073167,0.1730626003825138
XSMO,0.5013414751969785,0.5088093599449417,0.6427023121387283,0.22392776523702035,0.1896408427343724,0.805790125154724,0.8905632912604624
MDYV,0.42375083205847164,0.24865794907088787,0.37608381502890176,0.4799097065462754,0.17547566795478414,0.7969894099848713,0.38063462269855564
IPAC,0.3087263217317202,0.17432897453544394,0.4199181117533718,0.9410835214446952,0.16525687303023573,,0.5864680951195288
SNPE,0.3151653290248886,0.18671713695801795,0.5771917148362236,0.31331828442437926,0.19074894474141843,0.5018498143309035,0.7518371881130688
NULG,0.42517145479991647,0.3849277357192018,0.6345134874759152,0.12437923250564334,0.183156756101347,0.31325952413698244,0.26839883221105576
SECT,0.3746929762102464,0.9176187198898833,0.51866570327553,0.24424379232505644,0.1680167244095217,,0.647066162850193
DIVI,0.23709216810006706,0.17432897453544394,0.43268304431599225,0.8923250564334085,0.17211913244376087,,0.34035411257069526
ARTY,0.722148946185059,0.6450791465932555,0.6648603082851637,0.1,0.2212564233740579,0.14339705680099024,0.648619201755514
EQWL,0.21434261509347427,0.3725395732966278,0.47579479768786126,0.4474040632054177,0.15737336270051558,0.8844890661532112,0.5225209794323583
TSPA,0.30305629820443425,0.4840330350997938,0.6198217726396917,0.23205417607223477,0.19577593026739548,0.7022734149360472,1.0
USCL,0.30752684010631104,0.16194081211286998,0.5287813102119461,0.34988713318284426,0.17106597793111963,0.7430587264475311,0.406517509993789
HDEF,0.16086057079263621,0.17432897453544394,0.4023362235067437,0.8435665914221219,0.1639796139361476,,0.4312134552926724
APUE,0.30052270562493644,0.44686854783207175,0.6109104046242775,0.27674943566591426,0.168206238835171,0.6248617796726721,0.406517509993789
FSMD,0.40247338120705634,0.24865794907088787,0.45797206165703275,0.3783295711060949,0.16410387211848526,0.8311525237243844,0.38216303625125525
ESML,0.510860462492035,0.27343427391603586,0.45243256262042386,0.3194130925507901,0.16334387202755712,0.8611566497043046,0.813221625437442
URNM,1.0,0.9919476944253273,0.8411608863198458,0.6708803611738149,0.2217551001079605,,0.9897821203523067
IHDG,0.2814560482046728,0.7813489332415693,0.3149084778420038,0.5002257336343116,0.17482383030298232,,0.39481061735759027
EPI,0.3565998421994905,1.0,0.36813583815028905,0.1,0.2435514919232413,,0.47912454135280746
ICLN,0.7984680917581775,0.5459738472126636,0.10777938342967246,0.3986455981941309,0.4284108968627447,,0.5629984923811896
FNCL,0.3204421797919782,0.16689607708189957,0.5222784200385356,0.45553047404063207,0.14908721410263043,0.10334204373538715,0.5637569532419276
SCHY,0.17701690991331476,0.16194081211286998,0.3753612716763005,0.817155756207675,0.1772305591798367,1.0,0.42322991597282456
SPUS,0.4074564245205533,0.6203028217481076,0.6253612716763005,0.22799097065462756,0.19257077176361917,,0.1843836958276444
SKYY,0.6876257061610025,0.8061252580867173,0.5625,0.1,0.20146722304940284,0.16759592903314535,0.5624042005379272
EWW,0.683108810809862,0.6822436338609774,0.3404383429672447,0.7521444695259594,0.3278758723863883,,0.6051833631117689
ACIO,0.12480494477657313,1.0,0.4353323699421965,0.1853273137697517,0.15902812197377186,0.5462618621922706,1.0
PABU,0.3577730109366065,0.18671713695801795,0.5080684007707129,0.31128668171557566,0.15445279832785813,0.4051533489203686,1.0
SPGP,0.41546422046904247,0.5088093599449417,0.36211464354527934,0.29909706546275394,0.1682798483954933,0.6971489478751202,0.7724535333276786
BSVO,0.5904019004027202,0.6203028217481076,0.47988921001926776,0.3844243792325057,0.1640683807092756,0.6593714757254847,1.0
EPP,0.37067963113694313,0.6450791465932555,0.31514932562620424,0.8293453724604967,0.1816556683874669,,0.613152127220044
QGRW,0.4948987971667977,0.4097040605643497,0.785043352601156,0.1182844243792325,0.17374613918432252,0.3020574886535552,0.7217056066455618
MLPA,0.23144340871275604,1.0,0.2973265895953757,1.0,0.15252047284455095,0.1063127492779535,0.5926950259523855
QGRO,0.43339786749028236,0.4220922229869237,0.6111512524084779,0.14266365688487587,0.1441512134871326,0.5585407784348783,0.4403757281579963
JIVE,0.2244919772241183,0.7441844459738475,0.7823940269749519,0.534762979683973,0.16236229880917563,,0.406517509993789
GUSA,0.3141365782484851,0.18671713695801795,0.5704479768786128,0.3255079006772009,0.14173881931504587,0.7062714894787511,0.406517509993789
BGIG,0.17730207509772766,0.6203028217481076,0.44087186897880537,0.4758465011286682,0.13172156332380425,0.8889203685875394,0.406517509993789
FTHI,0.23448590918301226,1.0,0.23880057803468208,1.0,0.182387862375831,,0.4895624074839183
FWD,0.6293692150080588,0.8680660701995874,0.930033718689788,0.12234762979683973,0.16744202677991865,0.41016641452344926,0.1
OIH,0.9106647387549338,0.4964211975223677,0.4061897880539499,0.3437923250564334,0.21097853105614345,0.1,0.43035649302144874
COWG,0.4523552165396076,0.6698554714384035,0.5909200385356455,0.17110609480812644,0.18475801278269316,0.4031233667996148,0.39050446402920025
FAS,1.0,1.0,0.8139450867052023,1.0,0.22591428176525338,0.10387429514509697,0.655740853733614
JMOM,0.33780312650253475,0.21149346180316592,0.6622109826589595,0.27878103837471785,0.14994507551897016,0.5679975244120478,0.7466149716671638
PHO,0.3323967723712345,0.7937370956641433,0.36211464354527934,0.2178329571106095,0.13280961934469968,0.27665795626461276,0.28191322572966293
ICF,0.3375154369439628,0.45925671025464576,0.2628853564547206,0.6424379232505644,0.14567683233708023,0.1,0.3574047067257311
DES,0.4828099613396156,0.5335856847900896,0.35488921001926776,0.6160270880361174,0.14853949971492386,0.8169302709393479,0.8850439288929263
QDF,0.28571554648715003,0.5459738472126636,0.47507225433526,0.4433408577878104,0.14053695506769195,0.47843075230367205,0.822871480284669
CGIE,0.23351972724752965,0.7317962835512735,0.497471098265896,0.3437923250564334,0.16587956342436533,,0.406517509993789
BBMC,0.4552380755880463,0.14955264969029597,0.49337668593448947,0.35395033860045155,0.13280624666540036,0.8418718195571446,0.3756323927360683
FIDU,0.37284016873336623,0.16689607708189957,0.6272880539499037,0.31128668171557566,0.13961967327779723,0.12475587952138632,0.7161681856861034
IWL,0.3140750013381163,0.24865794907088787,0.6089836223506744,0.29503386004514676,0.14327901718038172,0.4448246458533901,0.1
IYJ,0.3409170697313438,0.5335856847900896,0.5121628131021194,0.2686230248306998,0.12378101442405717,0.2279755191858066,0.44556675249058086
TCHP,0.4490779611519685,0.7689607708189953,0.745062620423892,0.1,0.15192575913196754,0.3548865355521935,0.39111517277421015
DFSU,0.3360282657599817,0.24865794907088787,0.5497350674373797,0.2909706546275395,0.14624357648685865,0.7636308623298033,0.406517509993789
IYG,0.3526127327983295,0.5335856847900896,0.5743015414258189,0.3397291196388262,0.13261640900193347,0.1,0.7940631010980173
NULV,0.23144853467722487,0.3849277357192018,0.3883670520231214,0.4291196388261852,0.16937127716622247,0.8927575299133542,1.0
XSOE,0.36549181653136886,0.45925671025464576,0.5075867052023122,0.4352144469525959,0.17743770983163426,,0.47685900891164157
ARKQ,0.7544713358422985,0.9919476944253273,1.0,0.15485327313769753,0.16142419686980583,0.3384857653692752,0.5061254196570509
EWP,0.29344544150910046,0.6822436338609774,0.7597543352601156,0.5611738148984199,0.1731199825433462,,0.21018121523379035
TILT,0.332135550133257,0.3725395732966278,0.5386560693641619,0.345823927765237,0.13501185666611332,0.8185394031082381,1.0
PICK,0.7213966411077379,0.5459738472126636,0.43412813102119463,0.6302483069977427,0.18187373904173215,,0.8857679142599946
PXH,0.3477151321254861,0.6450791465932555,0.47386801541425816,0.8740406320541761,0.16116272728714548,,0.7682852819739684
TMFC,0.36916974058553076,0.6822436338609774,0.7467485549132947,0.1325056433408578,0.14335087354536746,0.37935772245908395,0.5117662670975192
PSC,0.4644353328814591,0.5335856847900896,0.4820568400770713,0.23611738148984202,0.13960644373005207,0.8464640352083618,0.7971691789086591
USD,1.0,1.0,1.0,0.2015801354401806,0.3084641336711573,,0.3890335096326172
XSD,1.0,0.4964211975223677,0.7373554913294798,0.1507900677200903,0.17997291316694097,0.12475587952138632,0.6994590630874172
FIW,0.32305119473164423,0.6946317962835514,0.34766377649325625,0.26252821670428894,0.11770864861384929,0.30229266950900835,0.5790673558117201
FLQL,0.31741000846681033,0.24865794907088787,0.607538535645472,0.33566591422121894,0.13454244028545795,0.605663595103837,0.5196972723317747
DSTL,0.25677321661271346,0.5459738472126636,0.3753612716763005,0.3620767494356659,0.1352578711948409,,0.446134777291047
HEDJ,0.2688004755295267,0.7813489332415693,0.35272157996146436,0.4392776523702032,0.13480107056573815,,0.17281142178577585
JPEF,0.29263798628103427,0.6079146593255336,0.5208333333333334,0.24830699774266368,0.13527779166909526,0.5492820794938797,0.406517509993789
LIT,0.9069717456719684,0.9919476944253273,0.3165944123314065,0.1873589164785553,0.1888084732096376,,0.6392796263513163
FTXL,0.9857555981085624,0.8061252580867173,1.0,0.14672686230248308,0.160708927769498,0.1,0.7562730349652645
RWR,0.36461505683815526,0.3725395732966278,0.27902215799614644,0.8496613995485328,0.15846959113487857,0.1,0.2658164535661615
DGS,0.31625190875849774,0.7813489332415693,0.3866811175337187,0.827313769751693,0.14679824373731287,,1.0
REGL,0.2961312568202403,0.5583620096352376,0.3238198458574181,0.5591422121896162,0.1173248845473348,,0.4018748101795736
HACK,0.4756046490870253,0.8061252580867173,0.48326107899807313,0.1162528216704289,0.12804819384213834,,0.5182525849779877
FLTW,0.5710474762077339,0.29821059876118383,0.7888969171483623,0.5753950338600452,0.16836190295289016,,0.3955969869512993
ICOW,0.25887210008261696,0.8680660701995874,0.4297928709055877,0.5652370203160272,0.1536331465344725,,0.22233136421717375
IEV,0.2427107894297711,0.8061252580867173,0.40883911368015413,0.6607223476297968,0.16075003427873313,,0.17439565280441727
TMSL,0.45058540454537266,0.7441844459738475,0.5340799614643545,0.21376975169300227,0.15703829548967788,0.7516118828221701,0.1
USPX,0.31450710885740085,0.1,0.5747832369942196,0.3437923250564334,0.13280961934469968,0.6092284417549166,0.5811687192354102
FDIS,0.541178208021506,0.16689607708189957,0.49337668593448947,0.26049661399548535,0.12805595353045246,0.1016338880484115,0.7062753606930121
IDU,0.29789234932914466,0.5335856847900896,0.38595857418111756,0.5327313769751694,0.11529947617463202,,0.4384336086812577
IYT,0.5318866341698074,0.5335856847900896,0.39776011560693636,0.3173814898419865,0.21414393131842813,0.1,0.3330403828421488
PWB,0.418677297356003,0.7441844459738475,0.8202071290944124,0.1,0.13437319248034935,0.4204277265850639,0.5350651340576835
RPV,0.2733576836510613,0.4964211975223677,0.41124759152215795,0.5896162528216705,0.15079607455323735,0.9205831384953925,0.7885010547859373
RWJ,0.6005362707207116,0.5459738472126636,0.42882947976878616,0.3295711060948081,0.14093879521141248,0.8635455920781184,0.8953882186840759
FCOM,0.39496798917355125,0.16689607708189957,0.7368737957610789,0.30316027088036124,0.13434265864360295,0.1,0.8140556040462191
FLQM,0.31677068249744,0.43448038540949774,0.3341763005780346,0.4169300225733634,0.12029237952841632,,0.38277374499626515
DFEV,0.31194207742514124,0.5955264969029597,0.5275770712909441,0.6200902934537247,0.14555179008364155,,0.4499582737080583
GSEW,0.2911997701366268,0.17432897453544394,0.4452071290944124,0.4169300225733634,0.12161751994427497,0.9590166414523448,0.120965204376746
XCEM,0.3677465934699268,0.2610461114934619,0.561777456647399,0.7460496613995486,0.15459010285230607,,0.406517509993789
DFAR,0.3408052369862464,0.29821059876118383,0.24915703275529869,0.7054176072234762,0.17028178686340623,,0.406517509993789
EMGF,0.35523681676679897,0.3849277357192018,0.5220375722543352,0.5957110609480814,0.13515833318903797,,0.37075000615633813
ROBO,0.5584862973070243,1.0,0.4117292870905588,0.1873589164785553,0.13788576504275452,,0.6427321007888321
VIOV,0.5716404487278403,0.18671713695801795,0.36066955684007707,0.4575620767494357,0.12208584349676244,0.9071159400357584,0.7487212601613782
PKW,0.3476775753777035,0.8309015829318653,0.5285404624277457,0.2909706546275395,0.11217405894908844,,0.5362767014066548
RPG,0.4996105207456811,0.4964211975223677,0.5853805394990367,0.14469525959367946,0.1757263681604176,0.6614881034245632,0.7786180799338946
IYE,0.4499483713017092,0.5335856847900896,0.34092003853564545,0.5164785553047404,0.1937729118238728,,0.3524812778916321
XNTK,0.6191594223298995,0.4964211975223677,0.9558044315992291,0.1507900677200903,0.1358215767009664,0.15046486040434603,0.4704137332855419
QQEW,0.3919244195565923,0.7441844459738475,0.35416666666666663,0.17110609480812644,0.12851926826422455,0.5713890799064777,0.5037104934099821
JEMA,0.3763120207002958,0.4716448726772198,0.509995183044316,0.664785553047404,0.12476566018814342,,0.45198083600336003
ARKW,0.936636738531395,1.0,0.9967485549132947,0.49616252821670426,0.15271793398323452,0.323000962728648,0.49880676485798014
DTD,0.19206027919594038,0.4097040605643497,0.43653660886319845,0.5022573363431152,0.10820325099154479,,0.7328034322269255
EWL,0.2321292425636917,0.6822436338609774,0.3452552986512524,0.45349887133182853,0.18572316035689934,,0.1562287093305461
MISL,0.3626880505801109,0.8061252580867173,0.7994942196531792,0.17516930022573365,0.11368032292386752,,0.4549867707133417
PSI,1.0,0.7565726083964215,1.0,0.1162528216704289,0.16048879715750972,0.1,0.741473198039822
EUSA,0.292350373938613,0.17432897453544394,0.40546724470134876,0.44130925507900676,0.12020233741016668,0.9205831384953925,0.6243862130859125
IAI,0.46096967602570105,0.5335856847900896,0.6889450867052023,0.3397291196388262,0.11529947617463202,,0.6355382144430429
IMCB,0.3291786467359559,0.112388162422574,0.4377408477842004,0.3803611738148984,0.10719969662113632,,0.38678931916372306
SPGM,0.26033051122029666,0.17432897453544394,0.5280587668593448,0.49209932279909707,0.12187754921687259,,0.565104780875404
XHB,0.6780628125746906,0.4964211975223677,0.5030105973025049,0.26049661399548535,0.33211014569903097,,0.2141163465826851
ASHR,0.6872816428726813,0.8680660701995874,0.22844412331406552,0.5794582392776524,0.4800574079731007,,0.3594798031066251
HFXI,0.20157153893621832,0.31059876118375784,0.4801300578034682,1.0,0.1349146316049691,,0.18684458939960652
INFL,0.2897086193510302,1.0,0.5622591522157997,0.28487584650112874,0.1291609757399356,,0.6004782790709128
IVOG,0.47857937753574126,0.18671713695801795,0.46543834296724473,0.22595936794582394,0.11001127375553585,,0.3698667768423184
USVM,0.44782822369183084,0.4220922229869237,0.5018063583815029,0.4880361173814899,0.10994755806175775,,0.17599301734445671
TAN,1.0,0.9300068823124573,0.1,0.1,0.26038953946155835,,0.6345236499150425
IYM,0.43670273656136943,0.5335856847900896,0.3948699421965317,0.36817155756207676,0.10535929358528132,,0.45999392574635345
RODM,0.1267126499667826,0.4220922229869237,0.4839836223506744,0.7013544018058692,0.12189714011545699,,0.22352487297422274
VFMO,0.5038222875675886,0.22388162422573993,0.7021917148362234,0.2523702031602709,0.11967772688798894,0.7218800715169852,0.4044703223458659
BAI,,,,,,0.20168477513409433,0.5066901610771677
QQQI,,,,,,0.31306147710081145,0.5710641162097753
FENI,,,,,,,1.0
FNGU,,,,,,,0.1
FELC,,,,,,,1.0
AKRE,,,,,,,0.1
FMDE,,,,,,,1.0
FELG,,,,,,,0.7659163230517927
BLCR,,,,,,0.637697703204511,1.0
FESM,,,,,,,1.0
GRNY,,,,,,0.768841974969055,0.9967149779603095
EAGL,,,,,,0.7052688763581348,0.6396522900209863
QLTY,,,,,,0.5656580937972768,0.45770705133291567
MSLC,,,,,,0.7566497043047723,0.406517509993789
IDEF,,,,,,,1.0
GPIX,,,,,,0.4938784211250171,0.43262038377243994
GPIQ,,,,,,0.28373813780772933,0.6299285591158951
FELV,,,,,,,0.406517509993789
BDYN,,,,,,0.7603630862329802,0.406517509993789
CGGE,,,,,,,0.406517509993789
CGMM,,,,,,0.8695984046210974,1.0
KLMN,,,,,,,0.406517509993789
CGNG,,,,,,,0.406517509993789
ILOW,,,,,,,0.406517509993789
FEGE,,,,,,,1.0
CGIC,,,,,,,0.6269406829978358
CGCV,,,,,,0.9597593178379863,0.1777529092117972
BAFE,,,,,,,0.406517509993789
BDVL,,,,,,,0.406517509993789
RSSL,,,,,,,0.1
SCHV,0.22238559784788847,0.112388162422574,0.4297928709055877,0.5002257336343116,0.5342948475945128,0.9436927520286067,0.7655387343115982
JIRE,0.24520797162433966,0.3601514108740538,0.4256984585741811,0.7013544018058692,0.3579194125978746,,0.6539054441182345
XLG,0.36430732671861243,0.31059876118375784,0.6978564547206165,0.24221218961625285,0.4882601011475825,0.38213038096547924,0.8813025169846529
FVD,0.14649064513860324,0.8185134205092913,0.26240366088631983,0.5672686230248307,0.3728710387266033,0.778001650391968,0.8142755905296367
FBCG,0.5749125781510107,0.7689607708189953,0.8748795761078998,0.11015801354401807,0.31454209067428274,0.3385971668271214,0.7437748476648326
SIL,0.8889705137298611,0.8680660701995874,1.0,0.3255079006772009,0.3650172716249299,,0.4069082322553813
RING,0.846413010436721,0.5459738472126636,1.0,0.25846501128668176,0.19504185451197809,,0.668150389764609
CORO,,,,,,,1.0
CWI,0.23048495433205202,0.43448038540949774,0.4688102119460501,0.7054176072234762,0.19781443209819305,,0.2602757492263535
SPYX,0.30467794428479333,0.31059876118375784,0.6000722543352601,0.29909706546275394,0.17033997353541586,0.47981708155686975,0.18570197303797503
FBT,0.4114356519346342,0.7317962835512735,0.3577793834296724,0.1,0.15115180299709868,0.12475587952138632,0.46574476642853047
FENY,0.4762440522725464,0.16689607708189957,0.345014450867052,0.5693002257336344,0.30613545476413306,0.1,0.41518563411651077
PIEQ,,,,,,,0.406517509993789
GARP,0.4721253012137694,,0.8308044315992292,0.1,0.1550198424604896,0.36321688901114013,0.7001305143688933
KORU,1.0,1.0,1.0,0.2198645598194131,0.14649050722272342,,0.5710017319831344
SOXS,1.0,1.0,0.1,1.0,0.5223968864115376,,0.5273426234756223
TNA,1.0,1.0,0.7872109826589595,0.22595936794582394,0.55,,0.1
BIZD,0.5417952007041986,1.0,0.1,1.0,0.24695523664986888,,0.28816478191514106
MUU,,,,,,,0.8965850108214745
DTCR,0.5048799528225951,0.6822436338609774,0.9411127167630057,0.2645598194130926,0.16329114772118453,0.20581900701416583,0.5845128421213921
SOXQ,0.9904377568112653,0.29821059876118383,1.0,0.16907449209932282,0.19894652308377503,0.1061394581213038,0.7006082462097478
CHAT,0.7504492712836648,0.9919476944253273,1.0,0.1,0.1523823223444729,0.2002365561820932,0.7022893369487
GSWO,0.1098303958732268,,0.48566955684007707,0.1,0.11925024783924514,,0.406517509993789
DRAM,,,,,,,0.406517509993789
SNXX,,,,,,,0.406517509993789
XOVR,0.5448585020175254,0.9919476944253273,0.5969412331406552,0.1,0.18435748164972765,0.41862054738000265,0.406517509993789
AVIV,0.22754939229087656,0.3725395732966278,0.5557562620423893,0.6830699774266366,0.12037460435911272,,0.406517509993789
