Date,Preference_Driven,EqualWeight,MaxSharpe,VT,VOO
2023-07-03,33445.94268010867,33418.32257117359,33371.98551071972,33439.547603925224,33396.836935379964
2023-07-05,33391.452928289495,33282.76475497313,33291.57196760016,33250.50447985956,33322.36482769334
2023-07-06,33054.26671571673,32971.1242661778,33025.538224640666,32841.494519357846,33050.6395424582
2023-07-07,32939.151620241355,32960.94577258139,32907.1101216356,32927.41893511552,32973.71196878358
2023-07-10,33057.65402311771,33134.99043617736,33033.59413819398,33030.53764342351,33062.103564043515
2023-07-11,33340.22504357595,33421.21637337817,33261.667515638954,33315.81677733061,33274.076586750045
2023-07-12,33491.06949634597,33619.02134092301,33463.108962093,33704.20354966478,33535.969647417216
2023-07-13,33665.96219549449,33799.17033727313,33678.63636055093,34092.59862440963,33809.32672966971
2023-07-14,33544.49126665865,33692.54560382674,33674.72723702413,33968.867797815015,33782.321784109714
2023-07-17,33487.62299252118,33726.15171609647,33746.586706057395,34065.10104018623,33900.17638107163
2023-07-18,33713.04182223316,33957.82259907904,33999.96303048631,34271.32738692127,34157.158509762805
2023-07-19,33937.780758983,34132.07243008538,34108.71098454866,34302.25663423213,34230.81730909475
2023-07-20,34073.72513655,34172.54097858151,34053.179361029885,34068.532703273675,34007.3880352649
2023-07-21,34174.884023032966,34218.15973226166,34076.80236180368,34082.2925652663,34011.48306873223
2023-07-24,34333.407934089875,34329.42640295979,34205.40199845799,34206.02062439069,34155.52153243747
2023-07-25,34343.537529244626,34353.741194876944,34271.02051890304,34309.13656522845,34256.18786748341
2023-07-26,34358.13358630912,34409.785018559225,34241.16746206842,34371.00059479065,34264.37534426407
2023-07-27,34202.102429504885,34149.36376951404,34031.04497567109,34144.156594828506,34031.94528529888
2023-07-28,34442.76136228709,34376.13174264635,34312.211080467496,34498.179689294106,34363.40211183068
2023-07-31,67822.94757679792,67832.04720725535,67671.68637263744,67979.84606007648,67826.99910701058
2023-08-01,67526.13076484048,67556.99586612407,67291.38484836374,67567.60037908118,67617.39281772402
2023-08-02,66918.80605920534,66962.44066687793,66588.93737519074,66439.00164679241,66680.64997271627
2023-08-03,66816.36952413247,66743.52121098529,66360.82766793469,66297.08813886794,66492.00533288658
2023-08-04,66470.90661323661,66463.78978732633,66081.63140897371,66175.42777804834,66166.3088569415
2023-08-07,67012.10532359622,66978.82841641545,66485.44691472218,66662.02568957586,66762.88413597015
2023-08-08,66738.48808873024,66661.95550754796,66302.88237072212,66249.76912564282,66474.27365521797
2023-08-09,66567.80089146885,66465.9221818202,66185.19238274774,65979.44239404083,66032.48699261437
2023-08-10,66623.35092952129,66422.25067010942,66189.5429703895,66080.82784188013,66071.18031973984
2023-08-11,66737.43396727084,66506.33099880788,66348.23938371023,65844.29263191199,66009.92821650706
2023-08-14,66797.09497970754,66499.41513201113,66270.18355530413,65898.35906652619,66382.36998716353
2023-08-15,66019.10534274967,65697.76072346642,65441.92385372178,65121.164951885214,65621.35189483242
2023-08-16,65650.43395224206,65282.69882655813,65152.96942915824,64627.83050190637,65136.03970402359
2023-08-17,65518.52055722503,64879.79380592516,65026.777291660066,64202.06277078865,64608.81952222418
2023-08-18,65626.84858797646,64996.60773181179,65192.044787481624,64161.518386296884,64668.46939616546
2023-08-21,65587.86433490374,65005.68530812989,65241.3106641884,64479.15868965514,65095.73394232451
2023-08-22,65365.97289444276,64780.85643443112,65129.27876042086,64343.98716165085,64913.539040789234
2023-08-23,65775.35587272125,65287.33968538701,65558.44421994734,65080.62600886232,65613.29992724651
2023-08-24,65189.16190237646,64702.13781895894,65011.07806091122,64269.645814056355,64741.02384933664
2023-08-25,65624.87239138597,65062.45967329472,65405.529772794966,64641.34711055991,65169.90593271036
2023-08-28,65972.0549907816,65451.68901316666,65783.34337327845,65175.23682796826,65598.77781080196
2023-08-29,66626.46877793607,66138.5831835118,66419.71335520342,66053.78374163534,66530.7037626531
2023-08-30,66784.4893358633,66272.3280585979,66464.69106927469,66215.98304547786,66808.01699610791
2023-08-31,99820.774756758,99326.06734268556,99488.19143610018,99294.98067920921,100012.93457675821
2023-09-01,99961.65809025962,99649.25533932136,99774.20409101188,99640.41866169046,100225.60982770995
2023-09-05,99296.9319860044,98630.18907026095,99089.66512993109,99010.51340869293,99788.18228411573
2023-09-06,98692.78854168337,98175.78638789585,98264.2789931326,98441.5297834967,99099.39318376115
2023-09-07,98578.11079714146,97992.5356282275,98543.98771590773,98035.11290835655,98804.54203925314
2023-09-08,98904.52184886519,98137.73395214087,98985.77281406775,98075.75459587056,98939.89821835453
2023-09-11,99227.78695625319,98486.94665355074,99026.64747102042,98868.25114100595,99590.0010129005
2023-09-12,99074.23247895123,98356.53115901911,99396.16325635577,98451.69838606913,99055.90359601348
2023-09-13,99043.69880296823,98236.22786007078,99579.11400871296,98339.92556471165,99171.89367659621
2023-09-14,100031.01729406235,99246.81231765567,100605.20726319615,99335.62236672318,100029.84549454051
2023-09-15,98979.94904810304,98390.75927507367,99809.30161284158,98512.65273664623,98782.78959684119
2023-09-18,99042.96864662462,98320.21635869294,100059.59570961338,98396.33963014977,98891.55180890094
2023-09-19,98782.01649831748,98120.67119190413,99728.80757872052,98212.69123179988,98693.37053768571
2023-09-20,98332.81274363502,97708.65346700938,99639.55552128312,97539.28922910187,97770.16904104367
2023-09-21,96915.05244569381,96296.93812444372,98398.58558851741,95937.44390930628,96167.86914184452
2023-09-22,96640.06540223808,96042.54817581277,98288.42747871584,95917.04943930378,95935.85073798847
2023-09-25,96859.64234300198,96273.67480638924,98510.42656954483,96019.0790541739,96334.63021846469
2023-09-26,95711.48709840172,94949.98823437684,97012.58652862637,94672.29141016574,94920.80559560707
2023-09-27,95599.216414508,94915.73964546554,96750.94075434742,94682.50091620791,94942.55803801904
2023-09-28,95996.83843809941,95419.51725223284,96613.70532646733,95335.47572612765,95496.41927740694
2023-09-29,95667.84283925226,95099.0879741498,96211.35052916373,95070.2003636041,95268.37811337304
2023-10-02,128119.96491036123,127230.85428774598,127295.96589502927,127714.18692768595,128591.54904774581
2023-10-03,126886.81787324384,125848.3136750836,126091.47655020187,125977.9084258591,126862.44914461015
2023-10-04,127106.10347910042,126332.17323112876,126219.22775548584,126501.56305674276,127795.77674394651
2023-10-05,126567.89053535796,126188.77312786054,125838.7067369716,126804.7024510316,127687.6983206423
2023-10-06,127438.35035385679,127182.84960433749,126718.04538964073,128210.2743917541,129210.47044279675
2023-10-09,128526.03172940406,128077.87754137126,127819.82515679568,128596.13738441878,130071.77329232704
2023-10-10,129242.32351406937,128943.95121380241,128484.0339624144,129739.8709607348,130743.08195522723
2023-10-11,129266.73262640822,129115.8202302835,128384.59023567723,130332.42693521027,131296.52442779104
2023-10-12,128409.88175878047,127885.18537611696,127601.20434166257,129174.88215307487,130507.30827595945
2023-10-13,128373.10924019862,127678.06316240846,127845.30980840798,128320.54305901618,129819.6247201131
2023-10-16,129678.87911025771,129058.77964703336,129019.26829181789,129629.61334243737,131178.63758815717
2023-10-17,130070.17744602452,129485.26699587992,129396.94901874835,129629.61334243737,131181.91050181666
2023-10-18,128862.52925972105,127875.14367919712,128312.26824481119,127659.09678991353,129426.60664010761
2023-10-19,127783.0829154834,126619.54057974552,127287.60399177925,126556.65319451518,128329.54043595836
2023-10-20,126596.14028052242,125355.05314686704,126216.20264877901,125109.76917494569,126731.46032568954
2023-10-23,125816.61053804055,124653.3874939569,125352.74859833893,124875.49797735471,126508.76797641096
2023-10-24,126877.2979413544,125512.09820830979,126290.27428881402,125826.31663078538,127455.19755503398
2023-10-25,125704.49917619853,124461.33852681896,125684.01188438582,124186.49559040123,125657.31484180542
2023-10-26,124620.747911285,123849.71390182455,124503.80645957956,123139.19737759857,124114.90523769404
2023-10-27,122931.58317759298,122453.07247948568,122889.65348421104,122601.77573675412,123564.73567878969
2023-10-30,124439.60881696634,123728.98731885465,124391.73215574338,124048.69290321758,125051.4954260411
2023-10-31,158641.44487591524,158115.14528686722,158676.42000525133,158150.9403293969,159342.6141477097
2023-11-01,159389.35979204706,159049.4062731765,159602.1573839891,159706.91552909216,161097.10555290908
2023-11-02,162021.01439200685,162191.49976455452,163459.43554724814,162958.73674301757,164158.10584454928
2023-11-03,162889.4377316974,163936.9771566091,164410.4354086823,164951.8327694959,165676.17002284824
2023-11-06,162513.15605837427,163484.28318908467,163763.8582339192,164934.33840423837,165995.5429300711
2023-11-07,162231.69679564232,163130.8571806118,163151.25027863897,164829.42828437674,166464.22590791062
2023-11-08,161909.47886282403,162703.6883169744,162290.41350110903,164724.51816451512,166601.1392411876
2023-11-09,160355.33067501412,161388.373585682,161144.49347704367,163675.55714510777,165344.36114810422
2023-11-10,162102.89428099073,162992.41826580508,162448.34783207774,165598.66169263519,167924.20326420228
2023-11-13,161940.36834679046,162865.46698968858,162259.5311190587,165581.18134529854,167754.16658105038
2023-11-14,164915.5713327092,166594.74557659417,165515.96512283277,169409.98018262108,170976.95214100982
2023-11-15,165797.20630036874,167151.7795874323,166116.03706786848,169742.14883577992,171350.24039427866
2023-11-16,165022.406461969,166592.72671851356,165471.13906982174,169427.4745478786,171590.81294368612
2023-11-17,165582.57280097617,167300.64561989738,166424.24850101737,170371.55348326606,171843.82146061477
2023-11-20,166362.3550082088,167982.7975179497,166982.1059963003,171490.42187409915,173137.9074562616
2023-11-21,166191.793638056,167632.49648712375,166713.99747765996,171035.89078958373,172685.79269172312
2023-11-22,166861.2705230519,168338.0779275681,167331.23407151288,171455.4611794258,173432.36919826077
2023-11-24,167263.04386538098,168875.82182829815,167820.2062433248,171910.0483356247,173527.77699955867
2023-11-27,166755.60600799276,168461.99626196825,167453.6490436768,171577.85164662407,173224.99845909112
2023-11-28,166983.58670169572,168444.45598892594,167494.63581875322,171857.5932756939,173395.0482189702
2023-11-29,167027.89016489964,168609.8337175507,167761.83543363423,171892.55397036715,173283.07220437124
2023-11-30,201806.30861174816,203269.22278021582,202646.47292653468,205830.8704124207,207417.22993770966
2023-12-01,203429.5322914952,205535.34633751345,204085.5438161007,207605.0795481788,208633.8414837608
2023-12-04,203163.48175558134,205499.89952112536,203353.5491304827,206331.80290598143,207585.39167049652
2023-12-05,202312.68751078326,204274.26294242617,200926.50271103362,205872.6273390665,207521.10508502778
2023-12-06,201764.97992724547,203930.51169332032,199641.04696882702,205496.89868047045,206655.62958184734
2023-12-07,202524.42129671422,204754.40174878755,199005.57823149912,206874.5257986743,208272.81999456766
2023-12-08,202933.78557638085,205360.77828198363,200247.46197002783,207458.95540928337,209158.0819825795
2023-12-11,204120.9397627038,206447.88256987778,200437.975096039,208231.31629416306,209969.14075442692
2023-12-12,204339.16185495537,206600.43533795702,198843.7536077662,208753.1188829251,211012.6634367166
2023-12-13,207383.86398154698,210325.5823802078,202434.69518444865,211842.36158752625,213886.06954952408
2023-12-14,208814.23869257054,212153.77151717662,205298.64749111948,213491.33341583333,214514.13841910107
2023-12-15,208071.27357295793,210970.76949154283,203689.87749275452,212510.30505142687,214187.7003998497
2023-12-18,208976.67605358956,211631.09074839047,204818.1890663202,213353.97906834565,215399.4004071129
2023-12-19,210049.330478492,213247.73944082102,206644.70208392217,214952.9095296504,216709.98606197312
2023-12-20,206862.04186134794,210131.3739995418,204280.6584333674,212007.46462614764,213581.91276496468
2023-12-21,208440.21122252516,212216.98026971106,205427.97453600066,214742.51821707975,215662.65888614615
2023-12-22,209369.61910260978,213037.19329070937,206162.32871702508,215058.0633453279,216164.197161234
2023-12-26,210237.79704011648,214175.61015928877,207423.3266947603,216131.05736581382,217063.03994379917
2023-12-27,210404.1484689246,214485.76758229037,207041.31108605835,216762.21456728267,217460.31326690316
2023-12-28,210486.77050983708,214537.37782716,205795.66790085562,216909.51024319814,217495.09943527105
2023-12-29,210122.61006445377,213894.89842064393,205503.92385393422,216446.63596654823,216914.05660056518
2024-01-02,244970.81494432144,247610.8887969466,240426.52822572782,247667.39956937562,248648.6589223916
2024-01-03,243859.47347820448,245609.33403850198,241542.96060152835,245530.90523854186,246803.89451752746
2024-01-04,243464.42664064924,245235.74041806022,239422.80243168637,245239.52032998658,246024.734560854
2024-01-05,243806.92930726195,245521.0394714152,239668.95800377976,245530.90523854186,246339.85228268267
2024-01-08,245668.06696381382,247714.47090127485,239564.3475071244,248492.88391858747,249863.20587182333
2024-01-09,244781.0867169909,246601.89054613872,237439.8054259652,247278.9249852515,249255.94139121988
2024-01-10,244971.256756028,247105.45618138244,236615.75997001654,248492.88391858747,250900.2090426018
2024-01-11,244387.48375227794,246434.14636110724,235839.458192469,248395.75561573572,250814.27929279162
2024-01-12,245101.15018069313,246747.31054972037,237368.6330187474,248784.21088621835,250928.82830823882
2024-01-16,243694.63169460295,244929.21254212334,234027.00022786282,246380.60889413193,250075.1971009448
2024-01-17,242477.07292836806,243472.13293846115,232115.36687902352,244438.31322807734,248683.05240818544
2024-01-18,243494.8572729192,244534.2976168417,232318.6402836303,246526.2916915888,250894.47079889456
2024-01-19,245449.6748434071,246386.1220336943,233249.3538982835,248759.9143252743,253965.2946170544
2024-01-22,245710.51074498263,247345.8243367468,233873.47426512584,249342.64551510187,254543.92184379607
2024-01-23,246832.83612865838,247682.85616009496,234229.92185132788,249731.10078558457,255300.1468138654
2024-01-24,245814.79795322558,246839.36075873818,234969.30285825906,250386.62509003695,255512.13804298683
2024-01-25,248264.35862298807,248835.55671387562,238640.91437410007,251479.1784732186,256950.11673250492
2024-01-26,248311.3197349736,249111.73829086748,239583.85337877748,251649.13851797805,256795.43598755662
2024-01-29,249556.5211569672,250499.59026259012,240191.7280268864,253445.7513865757,258663.13537902487
2024-01-30,249905.69370068656,250757.6939199444,241369.66557944662,252863.058824031,258479.8173802148
2024-01-31,279726.94961153896,280608.70643527113,270796.18742336566,282706.17195165233,287058.8893396947
2024-02-01,282922.7080708737,283632.2174544743,272586.2937933871,286003.7161081522,290836.14726225805
2024-02-02,284055.05585173547,283896.0462337608,273819.78890683694,287075.3835301275,293824.2992697517
2024-02-05,282335.35188924207,281968.8094665236,272678.20761029073,285701.4195496923,292750.6180867028
2024-02-06,283451.0573758056,283302.0119907143,273757.27313841,287295.2037768463,293662.6276998964
2024-02-07,284600.38960598945,284312.31762453815,274968.7073890643,288751.5784901902,296075.1103202918
2024-02-08,284911.1777867552,284895.26820821385,276134.77042769577,288861.55419238214,296275.6309936684
2024-02-09,284833.59242473735,285351.8312536024,275075.18570029805,290455.3384195362,297957.3118161973
2024-02-12,285819.5260757001,286690.77381730004,276615.94782667403,290840.0457109047,297821.4719555313
2024-02-13,281871.395884152,282365.8925542669,273134.10882294667,286251.0138857108,293623.7989043226
2024-02-14,283576.31826414674,284468.2250157363,274498.7926762894,289438.6260592404,296417.94908957934
2024-02-15,286036.2238201941,287692.35203487525,278835.1803495831,291911.75685210177,298422.9933597664
2024-02-16,285159.95942344173,286800.9158424372,278101.11110804504,291224.7748618841,296896.5871036379
2024-02-20,284529.7628434342,285990.27435275196,276434.92539365083,290427.8608886963,295266.63062333013
2024-02-21,285467.9142804955,286859.644753982,278879.1322455831,290510.29348121583,295564.18266974646
2024-02-22,288913.6724589034,289905.2883225887,281746.1343848122,295236.7348202197,301773.378226387
2024-02-23,289378.53649508714,290513.21677538485,281363.59854319977,295456.5550669385,301909.218087053
2024-02-26,288042.9668746871,289512.90943475673,280984.1917842993,294687.1404842013,300803.18634367496
2024-02-27,288256.60989495635,290099.6445311594,280790.4327432147,295319.18927235017,301359.4616409338
2024-02-28,287931.858754509,289752.94313281105,280420.4793015814,294192.47935025167,300893.73948146985
2024-02-29,322288.57409072877,323790.31874873827,315050.84647101455,328871.57311654574,335462.4707265845
2024-03-01,324350.1567449214,326003.66062938335,319332.447385618,331808.4872710939,338695.45730552747
2024-03-04,324567.83237526374,326252.1092052674,319554.42744839337,331288.3945266719,338293.09630045074
2024-03-05,322606.05702769046,324341.61617871595,316643.60827650473,328749.20980556565,334902.0933039172
2024-03-06,323788.82154079503,326222.22356637375,318970.8791661089,331380.1670099068,336676.6368474712
2024-03-07,325877.6093474395,328533.06649164687,323100.36933713977,334775.992253387,340010.1854806066
2024-03-08,324665.6526857508,327398.4519793202,319452.67447585636,333185.1475287544,337948.32500473986
2024-03-11,325422.86871516425,327464.8143136583,317619.2103162432,332420.37683512934,337668.09117808356
2024-03-12,327530.0641827307,329450.7819679715,322220.9395691491,335632.584103004,341281.8285225526
2024-03-13,327841.4237743735,329445.5889579853,321627.75405102497,335081.900530837,340764.58134834113
2024-03-14,326835.8418753707,327817.48708468414,320158.24760166946,333582.8526258178,340017.3588169083
2024-03-15,325311.9939899021,326782.417400665,318319.9410976534,332111.7672196683,337675.26451438526
2024-03-18,326419.19429634826,327719.65984202625,320160.26891927136,333340.24326878536,339787.5188056549
2024-03-19,328069.708768144,329546.2309416793,322169.6587028427,334507.24562587054,341691.38542159245
2024-03-20,330947.13681021146,332139.08269330557,325219.11034350336,337824.07498481596,344672.94430739275
2024-03-21,332904.485730769,333795.3020845623,326616.1687363611,338837.5391300928,345822.41505559563
2024-03-22,331425.0446472832,332411.0190217426,326260.1271968216,337793.4111479356,345370.494868585
2024-03-25,330798.00176481967,331653.0656791444,325158.56615435024,337117.71159953455,344476.7603268381
2024-03-26,329605.1246337795,331136.2879301854,324060.36637852446,336718.47331062704,343510.9314994924
2024-03-27,333662.483297874,335241.80677778093,325875.8710264827,339236.8017553789,346509.3184006421
2024-03-28,334480.09192263946,335874.95754919463,325857.82822218275,339359.6274575499,346466.0528062183
2024-04-01,366394.4344206986,367492.7814991837,358482.5980858034,371714.5343532709,379301.23069447797
2024-04-02,364227.8506269572,364911.1919726582,356269.7887508349,369555.9729948166,376820.37925485626
2024-04-03,364364.66324106185,364987.3134184136,357594.57655471313,370500.33690744627,377160.1158927065
2024-04-04,360729.6082925908,361196.1159189041,353176.98958711274,366689.0718849494,372514.336682229
2024-04-05,363159.3598813703,363951.84697665216,358048.3616823429,369690.88976141403,376472.729688546
2024-04-08,363171.68206827104,364214.6096202269,357409.29514583095,370500.3369074462,376622.8280502717
2024-04-09,364038.85132359626,364916.7072051056,356850.8821057432,371073.6797119329,377088.99844817206
2024-04-10,359804.69518048875,360477.5721403113,353842.82754368486,366823.9886515467,373438.73982166813
2024-04-11,360488.1476054725,361200.4701394751,357521.4834475961,368915.11835347855,376132.96832279424
2024-04-12,355803.8146896483,356377.4958714441,352349.59288122214,362945.29197252734,371005.2670412007
2024-04-15,353178.7944360597,353482.24767496693,348024.044486942,359538.8307033754,366296.2833146489
2024-04-16,351904.0861742041,352347.8647198058,347443.92517883395,357481.37673954037,365640.524096427
2024-04-17,351125.5886265647,351284.2218518689,344634.2800636198,356132.26252711826,363436.13059487694
2024-04-18,350890.2582033206,351233.9805567573,343310.9571345771,355592.6221875047,362606.5342295493
2024-04-19,351462.969904925,351371.3910066281,338727.64672146953,353939.94525023847,359572.5690905728
2024-04-22,353900.2090376448,354209.6079824537,341908.5456334669,357245.2723979948,362693.45280310215
2024-04-23,356752.46930315933,357479.64036135265,346541.3631653948,361326.3442269104,367268.1145690453
2024-04-24,357703.89298027963,357741.66883736296,346056.8185686423,361225.1833787386,366999.5201036309
2024-04-25,355588.18660998804,356319.2237494944,344347.08567304316,360078.4443162127,365482.48807833984
2024-04-26,357133.17589432676,357398.8395765218,347667.07071499387,363316.33980744664,369140.6349054024
2024-04-29,358512.85491567815,358934.82231759734,348441.7858243173,364901.5316346379,370428.4887401704
2024-04-30,386585.3494426748,387229.6886737756,375957.1687619808,392161.06819838245,397380.03281288967
2024-05-01,385269.83096047724,386392.9979486663,374592.1670613016,391424.8625278428,396088.28136303346
2024-05-02,387780.2855008027,389259.4092395483,378043.16519529495,396210.02437707805,399782.7886186919
2024-05-03,391958.8418508699,392684.8636389106,383360.5423323855,400443.03197340877,404743.2802168732
2024-05-06,394374.2841318836,395658.45420055924,388340.0683390174,404013.51280267775,408825.34525113803
2024-05-07,395747.64745159965,396863.3323302041,388991.4342967422,404123.9144850468,409410.9270230276
2024-05-08,395860.48745315435,396858.3473364726,388873.1752470725,403866.24250035797,409428.1500163185
2024-05-09,398770.464395604,399693.2647178792,390844.4456856858,406369.2542755566,411779.209889207
2024-05-10,399411.90493815177,400443.01135047816,391347.98522044247,407031.8102108302,412287.3016678081
2024-05-13,399264.35950237024,400262.7594675722,390689.11012571,406958.1896437763,412313.12268122396
2024-05-14,400362.89558303263,401757.4874085693,392291.64807910303,409461.1722507629,414268.0267553814
2024-05-15,404065.50635365344,405582.3347749217,397762.03855308855,414209.52381647116,419314.63332001714
2024-05-16,403906.2941788296,405057.90783763194,396037.91283606336,412884.4119459239,418513.6967493889
2024-05-17,404568.5834545449,405669.50361610815,396070.5745408391,414025.5015670482,419133.7784139423
2024-05-20,403465.11474409304,405090.09887355124,397291.7398457578,414283.1443835251,419547.1302529231
2024-05-21,404175.73268764047,405489.91492702585,397871.5049220882,414246.3340999981,420675.3036960779
2024-05-22,402800.528297343,404155.6589589359,397319.5682717321,412148.23544359626,419452.3903133029
2024-05-23,399114.55791938835,399926.6641119605,395605.125316948,409203.558602498,416334.92071549123
2024-05-24,400604.558357796,401712.9020192467,398644.97644085105,412221.8560106502,419168.2244005241
2024-05-28,399157.72571728955,399871.93706857564,398668.4347140041,411890.5634589074,419504.05929317547
2024-05-29,395603.3768855342,396122.8382730048,395970.69683809555,407399.91304609994,416550.1946551065
2024-05-30,395565.7744889309,396376.06781950354,393011.0806224826,407142.2410614111,413751.3369566554
2024-05-31,433765.72307648126,434872.08644606726,429205.9093193176,443780.5039624748,450974.082776559
2024-06-03,432895.06108940725,434163.3932406627,430786.5723834439,444218.59913781495,451467.33456012455
2024-06-04,433652.09034897445,433950.83086622856,431476.3092370072,443342.4718995997,452016.3305521068
2024-06-05,436186.42469049385,437353.6234000146,438855.1939448713,447922.03858014784,457422.9654038625
2024-06-06,436702.6914722752,437163.6642259336,438723.6792059416,448240.5671906702,457320.62206615286
2024-06-07,436163.07843864587,436141.59903917834,438713.05159923725,446050.37532006233,456725.0269448777
2024-06-10,436339.7420648656,437140.08262926445,440454.1261523906,447085.7353073061,458223.2763250126
2024-06-11,436987.850308906,436616.5996159604,443251.84979029145,446329.11152144364,459265.52410056046
2024-06-12,437949.21867384424,438793.2100912282,448242.2168376239,450669.7659659838,463090.1476372772
2024-06-13,438517.74010298477,438711.64257464185,450488.8043782756,449076.8389072795,463964.87154301704
2024-06-14,438434.3339335103,437729.5085103152,451898.02830012096,447643.3023787664,464337.16946161154
2024-06-17,439986.0983820747,440626.7232866227,456004.80130074377,450550.32562609593,468022.25773055176
2024-06-18,441023.1529224049,441855.8411806128,457159.3752493468,452023.7492324475,469269.1630570629
2024-06-20,441662.96457511414,441689.4336928009,454748.50798384444,451227.26992497913,467966.33877540025
2024-06-21,441246.103339693,441256.10848573735,452932.3774939274,450018.4768840964,466942.7306515695
2024-06-24,442030.43947231706,442516.65653967875,449350.0741169371,450498.7942984773,465686.4472502881
2024-06-25,441862.9700735322,441774.25993264455,453439.63291624107,451379.33940923784,467622.0877077487
2024-06-26,441936.0531412195,441058.5549048555,454888.7774774445,450698.92392478336,468143.1824710667
2024-06-27,441870.36725376634,441362.9516653972,455877.9634862084,451539.4557327757,468869.05128317134
2024-06-28,441652.24932641396,441283.5124371567,453461.81840969133,450819.0269455529,467061.0341910618
2024-07-01,475086.17326561635,473732.6977230145,489341.79884735425,484796.84172337456,501544.6446964949
2024-07-02,477094.63206606393,475573.1487990809,492582.7353442368,487075.0268615614,504796.34019159176
2024-07-03,478253.47191392427,476482.35886811995,495954.6219008874,490814.8305708668,507077.5912845334
2024-07-05,479148.74336354114,477827.1753180531,500084.4893819273,493093.08348797605,510109.1808405027
2024-07-08,479550.7940634879,478350.46811758063,500924.7247475675,492964.1340881963,510599.4111225601
2024-07-09,479164.72357635933,478236.916737031,501696.4431717047,492878.2243041116,511159.78574132815
2024-07-10,482106.6294879354,482471.4709119766,506954.27320467954,498079.47713722964,516082.30810379935
2024-07-11,481576.3703910336,483404.4006980235,498871.4264119623,497090.7859968413,511660.0009823477
2024-07-12,483628.06482451124,486465.0930414973,501373.18136243033,500443.70761734585,514821.61342580564
2024-07-15,484876.45463091554,487649.94737152377,503005.9421421456,500314.6904386437,516382.51213560335
2024-07-16,487890.17158922495,492951.00536879216,503593.7622893055,504011.55620063725,519314.0024779747
2024-07-17,487365.19132806774,490471.0008650563,491153.3246710938,497778.60650089686,512060.24182175635
2024-07-18,485063.92183709925,486404.75049430615,488140.15396648634,493565.9431397838,508208.1382630516
2024-07-19,482366.11561752117,483742.283187565,485306.5418977342,490298.96519282507,504816.37251551024
2024-07-22,484611.6963953984,487452.2858785902,491496.4216742517,495199.41516853275,510059.1936396972
2024-07-23,482929.45043541363,486230.7236507247,491843.51138463663,493651.8868133297,509208.7247600745
2024-07-24,476477.5328484476,479884.4356687998,476892.0182485938,484152.02694555296,497552.5644943359
2024-07-25,476146.9244197386,479463.6777179923,472439.5682432953,482518.521027343,495041.1913003077
2024-07-26,480386.88093162427,485038.9548649036,477440.36771637114,488063.71800194995,500594.1702122644
2024-07-29,480432.6037754798,484801.30811913335,477483.61619485123,487418.97100305057,500964.3313627988
2024-07-30,479043.45091632515,484350.08528229204,472494.4402026525,486172.3471736414,498342.93640220363
2024-07-31,516513.6100950949,522398.4950030498,518277.65795491164,527589.6083817084,540055.4522009473
2024-08-01,514877.7508685295,517146.74547930097,511004.26365640026,518035.5341728934,532690.0192042209
2024-08-02,510441.3485418205,509810.5378457122,500219.0465650343,508527.30561449105,522954.89754306036
2024-08-05,497711.5208815952,496427.25703303004,485573.4973621362,494793.23793345876,507252.6932265407
2024-08-06,502104.4634160164,500512.47660497954,490938.5739393769,498513.8333637058,512312.4211168886
2024-08-07,499297.1775471319,497874.12885583873,487788.66666509793,497227.72888155415,508757.7383148209
2024-08-08,508411.09666346,507680.6742128231,500374.21176520834,507838.28097752365,520627.8534872991
2024-08-09,509926.20311227895,509212.95647816197,503330.04839588003,509951.23675183265,522858.85562579235
2024-08-12,508776.8052282787,508097.4258808631,504211.1089272371,510043.14533062186,523125.70900839916
2024-08-13,514744.7519158243,514772.33844942035,513195.4325933209,517989.50745751086,531814.7227984222
2024-08-14,517236.170183053,516337.24234758643,515431.99112897366,519275.72057864454,533511.9515915165
2024-08-15,522833.8147589608,523334.3120898936,524908.0711485925,526946.5380341356,542670.7218787906
2024-08-16,524923.6384466782,524805.0256864302,525316.6711787994,529013.53951905,543812.9049572886
2024-08-19,527515.7471085527,528822.4018057826,530471.2032057414,534433.6107580363,549043.4110228827
2024-08-20,527533.2605802974,527597.6920368645,529631.7337150516,532963.833970282,548136.0562578713
2024-08-21,528956.5544829502,530204.3006824112,532033.1945267878,536041.3228399622,550057.4605348073
2024-08-22,528276.546870563,527858.0236188296,527637.1905761953,531539.9028329407,545606.2089577436
2024-08-23,531143.3283895991,533931.3328079503,532984.1868863355,539256.6383648323,551509.1748946771
2024-08-26,532027.8140123222,533669.4791553189,530706.746057427,536776.2293403363,550153.4691619825
2024-08-27,532650.7004258108,533882.4508035224,532155.3520167681,538337.9509198737,550890.0457517478
2024-08-28,531968.2753349757,532183.454857086,528716.594335484,535214.4353348109,547741.1025987834
2024-08-29,532417.3818283288,533308.5866271375,528173.7895881054,535995.3685505677,547826.5249764991
2024-08-30,535924.9391809795,537329.2803728125,533675.7114207861,539899.7087124052,552982.2614940226
2024-09-03,566175.6081971637,562708.7344253447,554087.372989008,561967.0691486938,574454.0985893747
2024-09-04,566057.5485759219,562041.7553021249,553476.2757754446,560747.8975164782,573028.0383655521
2024-09-05,563425.624494962,558814.6974701948,550459.633048974,559772.4141054294,571613.273109098
2024-09-06,557849.943250143,552044.0180425764,543135.6593371399,550262.4601275728,562094.8629205478
2024-09-09,562905.7828403102,557310.2218257459,549218.7142414368,555919.6564212965,568421.5977049364
2024-09-10,563967.7761056706,558038.908945794,550818.4231571511,556504.8465011579,570764.4210145803
2024-09-11,564431.8614446683,559781.0609010448,553482.3434106444,561040.454107652,576604.4838924774
2024-09-12,567203.8648914056,563361.886583331,557501.6845396528,565868.6183053197,581561.739180205
2024-09-13,570020.1288494802,567749.1802650108,560788.9007106738,568843.5524209037,584651.5480974116
2024-09-16,572781.687877167,570518.9152657668,563272.6123538471,571038.0921178974,585534.320390808
2024-09-17,570818.2887312411,570028.5808877621,563245.9841020965,570696.7440542306,585805.9996527942
2024-09-18,569418.2723682581,568820.7573916124,561225.7058632097,569087.3175395845,583904.5271930757
2024-09-19,571594.6639852821,575120.659711691,568571.8902177099,579182.5384948162,594090.646436971
2024-09-20,571562.1328872361,573623.9972538304,567686.8311013713,577014.4899913195,592924.9352109929
2024-09-23,573702.8986886389,575400.542398241,569439.517950276,578874.2948108314,594384.9509304672
2024-09-24,573289.9247137374,575927.5863918368,570351.8995763903,582789.4932761533,596094.0206804175
2024-09-25,571524.4200182442,572913.6728472633,567913.279124678,579902.0300824932,594882.8472107811
2024-09-26,572892.5650854037,575696.207944693,571257.6580581509,587096.3692279105,597248.436939027
2024-09-27,573798.3603918483,576487.2820451924,571249.1029834476,585383.4002109604,596475.2964226514
2024-09-30,608560.1205572452,611615.36412732,606436.5295385327,619181.9097892953,632553.4019736233
2024-10-01,606492.332269121,608182.0110715557,602455.979145618,615250.6194271358,626643.5388609278
2024-10-02,604636.2072756963,607964.8672342263,602391.5197743681,616181.7604981429,626751.4706747055
2024-10-03,600659.6359473964,605721.0732535741,600186.5389441885,612767.7120314916,625564.6679544226
2024-10-04,603347.1480544839,609989.9345193814,605217.1326160614,618199.1583154522,631330.6716744448
2024-10-07,598997.4239959975,605328.6180673677,599520.0112660427,614474.715945761,625648.5238180277
2024-10-08,601169.7939406865,607743.7330088221,602972.6133101307,615509.2403748898,631570.3876365368
2024-10-09,605093.0389617298,611799.1801562983,607081.843913055,617940.4560914731,635886.0203396478
2024-10-10,603396.0499103662,610261.4902492546,605970.2798542271,616957.6233414052,634819.1501389565
2024-10-11,607230.2228325481,615109.623029177,608825.3857507738,621199.3482447169,638595.3473888149
2024-10-14,609888.1316554935,618908.2989663186,612608.9974852806,624303.043446441,643821.9156555845
2024-10-15,608485.2319956002,615485.7106315595,607742.6748470443,617888.7237743,638918.8446759664
2024-10-16,610014.197557663,618739.8516587297,609332.4221938746,620940.6866588505,641604.170313506
2024-10-17,608552.2820112732,618353.7806956822,608842.67590991,620630.3740320356,641700.0268829247
2024-10-18,609950.4322561426,620146.0936912441,612563.0093216577,623682.2150022489,644169.5634314544
2024-10-21,605274.3375000199,616088.5701607396,609519.0455166205,620475.1364424033,643174.5483885544
2024-10-22,605567.67119663,614924.1296589414,607838.0257394087,618975.061796827,642730.9695047205
2024-10-23,603786.0551355302,611504.0261740814,603421.219477944,613595.3478300398,636869.0346767342
2024-10-24,602379.6854299703,611439.2641985004,603814.5698962099,615198.9683861876,638307.5540649227
2024-10-25,598867.819867541,609170.8969858678,602995.2135219036,614164.3626808338,638055.7628584716
2024-10-28,600616.9573048078,611972.9528845417,604911.2343336315,617371.5225169044,640045.6438671809
2024-10-29,597498.1349530106,610745.2698039194,605031.9158871257,616854.1993451713,641064.7348602538
2024-10-30,596435.0491672349,609727.3325696765,603864.6132264957,614578.099303883,639134.6337649768
2024-10-31,625927.8805074968,635887.8900372861,628562.9684009353,638531.3971683757,659236.779003781
2024-11-01,626859.4614922726,636939.4315046365,630212.4010330017,641094.4752366644,662099.876213508
2024-11-04,626691.6716252638,636360.4342096417,628815.4686339741,640767.2892772568,660662.0927433262
2024-11-05,631555.4545152166,643634.9371391342,635742.0604028277,648511.0187735159,668608.1344940128
2024-11-06,630165.568941434,657586.1604468174,648649.3549286999,657018.2821402166,685257.1071172279
2024-11-07,632838.9275147895,659976.0582005837,654668.1950997498,663943.9824746412,690592.4264581136
2024-11-08,636436.7156943053,663173.2861893168,657953.8971933678,662089.8573009808,693644.7655547955
2024-11-11,634460.8751738328,664276.0832188384,657168.6511916321,662853.3483292123,694212.3343637032
2024-11-12,630944.3430668808,660267.8008339888,655835.5322627664,657563.6206340361,692131.1441630699
2024-11-13,631256.5296557139,660021.5614195229,656281.3221645094,656200.2958205924,692484.4531977706
2024-11-14,628430.160514317,655823.6341554297,652017.4400147046,652819.145748259,688082.403005151
2024-11-15,623034.5905856073,649634.5315075327,643455.107672935,646329.707640448,679202.9352542405
2024-11-18,626320.7759837686,652444.815155213,646674.7407010839,650147.0342549747,682015.6829855483
2024-11-19,625482.9373699859,652678.4722402346,648683.2483582759,651837.5450278261,684500.4532733227
2024-11-20,625969.3848423928,653939.3379039512,650655.9202323621,651673.9306270172,684752.5927953123
2024-11-21,631176.4118605556,659837.4578158755,651882.2864330368,654782.3900313355,688208.5904051142
2024-11-22,634670.6204071488,664208.3731450438,654158.1742968677,657618.1159254289,690516.58853657
2024-11-25,637400.8590173245,668107.8217945114,655113.2688994817,660399.3036859193,692736.5142937816
2024-11-26,639178.414842444,669534.3816780971,658564.6774876859,660835.5659125329,696621.3451559129
2024-11-27,640612.6446423543,668657.0999012246,656931.451092248,660017.6224351189,694401.49782468
2024-11-29,643519.2818317114,671582.1503235894,661154.2962521379,664980.1213286773,698059.2854780521
2024-12-02,675579.0461421033,704031.0968206513,696442.8498744356,699802.056513973,733453.7888795264
2024-12-03,674945.9948264188,702959.0630351806,697783.597452151,700947.4051148874,733625.5260490531
2024-12-04,675627.1309995245,704515.4505708035,703085.709190299,703810.7316274408,738250.8435301429
2024-12-05,674817.9609668717,702527.8536110247,702225.6066102812,703925.2754854787,737021.8134609524
2024-12-06,673151.0635071428,702497.5798352949,706061.3337709445,704784.3544207625,738488.8104406449
2024-12-09,671471.2431433226,698963.2794931424,701870.1300957036,703352.6011850215,734643.0482357739
2024-12-10,670917.4693071137,695640.5468333298,700758.9822017557,698885.7506394023,732555.2501480564
2024-12-11,669679.1694696358,697548.3896714752,707822.2315598007,704211.6351305732,738105.5653886489
2024-12-12,667753.6416830253,694082.2136231059,704997.9168033424,699458.4699295914,734299.573896721
2024-12-13,667472.767465647,693726.574819776,707853.2762439643,698656.7079130587,734246.6558406564
2024-12-16,665406.3953086864,693628.52885364,714329.6987887583,699573.0137876292,737127.6495730819
2024-12-17,663650.0694358976,689848.65534787,713133.6367640372,696652.4153460567,734035.2301290814
2024-12-18,653315.5324309965,670649.6597786025,690699.4259189771,676093.5924175475,712481.3114736642
2024-12-19,654106.3289080518,669220.5770302659,691056.9796937933,675979.0485595096,712216.9677060245
2024-12-20,662127.1015123168,676404.6676416268,696850.0767658076,681442.781589969,720278.343311957
2024-12-23,664009.3280375053,679160.809599078,702677.8817450777,685192.990692271,725434.1560880054
2024-12-24,668239.1434086023,684828.8902087181,711450.0643442399,690616.3679329974,732898.0671199535
2024-12-26,668883.9532320745,685998.665378662,710966.4294134453,691424.1135839053,732884.7554350428
2024-12-27,666293.5554632792,680484.7077195783,702452.0643483105,686000.7813329111,725288.3027502495
2024-12-30,661216.6272656294,674106.61971938,694407.4344894483,679365.7406260907,717214.5193392461
2024-12-31,694513.2345893291,707055.1656213456,724013.5336705811,711064.4921777373,747522.9127427434
2025-01-02,693377.098076703,705689.5313905436,721497.1319781465,709611.8583550774,745649.9680597837
2025-01-03,697127.2279551083,712611.883069191,731607.3050163356,716935.5342121756,755278.3363209141
2025-01-06,696213.5205396044,713681.1586114336,737274.2373759033,721354.0368182504,759676.2866358663
2025-01-07,694812.0201632903,709638.5169964335,728304.6377151086,714272.4351334968,751130.100498378
2025-01-08,697477.458048912,710637.5537829838,728261.8318981023,714514.5093058414,752142.9748117973
2025-01-10,689313.3961850448,700428.4885466829,719156.6684117469,703075.100547404,740697.2113036923
2025-01-13,692541.329356097,703621.5469981545,717954.2822007668,703317.1275226007,741654.4501912873
2025-01-14,694823.7273837758,707144.8656302593,715630.5239921681,705738.1996260831,742597.8447148056
2025-01-15,701884.9386814404,716812.8287193386,731636.8352755733,716511.8454141376,756180.1977522019
2025-01-16,704016.547478935,718764.1381438161,726555.7209811471,717177.6555816685,755056.3965464906
2025-01-17,705312.4459427246,723199.543427281,734184.137596368,723169.8526951495,762298.4607859132
2025-01-21,710220.1606657531,730825.7444469361,738668.8390047592,731946.1623749075,769235.2610969347
2025-01-22,710703.0929835859,730414.1147771772,745360.8973844593,733822.4377984576,773605.3507040552
2025-01-23,713611.4993646415,734345.5722204818,749015.0094159091,737756.6504683988,777892.460116554
2025-01-24,713274.930398514,733676.7518625577,747044.893180958,737817.2044093463,775547.7751769158
2025-01-27,715671.7528525597,731102.2479404873,734104.3428740824,729404.076783827,764754.0726178436
2025-01-28,715822.0904446719,731781.5315791715,744204.3649056328,734125.1131088976,771163.6692260402
2025-01-29,714940.6192139271,729804.5029342008,740810.5514300338,731885.5612368125,767778.4212448292
2025-01-30,719427.3893142254,735610.1529230207,744084.5706196594,738059.2785816909,771787.8694672415
2025-01-31,749830.2920548059,764144.1845403293,775564.6804877201,765888.6738839081,800822.4484135574
2025-02-03,750358.9550008673,760329.1556294364,772255.9268854632,759879.0552308519,795569.0419569449
2025-02-04,749930.3544034167,763755.2586835936,778382.2824253775,766964.0891928293,800851.3329992932
2025-02-05,754667.0171881473,768608.0112008495,781131.1012357591,771012.7434508783,804136.8200712126
2025-02-06,756714.7403320055,769338.8133435973,783881.6395459566,773543.1585282482,807031.3784951926
2025-02-07,753868.963579522,763874.887877542,776603.0668709532,767280.434240126,799187.0605795552
2025-02-10,758249.5708432858,767724.4972360783,782270.9901336313,772341.215066151,804903.8762594935
2025-02-11,762832.4239827064,768991.1246726778,781374.1362423183,772784.0389379087,805627.5158654886
2025-02-12,761278.6634292317,766104.0661050169,780663.9272944815,772024.9686762838,802964.4826458067
2025-02-13,768383.2281591542,773113.1236827738,789191.6351155757,780375.1855125888,811445.4275955022
2025-02-14,764090.5412898626,771950.2628035714,788886.409184403,781197.6431725882,811474.4018849203
2025-02-18,766801.713024169,774994.7180638625,788373.0675532591,784234.170862661,813819.0767357321
2025-02-19,770352.5592428822,776022.2475074845,789531.5269276606,783285.1850494859,815787.3549351548
2025-02-20,770688.015545293,773504.9775921352,783940.7848856845,782209.7697405645,812357.355230874
2025-02-21,770487.8569609371,762939.0753402592,768346.5046866637,771202.5603449988,798535.8118452643
2025-02-24,771998.3076301632,761396.1625203064,763074.7804138269,767406.9623933013,794758.3897790128
2025-02-25,777155.0092604427,761599.7218993378,758672.6350534194,766521.3146497861,790807.2116799346
2025-02-26,769646.2304448077,760138.5884103581,759272.59147979,767659.9693709379,791299.4157853139
2025-02-27,766767.0266853144,752364.7627617648,744780.8427306485,756083.3586217244,778592.3509499561
2025-02-28,809279.4858872788,795576.1286388097,791710.3147893624,796351.554411331,824542.4809512682
2025-03-03,805467.8978962655,785959.7699854441,783841.9302112918,787897.2646421882,810340.7144815493
2025-03-04,795186.0697958616,775677.8797419367,775046.2337296631,782150.97427464,800575.8365793038
2025-03-05,799329.0358561422,783795.4854112405,782736.6690114532,795096.5700750244,809555.8797725806
2025-03-06,793750.7857122931,773213.5608862016,770173.5975332924,783273.8522858911,794871.0517489744
2025-03-07,800952.5554981742,778922.6463738551,773581.8287416111,788227.5047031066,799157.1472829725
2025-03-10,793525.2574031453,763326.4950233683,757111.4387674215,768148.6823841339,778027.7879596057
2025-03-11,783152.2340842682,755852.4341368962,748354.9948376011,765044.3125039324,771643.7328981465
2025-03-12,778611.6491054224,756060.0887595153,750234.7220129658,769205.4814811369,775386.6648162176
2025-03-13,775293.8961690939,747080.7486968983,739197.9495143017,760090.7630935982,765259.6310646547
2025-03-14,785683.7499714069,761229.0598772473,751812.8724383703,775876.4131171918,780970.8713462062
2025-03-17,795173.0924710279,769128.9744061881,758250.6140171797,783604.0923468093,786932.2475480138
2025-03-18,790827.0022752788,763373.0720827556,750558.4194018116,777989.9598077573,778631.427813834
2025-03-19,795103.3101310165,770014.6088248288,757790.4538188141,784396.6787937012,786811.5757036073
2025-03-20,792859.1809588111,767637.5707194491,756096.350646253,781028.2507737105,785000.5625968567
2025-03-21,790559.4844975338,766096.2524777888,758192.3005478941,779272.1894641238,785196.6309580008
2025-03-24,796111.448659907,776901.2682289169,767964.3493419484,789145.5535312204,798976.0459722973
2025-03-25,794221.1376307902,776958.3731567066,772154.3874973669,790669.6433444917,800877.7968225162
2025-03-26,795866.3648726641,772786.9342248677,766885.2585877762,782055.2293786249,791535.5510078894
2025-03-27,796805.9039905703,770750.963576666,766053.8455203425,781193.8343351347,789357.8451646481
2025-03-28,790585.9318278079,758708.4137666257,749870.5361027111,767477.0775191343,773592.0219209174
2025-03-31,831946.4031706869,796943.3336157696,788907.1498588484,801708.8845998379,811837.9592997062
2025-04-01,830513.2339010512,797768.8404075921,788605.4032477565,804336.3569938448,814823.6490317555
2025-04-02,832895.2921208846,803284.227764036,792635.3567455831,809107.1013754522,819736.5864105441
2025-04-03,813250.8682422059,768634.3670081127,760999.9059831433,777163.3096360759,780638.3358638906
2025-04-04,765038.3238041934,724992.6559247351,712317.515723725,730837.7447601019,735394.9252259028
2025-04-07,757676.693797152,718904.8179258576,710345.4732846073,722056.6279780451,732298.6833037031
2025-04-08,749163.0140375148,707905.8305150735,703946.0088478565,713275.5111959884,721524.9674383405
2025-04-09,793936.8033623835,763550.3532541294,757293.8903042686,774259.2894849807,788442.2178938495
2025-04-10,776940.3670233794,740645.2906614492,736241.7677655234,752686.7910010855,761523.6865523399
2025-04-11,788751.0472861242,752572.357733016,745866.9956022114,768243.8652351414,774935.4821079067
2025-04-14,798608.4043423459,760829.5671703027,752807.3341429164,775503.8618725452,782723.654603343
2025-04-15,795834.3610556101,759473.8738695967,753882.0948770522,776264.3950747045,780527.7836737405
2025-04-16,786383.1889034505,748431.8284316754,739361.6388828179,764717.5857604305,763371.9474400972
2025-04-17,789217.9123526324,752474.1220661242,742373.2874052991,768727.8506802124,764430.3407380331
2025-04-21,774511.4061762722,737669.3338984812,726296.5656657388,756835.329799411,746216.0624190797
2025-04-22,790533.2742979886,754983.9145664965,746470.8507784565,773360.3749236095,765046.476487993
2025-04-23,794112.8511872034,762419.2839429929,755335.4755430392,783247.8439550203,777336.7478832874
2025-04-24,800137.9364595772,774058.2567106364,765622.9669369098,796868.9226684573,793671.1510959412
2025-04-25,799438.4796305824,774987.3244203593,765927.6982852921,800671.8573809235,799516.1224732439
2025-04-28,802388.4143294577,777476.1594394385,768628.6402054668,802953.4569874022,800005.8013490335
2025-04-29,807256.1659305675,781789.1324199879,775249.9113084413,806618.117821324,804855.6078654855
2025-04-30,843431.3774102846,815230.3560166107,810474.7443519534,839519.0420132652,838599.8977968971
2025-05-01,838582.5559595363,814847.6592638853,812222.3521652495,842542.9570973566,844538.8329522634
2025-05-02,848341.435973613,827135.8362740197,827148.0326591082,857231.0163209551,856647.2695024952
2025-05-05,846491.1847809816,824396.5496302154,825091.9424557949,855359.0608935006,852172.3131097838
2025-05-06,844105.7222956201,819374.039874063,822198.1866555103,850534.9325378839,844917.2501739004
2025-05-07,846496.8725398288,822158.7673187972,824391.1603494561,851110.9963078826,848734.1426763536
2025-05-08,843507.8099135126,826460.6412380985,829392.6485028404,854063.057313804,854393.4311630985
2025-05-09,843268.9637309802,825678.8049250947,827577.8007691661,855287.0389319706,853258.179498187
2025-05-12,848251.3235792149,843538.2063681189,845036.8485090049,876455.0041318106,881669.95585956
2025-05-13,843227.5450310081,843230.6706479461,850598.6686242792,880774.9227955985,887460.938416993
2025-05-14,837073.8888706919,839304.9491309257,851125.5645644485,880774.9227955985,888563.1649484372
2025-05-15,851640.1867305455,847242.2213556806,855805.8637320749,885742.9271909145,892922.7874135018
2025-05-16,857519.9236657468,854159.5271956051,861380.288826549,890062.9577769422,898680.7448374676
2025-05-19,861281.7744979544,855157.4256701798,862016.6294605547,892510.9210132753,899602.1968691018
2025-05-20,861917.156735001,853704.3362323146,858454.6389424405,891574.971280108,896410.5463550304
2025-05-21,852822.4075496749,838713.5806044139,845231.1521371644,880414.9249101896,881423.2327086111
2025-05-22,849670.0297592493,837108.2479269474,844031.9056024854,879767.0630231416,881834.5734479203
2025-05-23,851776.8136679743,835339.0051868059,840659.1191802724,877751.0077115071,875879.176533718
2025-05-27,860599.0400628445,849251.4284681906,855128.2414537404,892006.9911270469,893877.1629628082
2025-05-28,853678.6109594343,843050.4931609264,851556.3177980118,885886.915152854,888777.0661975102
2025-05-29,857095.7919860609,846157.4990216471,851293.3669385954,889486.9499680639,892198.9781036949
2025-05-30,861022.8671903729,847030.6914436716,853708.3202327837,888262.9683498974,891277.6276878559
2025-06-02,899275.882406506,882982.1512174223,889229.2990386238,927721.5326135787,929986.6398285662
2025-06-03,897595.6418563132,887233.8873434016,889580.850644804,930112.0250389761,935260.3983166531
2025-06-04,894038.8226384841,885177.0651319713,888760.2801083759,932278.3434807329,934663.0050698316
2025-06-05,891684.4993874343,882976.538133831,887949.1805498517,929738.4017329083,930293.9278671201
2025-06-06,896912.7648382568,890473.902677205,899343.4267363312,936984.5456091943,939800.1442447227
2025-06-09,895408.090572483,890470.5833748948,895421.5033457156,938553.2990057215,940806.9737665848
2025-06-10,898501.1031257934,894634.3294950037,900611.9454551167,943035.385211662,946166.0139092822
2025-06-11,898693.4927102196,892811.3930852024,899155.614064777,941242.5739537339,943554.7507864631
2025-06-12,904875.3166382519,895760.2198830267,896248.0912265724,945276.4283146324,947121.7166048327
2025-06-13,898044.6334061525,885530.8710688215,881541.9869796055,933398.865032218,936574.5158770691
2025-06-16,899272.2471741679,891479.6900359594,893710.2122155813,941541.4145374683,945619.8529049093
2025-06-17,891823.0769180924,884059.2096204002,887283.0390049856,932353.0100808267,937564.3734009187
2025-06-18,890709.9714073901,884655.0129274596,887485.9359959922,932875.9665870821,937376.627261411
2025-06-20,891696.4856282269,884354.3813790806,886749.4552799305,928785.1542676362,934782.3361366045
2025-06-23,896592.9526156203,892260.9510326375,897104.582521609,937642.203913442,944408.1998293902
2025-06-24,900132.8732425249,899966.8855591379,909783.6568610616,949426.4629762989,954784.7318317955
2025-06-25,893225.2871924697,894935.380086228,907992.6526264925,947775.2047285018,955262.5831795707
2025-06-26,898274.2586320491,901943.0039115845,916426.8680320971,956632.1382520676,962823.1339216367
2025-06-27,901509.6297891072,905004.8859867502,922438.7837514182,960760.45805492,967602.0690639357
2025-06-30,939274.3475240959,943216.3667328759,963722.235107524,998132.094631571,1005937.7379329454
2025-07-01,945677.3787854892,948910.5783364874,957430.0310281677,998209.652121537,1005477.3388579397
2025-07-02,946919.8416393773,951750.4698313398,956798.287847947,1002714.0541665896,1009940.0038853039
2025-07-03,949322.8837871102,956862.7135604275,962636.1089103456,1007995.1725460888,1018670.6839284536
2025-07-07,943919.1486983493,949605.5200605724,955420.7572999152,998830.9530984762,1010506.7243952056
2025-07-08,946228.9744158091,949472.2747585278,951573.5683936721,1000927.8889522827,1009833.7914980336
2025-07-09,947337.2960936376,952756.6207915014,953575.6905129384,1006907.8657986876,1015819.4156636092
2025-07-10,950905.5465583798,956480.4197995652,954671.1131142076,1008771.9489560506,1018794.6710786859
2025-07-11,944606.5199051748,950399.2717826983,950093.3384204146,1003723.8634995397,1015128.8170511008
2025-07-14,945248.6369017385,953137.7309602302,957380.8357188288,1005510.0287138465,1017129.95002728
2025-07-15,934810.5918723454,942340.9108017655,949378.5296818181,1000384.2055408243,1012720.3911935509
2025-07-16,940719.54760818,947007.156129407,951017.8535842054,1004345.164476479,1016049.7242487373
2025-07-17,944536.6897025923,952843.312505937,956022.1753434521,1009470.867498471,1022141.669849209
2025-07-18,941137.5131783246,951831.7340856283,958194.6857626772,1008616.4735230282,1021681.2707742034
2025-07-21,942688.3870890402,951366.7566792505,959397.6937337955,1011101.9177328459,1023505.4194541406
2025-07-22,949068.6073149733,958154.3754230962,963305.6212527732,1013897.7120535579,1023505.4194541406
2025-07-23,956560.451281209,965744.5841732137,967871.9066541982,1025547.1954844428,1032200.5499713662
2025-07-24,953686.7734141805,962598.464136089,970661.8042376287,1022828.8985781819,1032909.0323944623
2025-07-25,954015.6640118521,965881.2425824493,967408.4433368467,1025003.5120729848,1037017.5107340912
2025-07-28,945325.4464773866,960850.3011519437,961417.3196284297,1019877.8691265079,1036769.6454812519
2025-07-29,949489.5176685177,960223.830338033,962294.3291208334,1018013.8460446597,1034077.8048449383
2025-07-30,943460.6552796566,956145.4287856102,963509.4976758118,1014441.2753139859,1032820.376674903
2025-07-31,967972.7198055221,982734.3268541611,1001240.271974364,1042239.459442448,1062149.8186550855
2025-08-01,967392.4519089962,973093.5282280053,989333.6082082983,1030046.7316536902,1044655.2179226468
2025-08-04,976167.4090269541,985312.2082783261,1004964.909881394,1044485.651533812,1060541.2361857835
2025-08-05,975132.5591087191,983211.1816635485,997727.2347696639,1042399.7953641078,1055440.9378581701
2025-08-06,979629.2657825492,985820.3437858387,999679.0672981659,1049218.167301998,1063283.368372781
2025-08-07,983575.3226908968,986298.2279231348,996554.8164267449,1051143.3152530107,1062643.5375291484
2025-08-08,988130.5038204287,989664.3095549176,1000465.4938058888,1057320.0953062405,1070778.4171169044
2025-08-11,985883.9897331218,987564.5266691511,1001588.088498999,1054512.6033900566,1068584.7113673065
2025-08-12,990945.0998567939,998426.3560803806,1014785.2239567577,1067106.2950819745,1079991.9137250143
2025-08-13,997615.9553588086,1006251.4002228198,1020350.6918508871,1072480.650932842,1083757.7302350232
2025-08-14,993193.600959407,1002276.9349491468,1020880.6065645077,1069913.7869981586,1083775.9660894687
2025-08-15,995923.0353209674,1000368.4357407991,1017588.3184985252,1069913.7869981586,1081436.1483703007
2025-08-18,993576.3760579688,999812.8290415897,1014420.9124537082,1070475.3350209994,1081052.1823239196
2025-08-19,999091.1732420478,1001681.0487749424,1014036.2046400498,1065582.1110341218,1075147.592761655
2025-08-20,1003999.0117764787,1002413.8216474662,1014456.4475872691,1064218.5111059502,1072313.9436014215
2025-08-21,1000902.7423109349,999262.8453854946,1011230.9626165032,1060368.2152039248,1068091.2176272494
2025-08-22,1008806.3099471545,1014727.8446042684,1024679.7059455992,1078496.846866391,1084434.2579215525
2025-08-25,997420.6054201066,1007144.0634355054,1020853.7513598494,1071438.0951450218,1079845.6891884417
2025-08-26,995934.363516111,1009020.7042975044,1022449.9404679409,1074245.462962195,1084159.93213585
2025-08-27,998081.8796580472,1012213.7247567702,1024018.9210345604,1074726.7189251955,1086646.086958593
2025-08-28,997033.04019416,1012447.9373114769,1024764.9890481101,1078978.1028293916,1090485.1845873923
2025-08-29,999641.8891607869,1011645.3255580844,1023427.8431878734,1073042.198955683,1084196.5164117436
2025-09-02,1029953.4825329093,1039735.4308677653,1052208.4248774843,1098435.2678908631,1109295.2547433183
2025-09-03,1026248.0852639002,1040591.2854639199,1059935.044310981,1102487.9556999302,1114966.8101572273
2025-09-04,1028597.9512112713,1047435.1123020508,1066648.5266540605,1110345.1005110806,1124143.4497040054
2025-09-05,1028241.5592241089,1047088.3746305681,1063113.8237027216,1111420.4261306117,1121072.0775274627
2025-09-08,1026820.208510832,1047447.2635680572,1060994.980892256,1117458.0647173775,1123973.8170447894
2025-09-09,1028610.0644992912,1047825.330387315,1067641.632233978,1118533.262382884,1126706.039930711
2025-09-10,1025716.9157565662,1047590.1713802515,1067443.7619550237,1120931.6326128324,1129965.7252439896
2025-09-11,1035886.3656417441,1059255.1403142158,1079741.7716720847,1132014.498374527,1139179.9578014286
2025-09-12,1030603.9461260017,1055235.6210152418,1082747.1711697911,1129781.444743869,1138935.0230930806
2025-09-15,1025469.8413453243,1055783.0625273637,1090413.3518233034,1136149.844483239,1144870.4257484786
2025-09-16,1026730.0466688119,1053890.2897958406,1083357.0809757952,1135736.4250309896,1143362.8764042975
2025-09-17,1031217.1724281748,1056101.077519681,1087900.6514250867,1134082.2354058952,1142044.1043080946
2025-09-18,1027920.7425061689,1059187.4118940406,1089202.3078451315,1139375.3095257345,1147414.219469854
2025-09-19,1026404.2319490021,1058807.1939695587,1093182.539794309,1140935.8368051013,1152765.6541540935
2025-09-22,1020991.0580901711,1058752.170345553,1092529.2002622474,1145583.5108267835,1158380.8200520116
2025-09-23,1025119.0960108378,1058938.480247506,1091275.342570796,1141267.7495439234,1152313.2617202473
2025-09-24,1025131.6147864435,1056179.647112041,1088593.9911625143,1136121.9505059593,1148469.376380189
2025-09-25,1018938.4584304108,1050220.2087396975,1082815.0122249315,1129731.414720399,1142986.2501308264
2025-09-26,1024667.8285008958,1058138.1315356025,1093238.8909520425,1135873.0799288545,1149713.078482881
2025-09-29,1024897.0251238747,1059835.8515649384,1096722.6510179439,1140188.8412117143,1152944.453010353
2025-09-30,1062567.8172134326,1096044.9165476689,1127567.1774955953,1177109.6002751528,1190652.0984934042
2025-10-01,1063877.0290122672,1096280.7577992158,1126985.6780194566,1183174.4051934613,1194910.1074565086
2025-10-02,1060084.7680471472,1095470.0730620536,1126636.764804504,1184882.8807038674,1196232.1471923264
2025-10-03,1063908.5136145938,1099445.908194768,1128868.835204823,1188043.5538133828,1196329.443777543
2025-10-06,1060036.5027664746,1099428.8439841045,1134321.6838761314,1192314.5450473283,1200412.5576518832
2025-10-07,1063289.7492747512,1097255.369229797,1135880.7722048261,1184968.2188778245,1196134.9699894225
2025-10-08,1061362.9004057986,1098785.5343173624,1142054.4702600865,1191374.9032708118,1203076.2158228757
2025-10-09,1058870.4353753347,1093142.5322745757,1139853.3404432703,1185139.158615164,1199829.1362875218
2025-10-10,1052095.7973886447,1073899.5131790887,1122090.8387996836,1154558.329333474,1167573.2290976506
2025-10-13,1053735.010369688,1084532.927307913,1137326.7078581273,1173009.4170838343,1185266.2848179764
2025-10-14,1062792.2169143984,1091809.867661473,1140097.3587053295,1172411.2596978585,1183594.3355223173
2025-10-15,1063036.457601636,1095377.1216140217,1149723.2459439982,1178988.7521334728,1188805.0153443548
2025-10-16,1057989.3254014936,1085014.1828372297,1138966.6183280014,1175828.0790239575,1180950.1366683685
2025-10-17,1067693.2776762687,1090203.6621743557,1139078.8514299567,1179501.307956066,1187502.3155432672
2025-10-20,1071472.2345104835,1099401.8559781378,1144791.1308157882,1191203.9635334723,1199965.232124512
2025-10-21,1067954.767539414,1098431.811378071,1138679.0413718368,1188128.8919873396,1199809.7963527916
2025-10-22,1070435.0416350348,1094994.722811882,1131833.0177288477,1183003.5971508345,1193743.3841100985
2025-10-23,1067450.2048958337,1097850.747336241,1133811.3014546784,1190776.8775795489,1200490.275537744
2025-10-24,1066346.100354138,1103050.8709360263,1144189.8493078619,1198294.1434863925,1210425.6297849873
2025-10-27,1069582.9074040172,1109461.4921641313,1152521.8460734633,1210252.9452803826,1224910.6439863588
2025-10-28,1061716.5245559434,1103590.4055984607,1145672.4285758608,1211107.2488829421,1228196.5227734863
2025-10-29,1046493.6752019402,1095409.7331468796,1147384.234581294,1209484.243241206,1228702.1068696743
2025-10-30,1045575.6009100602,1089709.8717013125,1134308.9581849892,1198806.567614273,1215655.7689240675
2025-10-31,1076513.2447565647,1123430.535579994,1164665.6934798968,1234334.5086918054,1252584.4221931829
2025-11-03,1069317.25514314,1119937.7365636833,1163003.6940167109,1235827.0848673081,1255041.584804139
2025-11-04,1070761.1790414182,1112949.89839332,1148476.7593938785,1220287.075294704,1240498.9059758035
2025-11-05,1070959.4992578996,1116568.1189308837,1146184.6615999762,1226959.474185735,1244234.3867982803
2025-11-06,1067677.7188304698,1110280.6703968833,1135449.1825010136,1215985.0395110815,1231010.2572669936
2025-11-07,1078007.5855871076,1117142.2936721055,1143051.5361281992,1218882.345490644,1232308.6910212785
2025-11-10,1080132.931152965,1125341.5690076696,1154673.2996119543,1235914.9312387507,1251445.8088792753
2025-11-11,1093512.1700454254,1131803.9671826547,1153333.7491733776,1239251.0630060143,1254322.454150316
2025-11-12,1094782.655017075,1133684.801298234,1152214.19201448,1242236.2153570196,1254941.6203690607
2025-11-13,1093289.1775605585,1120907.4760962985,1129610.1740067108,1222920.9775164418,1234506.0687567792
2025-11-14,1094593.642475452,1119906.0009840422,1131215.8803752374,1222482.0163722362,1234186.5505317734
2025-11-17,1088397.4681613166,1109481.331980217,1126073.8109676386,1209049.1015057215,1222620.3587538088
2025-11-18,1090604.2170465023,1107348.5161881573,1121554.0660919729,1200005.9334377674,1212552.4069445373
2025-11-19,1084673.6127920416,1105255.5424376763,1121702.964454633,1201235.24121195,1216947.1624155387
2025-11-20,1081471.5308020432,1094329.4684006078,1104516.0028880313,1182885.5013182175,1198489.1894373333
2025-11-21,1094808.9464068501,1107878.6510716823,1105556.2539224064,1195352.6475248781,1210414.8852143353
2025-11-24,1088949.830365928,1114439.0572945096,1122328.417062489,1209839.3127791942,1228413.2671026762
2025-11-25,1101223.0910885774,1127296.419756223,1128832.0692225413,1221077.2865681765,1239839.6313272794
2025-11-26,1106061.7687456554,1135379.7047340719,1139572.6382352025,1231086.0879394803,1248409.5884793547
2025-11-28,1111856.9437336915,1142555.3698011043,1147809.1018935542,1236968.4109135433,1255321.2399108624
2025-12-01,1138341.8706658,1166494.3267454994,1159096.1546710029,1264260.5750219598,1282727.908219111
2025-12-02,1133394.9487719869,1164650.2425275438,1156211.9681773887,1266604.7385010815,1284901.5386607093
2025-12-03,1139033.8390824597,1170994.1502472584,1157583.163567785,1271834.208036662,1289392.4659016572
2025-12-04,1135801.5542429334,1171600.328657173,1163526.4401658725,1273817.6561322256,1290479.2181661208
2025-12-05,1134096.9970229461,1172309.2659064361,1163449.0441905595,1276342.3858091282,1292899.133792436
2025-12-08,1125985.7475219418,1166553.6650979142,1157499.5376726894,1272465.2862028866,1289064.3374807106
2025-12-09,1125038.5257732365,1165096.5234703664,1155334.65449408,1271022.841680659,1288018.506834362
2025-12-10,1132314.3074641484,1175307.9588812427,1158508.4286123684,1281842.2181273752,1296344.1044743643
2025-12-11,1138527.7747453684,1182075.2457650139,1161838.767655251,1285358.4633460576,1299522.7698568674
2025-12-12,1140075.566488573,1175660.216030681,1148272.318639955,1273276.7915628909,1285496.2242064239
2025-12-15,1143659.957442425,1177197.6708011485,1149437.8733762144,1273276.7915628909,1283630.1984203793
2025-12-16,1133758.1771260637,1170232.4079303783,1146684.4708478812,1268407.898406867,1280041.5613806995
2025-12-17,1138164.83935449,1166092.594855808,1135123.2190972983,1256777.0166001464,1265973.9681994698
2025-12-18,1136368.5034997775,1168925.645898205,1143715.8858542645,1266244.0231175236,1275530.1103743585
2025-12-19,1135656.822583086,1172290.3194962647,1146602.6832165525,1276923.0055228549,1286911.2308045055
2025-12-22,1139991.363768234,1179214.3023594816,1154054.0433769687,1284557.244282155,1295015.5998813447
2025-12-23,1140191.277723843,1181126.7505877279,1159983.246636043,1290646.4535662157,1301061.674523334
2025-12-24,1144864.7942611324,1185834.1724563825,1163770.8603940287,1293827.4211335909,1305400.8769955786
2025-12-26,1145372.6020922088,1185826.168864772,1162023.3523953508,1295099.8637621414,1305524.2714132795
2025-12-29,1146250.5821369183,1183522.1007817795,1160160.0214416438,1290646.4535662157,1300917.7563402404
2025-12-30,1145572.220050156,1182749.3717714748,1161432.2070982375,1290373.8667195272,1299108.0135181881
2025-12-31,1171273.3345530692,1207510.6609104362,1186689.3785112305,1315129.506749514,1322759.7796166705
2026-01-02,1171874.0832751377,1213503.5072581654,1192202.9427224207,1324825.6652021166,1325227.4514287186
2026-01-05,1173551.3617171948,1221104.720258949,1192966.41068048,1336013.5074332522,1334001.9696199372
2026-01-06,1174931.0588141729,1227178.6743888385,1193623.8035081693,1343844.9542166195,1341911.4854144058
2026-01-07,1167450.1989177447,1218110.4175073481,1182451.2292583883,1338250.961803672,1337608.6860929788
2026-01-08,1180341.969450694,1225827.69671857,1182232.3782217845,1339183.3889356696,1337376.6154290554
2026-01-09,1186847.9530484008,1233027.1381185285,1191219.7217929126,1348040.3772289504,1346340.8452537209
2026-01-12,1191835.0800912129,1235527.1156361506,1194346.9686520763,1354100.511910517,1348513.4244296725
2026-01-13,1195653.976853585,1234662.4228953647,1196547.18197903,1349065.9187388641,1345750.4016947567
2026-01-14,1207816.5150831616,1238929.1812651348,1195241.8083155921,1348133.6342016263,1339232.793310287
2026-01-15,1207415.1681260243,1242685.0414891688,1201436.630738228,1351210.2587313675,1342776.2295243847
2026-01-16,1206900.5198138284,1242059.8735278114,1202300.0340913578,1351210.2587313675,1341658.4935220152
2026-01-20,1200310.2372060642,1225769.1363662889,1183106.134579364,1328088.6610824503,1314365.0721225024
2026-01-21,1209815.2082798285,1238631.1524823771,1190713.056357372,1343658.4402712681,1329424.869747496
2026-01-22,1212438.317991037,1242865.8815522236,1195258.8724348668,1351117.0017586919,1336343.0809140976
2026-01-23,1217126.6748924025,1241663.3459563258,1194533.0986917303,1353727.4840198143,1336891.5528727414
2026-01-26,1222529.7771895886,1247058.598303547,1202499.7194586024,1359694.361728705,1343767.6632956371
2026-01-27,1227843.4059328993,1251513.7265392113,1209746.5339833202,1370975.4609325165,1349272.658393616
2026-01-28,1224662.2516059396,1248760.2575764586,1208360.5382584676,1368644.6069946617,1349061.7672449308
2026-01-29,1223075.5090110605,1253011.6004050712,1222168.0355632834,1367898.836402775,1346256.5146229237
2026-01-30,1233298.7066245733,1251292.0422016508,1217592.5582809856,1356058.337957669,1341932.5357862583
2026-02-02,1271839.4110687673,1290123.1451991603,1246412.4089474564,1396077.8899222645,1382744.7048759079
2026-02-03,1280337.2847866286,1295897.7482917956,1263451.7542232885,1390919.688518152,1370791.137106135
2026-02-04,1289277.7804373966,1299736.8042550103,1247972.3668459605,1386334.6368367025,1363787.3737034441
2026-02-05,1287651.7328213286,1290452.8842328878,1240752.1353677101,1369522.3423718289,1346905.0454152047
2026-02-06,1302462.9067068745,1314583.8228710282,1266163.2947472532,1399039.333939184,1373147.121692312
2026-02-09,1301157.402325363,1318010.0370416981,1275472.0193413852,1410597.5854964869,1379610.362593461
2026-02-10,1302419.0466140455,1319122.1721945915,1276040.607957232,1409737.933962419,1375741.2061757154
2026-02-11,1313367.07343657,1324104.3525254296,1277928.1466706293,1413558.7373137001,1375546.517488211
2026-02-12,1306989.2000052119,1313545.5468097115,1280785.1333102784,1394263.0375503758,1354233.069378321
2026-02-13,1314646.922559125,1322641.512497618,1298244.4020911788,1397892.8883940051,1355097.720089039
2026-02-17,1305252.4580843826,1320285.009791222,1300544.3619041345,1397415.2879750947,1357475.410280077
2026-02-18,1308535.9930744136,1323640.346071206,1301307.6383555015,1404292.9385471959,1364306.1906001247
2026-02-19,1307271.436557674,1323631.636856701,1311686.4605366653,1401140.688122477,1360804.4412500283
2026-02-20,1308317.0866216738,1329828.8040517012,1316292.2880094582,1413272.2355022957,1370510.0230529334
2026-02-23,1311978.88833238,1321714.3017823226,1310833.7078114678,1400854.040211219,1356697.3172863051
2026-02-24,1318082.814532538,1329776.623481307,1321182.93979349,1410884.0873078918,1366597.5877767145
2026-02-25,1316075.8946639132,1332377.9437057173,1316982.3253690049,1422442.4849650478,1378097.323113141
2026-02-26,1316481.064326931,1333793.1888753306,1320993.7012185033,1417570.7853723404,1370358.7455751514
2026-02-27,1330983.9408858926,1335311.2878716637,1326540.581896119,1412221.4853607225,1364068.3554053963
2026-03-02,1359655.682371949,1367335.8994196986,1372385.5761524946,1436852.1212567482,1397932.985935179
2026-03-03,1344568.0527393122,1350172.5812916954,1349580.446700382,1408398.6163932048,1385620.4716761755
2026-03-04,1343703.5632400962,1354513.9040457017,1354896.4708166355,1420327.634239293,1395496.92224515
2026-03-05,1329469.1884824962,1339252.3524483682,1337547.9003599687,1403803.1472218377,1388034.2993532268
2026-03-06,1326473.644519738,1326818.7887678228,1334194.081475201,1387767.383991425,1369477.261840037
2026-03-09,1327680.690580054,1331090.3043003718,1336742.8682913184,1400576.4934797238,1381368.783292365
2026-03-10,1321145.2132468403,1326187.7756117978,1331138.8985819705,1400380.884326281,1378977.191628291
2026-03-11,1315994.4939968046,1322588.4211437532,1333983.3036337488,1398620.8505901417,1377449.2792487654
2026-03-12,1310333.6594368028,1306998.2439082724,1326617.9418050153,1374274.091110923,1356345.6759078847
2026-03-13,1313009.8168415197,1305181.2327237746,1328242.2882296706,1364202.9115776957,1348794.515720387
2026-03-16,1321008.3832324445,1315755.7287022138,1340367.2220990113,1383465.3285502223,1362302.4868478149
2026-03-17,1319492.9789194479,1319583.938658106,1343837.6128070182,1388647.475633636,1366067.0167277977
2026-03-18,1295678.7246225465,1301052.324241026,1329871.6730167982,1367136.3011379277,1347222.1313149068
2026-03-19,1293434.3451897616,1299630.5462055337,1332148.7342165187,1364496.3253078603,1343612.575598541
2026-03-20,1279707.702895479,1280060.5839317709,1302365.8840779657,1336044.6150237063,1324103.3215052278
2026-03-23,1288606.2026965483,1294720.637191999,1319875.309421162,1358390.4184837611,1338475.1075026493
2026-03-24,1287591.4365794372,1296958.1165589576,1326141.8092905718,1351529.741478143,1333935.4356336927
2026-03-25,1293584.0692167268,1304266.4108822627,1331632.3136826176,1363976.7945746337,1341198.7479214892
2026-03-26,1289190.3927050882,1292414.1944467875,1326007.9419339672,1337220.6627168832,1317415.7050168333
2026-03-27,1285360.8919017587,1280333.3824955365,1325931.837843373,1319383.141779528,1295006.007084421
2026-03-30,1290805.89809066,1279554.0074369947,1329949.6931181357,1315168.8711801227,1290496.4351842508
2026-03-31,1334822.2110201214,1337517.408903605,1373737.779199311,1390005.1069736204,1361703.2565158182
2026-04-01,1326613.0389211287,1341978.6753839802,1373049.8541568227,1403772.4588286264,1372527.6069477207
2026-04-02,1331655.6096412768,1344059.3385132127,1376669.4140263041,1400556.6419447365,1374099.9918371206
2026-04-06,1336530.6551291433,1349841.7673199165,1378646.6105614228,1407591.2030435987,1380207.1876008234
2026-04-07,1329431.259448855,1348214.0404064737,1382258.716988131,1408194.1303746807,1381050.3364021978
2026-04-08,1344138.0968404973,1378096.3349764508,1396205.6995685233,1452913.0297134796,1415916.2501160598
2026-04-09,1346130.5081363812,1382253.3142746463,1398379.4352942987,1456631.1838142124,1424302.2564970052
2026-04-10,1331113.7424243928,1375488.7744404585,1393209.9654835432,1456932.6474797535,1423345.0558947185
2026-04-13,1334981.7445811867,1383207.0307421526,1385874.1964288838,1471202.4898901912,1437291.3657452383
2026-04-14,1334000.582420262,1389505.912388852,1385586.1995730202,1488185.6586290873,1454678.7018818047
2026-04-15,1331957.5830394553,1388658.5331237165,1377150.2775999147,1493511.721171765,1466300.7194822791
2026-04-16,1337222.7104238824,1393065.4095080493,1384351.487065948,1495220.066389361,1469513.7812540638
2026-04-17,1344388.9335327866,1407578.5908476072,1382969.8393332313,1515820.9524533392,1487562.0614856703
2026-04-20,1341442.246928185,1406636.6210346457,1379834.6474108456,1512203.2351282574,1484736.2194867372
2026-04-21,1331941.638485952,1394953.4978365337,1365724.1726647734,1494918.6027238201,1474960.1720102886
2026-04-22,1333842.4326745362,1399199.0572873226,1368850.754462808,1508384.6442518737,1490114.3182499767
2026-04-23,1346920.8071446694,1402406.3690047737,1382885.0677612883,1498837.7837144432,1484098.2248394415
2026-04-24,1341588.2817100782,1402907.1548224187,1379427.5801544862,1510796.3535762026,1495856.826425886
2026-04-27,1333361.963561079,1401620.5406653169,1379422.9670111535,1510595.4800249008,1498317.9808370257
2026-04-28,1341073.8673004915,1399959.366219248,1384633.576772413,1501953.1638226823,1490934.6566911694
2026-04-29,1343243.728894331,1396862.2576830273,1382231.122635034,1496727.5380556553,1490889.0359708047
2026-04-30,1395103.960790728,1452397.585631955,1444540.1109556437,1553277.4600004,1538992.7757390821
2026-05-01,1391229.772669142,1450478.626134736,1442070.9414016688,1555743.0362592118,1543512.5154602344
2026-05-04,1384332.8914395503,1441921.1236951281,1438292.8645473672,1546702.7467304305,1537921.035035029
2026-05-05,1388402.7386857264,1454121.635480706,1455715.657479961,1562728.600528885,1549989.1737921305
2026-05-06,1381821.0026721633,1463933.8168521312,1458462.014209422,1592931.243496832,1571795.6914953736
2026-05-07,1378377.6302649656,1452230.191974725,1444827.374886905,1579165.4620805727,1566856.612071919
2026-05-08,1374633.2374511347,1458527.1201185621,1461697.0095276607,1594163.9532494731,1579670.2910321981
2026-05-11,1379065.427700153,1460947.0487023685,1474273.2762678699,1595602.3236322603,1583118.4322465512
2026-05-12,1386442.2010591845,1459388.0153434451,1466847.0207635823,1585637.5017889983,1581138.0510888828
2026-05-13,1384646.1232920066,1460164.517555948,1470666.2209751788,1596424.0256316685,1589851.3300303118
2026-05-14,1393244.7296341509,1467261.3056067908,1479552.5675686281,1602793.3917785506,1602245.6692882888
2026-05-15,1388416.7273392745,1450442.0262945434,1455628.0703293476,1577110.8935749938,1582932.0116464433
2026-05-18,1405626.117808159,1456321.019196599,1458032.2740813652,1579062.788519029,1581697.1706919526
2026-05-19,1407529.9573965792,1451823.4147454659,1462029.8570621305,1567967.9304846688,1571632.7334421896
2026-05-20,1405222.3667341205,1463246.607926776,1472352.1679936294,1588513.9290475145,1587894.4114195681
2026-05-21,1406287.149162671,1467789.882722047,1482048.9793557501,1594472.2874411629,1590853.2518826083
2026-05-22,1418341.8446096687,1477273.557710616,1493769.0711184377,1598170.573452616,1597166.809964067
