Strategy,Rebalance_Date,Evaluation_Date,Forward_Period_Return,Preference_Score,Score_Return_CAGR,Score_Return_Div,Score_Risk_Vol,Score_Risk_MaxDD,Score_Cost,Score_Liq_Volume,Score_Liq_AUM,Score_Div_Score,Score_FinBERT,Portfolio_Volatility,Raw_Return_CAGR_%,Raw_Dividend_Yield_%,Raw_Expense_Ratio_%,Raw_Liquidity_Volume_M,Raw_Liquidity_AUM_B,Raw_FinBERT_Score,Raw_Portfolio_Volatility_%,Raw_Portfolio_MaxDD_%,Raw_Sector_HHI
Preference_Driven,2023-06-30,2023-07-31,0.035916867945267494,0.7461823086902777,0.532227345869809,0.5364021658347912,0.829059826100902,1.0,0.686139721519085,0.5284666798659718,0.48248125346943155,0.8549699407194017,0.0,0.11760683825780156,6.00391240167823,2.374115985984785,0.2591180032910679,4.975288553803857,28.277052201920526,0.0,11.760683825780157,-10.919148166654281,0.1450300592805983
EqualWeight,2023-06-30,2023-07-31,0.03504639308894841,0.637854658791551,0.4889411173234477,0.4818362812359588,0.6267009565229615,0.73491293387145,0.8121700990309677,0.397441174734575,0.6024826172398485,0.8812286056542649,0.0,0.16212578956494847,2.902789282941825,2.3361330764955306,0.16711582770739347,2.906153342864984,66.4103484315962,0.0,16.21257895649485,-18.85637822325824,0.11877139434573519
MaxSharpe,2023-06-30,2023-07-31,0.030952459933854204,0.6777554796774248,0.5500222448043759,0.3302867362825498,0.7979380318190205,0.977895062429183,0.5436954254552921,0.21096161779279082,0.4045935952241443,0.8559513265591661,0.0,0.1244536329998155,7.278779127996475,1.461849094786565,0.3631023394176368,1.2368862774413591,13.596471424868923,0.0,12.445363299981551,-13.64260871012791,0.1440486734408339
VT,2023-06-30,2023-07-31,0.03868922685158194,0.69023659597033,0.4530797502566682,0.41120650700406697,0.5249575168244431,1.0,0.9589041095890412,0.46399649637019325,0.9422115074352103,0.833429614233,0.0,0.1845093462986225,0.3336,1.82,0.06,2.459413346613546,76.01,0.0,18.45093462986225,-26.38201454385392,0.166570385767
VOO,2023-06-30,2023-07-31,0.03385730894567618,0.678554794894808,0.502807385024714,0.2688657930411207,0.47516070342957484,1.0,1.0,0.6725058899303817,1.0,0.82651345463,0.0,0.19546464524549353,3.8962,1.19,0.03,5.011230876494024,994.36,0.0,19.546464524549354,-24.520717987550565,0.17348654537
Preference_Driven,2023-07-31,2023-08-31,-0.01618692796437793,0.7406235223636933,0.5255193408858692,0.5156847970962068,0.8432042760680438,1.0,0.6573111283486575,0.5029187354064674,0.44368452779281153,0.8516708527941687,0.0,0.11449505926503034,4.195848927918205,2.284411495595495,0.2801628763054801,4.771787564108507,23.698951329354657,0.0,11.449505926503036,-10.612485935849572,0.14832914720583135
EqualWeight,2023-07-31,2023-08-31,-0.02363376884593915,0.6410037246870615,0.48255021320821917,0.48569521828083073,0.6289566332593225,0.7545856739950365,0.7837334110165013,0.41136125759568576,0.6059633214774018,0.8851748143883019,0.0,0.16162954068294905,0.824495140677177,2.3587072902182222,0.1933430477666715,3.0272260773959436,68.8637765102402,0.0,16.16295406829491,-18.46303767168159,0.11482518561169806
MaxSharpe,2023-07-31,2023-08-31,-0.0188578220463822,0.6578897754722193,0.5566315583735494,0.5127928064985596,0.8207605091099006,1.0,0.17732153684989865,0.11665534654043759,0.19902168351563287,0.8458937864273846,0.0,0.11943268799582187,6.6369106372327,2.269620961562625,0.7067341000260722,0.3965504111144454,4.379014319565332,0.0,11.943268799582189,-8.494455666799638,0.15410621357261545
VT,2023-07-31,2023-08-31,-0.026828428107352975,0.6887870723800735,0.44439830566407645,0.41120650700406697,0.5224038066645433,1.0,0.9589041095890412,0.4629972669182611,0.9422115074352103,0.833429614233,0.0,0.18507116253380046,-2.1689,1.82,0.06,2.450177579365079,76.01,0.0,18.507116253380048,-26.38201454385382,0.166570385767
VOO,2023-07-31,2023-08-31,-0.015226883011309034,0.6768803155235602,0.490437105740359,0.2688657930411207,0.47266584692743085,1.0,1.0,0.6728484597329072,1.0,0.82651345463,0.0,0.1960135136759652,1.4433,1.19,0.03,5.016060912698412,994.36,0.0,19.60135136759652,-24.52071798755053,0.17348654537
Preference_Driven,2023-08-31,2023-10-02,-0.046129959985088176,0.755751780754691,0.570775560621799,0.5560677910999217,0.8195746633130816,1.0,0.7005303338781337,0.5663768340944633,0.5460783818023778,0.8550985698194893,0.0,0.11969357407112205,2.7028833699700856,2.461156043408253,0.24861285626896246,5.61224044544594,37.58578417170302,0.0,11.969357407112206,-11.87248101410963,0.1449014301805107
EqualWeight,2023-08-31,2023-10-02,-0.049576353318717126,0.645759970817186,0.5317533067142368,0.4866932264684948,0.6311594672847589,0.7554976416685537,0.7828029027542105,0.41178077214840403,0.6052921436674878,0.8851667164450862,0.0,0.16114491719735302,0.01559463432413738,2.366477204573575,0.19395330316597453,3.0270607121097513,68.57352282666828,0.0,16.1144917197353,-18.444803614531086,0.11483328355491382
MaxSharpe,2023-08-31,2023-10-02,-0.047645290067813595,0.6904196034361972,0.6116743286952717,0.5661534019389038,0.7563430350895985,1.0,0.4361892945590235,0.32272993625959984,0.3115627687997023,0.8318663256068864,0.0,0.13360453228028832,5.519399274099863,2.505794956981588,0.517031320076604,2.062357652006875,8.167513588930454,0.0,13.360453228028831,-11.64463751417272,0.16813367439311358
VT,2023-08-31,2023-10-02,-0.04619601614577351,0.6935093068098825,0.4976840972829141,0.41120650700406697,0.5242920010265959,1.0,0.9589041095890412,0.4612641838914442,0.9422115074352103,0.833429614233,0.0,0.1846557597741489,-2.3306,1.82,0.06,2.429924501992032,76.01,0.0,18.46557597741489,-26.382014543853877,0.166570385767
VOO,2023-08-31,2023-10-02,-0.04654056211056723,0.6823433043479569,0.5522193524013088,0.2688657930411207,0.474714555578144,1.0,1.0,0.6715177264659339,1.0,0.82651345463,0.0,0.1955627977728083,1.425,1.19,0.03,4.983218525896414,994.36,0.0,19.55627977728083,-24.520717987550565,0.17348654537
Preference_Driven,2023-10-02,2023-10-31,-0.021354927421922243,0.756567826104334,0.6284574759808407,0.5517564716499609,0.8151211408346037,1.0,0.6916268337708522,0.5424669517917216,0.5321772818457158,0.8631816704335692,0.0,0.12067334901638717,-0.691095038029646,2.4420741435227264,0.255112411347278,5.233264496434716,35.995811513742694,0.0,12.067334901638716,-11.570884168770423,0.13681832956643084
EqualWeight,2023-10-02,2023-10-31,-0.01905429716666207,0.6504206467987516,0.5865391011982295,0.4835466413653686,0.6337735486130875,0.7468284775988068,0.8036770037561343,0.41288580975448846,0.6059322916597352,0.880924909878374,0.0,0.16056981930512074,-3.659107380321455,2.356153143505338,0.17331578725802205,3.1031363662868303,69.86164586330072,0.0,16.056981930512077,-18.653577532676103,0.11907509012162604
MaxSharpe,2023-10-02,2023-10-31,-0.015247456268097759,0.6639161184973845,0.6661462993520877,0.45487407223401427,0.6767162664403109,0.8205479888841816,0.7364903908507079,0.33008178844086067,0.4843612812181899,0.8765553278441517,0.0,0.1511224213831316,1.977445751359923,2.013272643707747,0.2223620146789833,2.1067642898419017,13.964795209290035,0.0,15.112242138313158,-15.814872956106823,0.12344467215584833
VT,2023-10-02,2023-10-31,-0.0224464112574565,0.6963637626446897,0.5482916721831422,0.41120650700406697,0.5198661521846116,1.0,0.9589041095890412,0.46239137185505697,0.9422115074352103,0.833429614233,0.0,0.18562944651938543,-6.3672,1.82,0.06,2.4654854870775345,76.01,0.0,18.562944651938544,-26.382014543853927,0.166570385767
VOO,2023-10-02,2023-10-31,-0.02065815984794106,0.6844736902885488,0.5934511890279753,0.2688657930411207,0.47081903441088435,1.0,1.0,0.6695823498982166,1.0,0.82651345463,0.0,0.19641981242960543,-3.1697,1.19,0.03,5.015939363817098,994.36,0.0,19.641981242960547,-24.52071798755058,0.17348654537
Preference_Driven,2023-10-31,2023-11-30,0.06258937225589212,0.7537578315901418,0.5607843590071149,0.5587549182104579,0.8114359517156727,1.0,0.6990129481652247,0.5659868267545146,0.5544806093425692,0.8604102719584005,0.0,0.121484090622552,3.1600610977015906,2.473049267999486,0.24972054783938602,5.686538551519429,39.08320551115296,0.0,12.1484090622552,-11.936910085152492,0.13958972804159955
EqualWeight,2023-10-31,2023-11-30,0.07542543604323226,0.6442890329134537,0.5362579807366834,0.4858328913947467,0.6304308453646263,0.7524118406586046,0.7806265650988653,0.40671228363929124,0.5983086668608816,0.8850942246631259,0.0,0.1613052140197822,1.5442425871717456,2.348767770984437,0.195451889477361,3.045509637634678,69.08638171022659,0.0,16.13052140197822,-18.370196333580736,0.1149057753368741
MaxSharpe,2023-10-31,2023-11-30,0.06747738214342158,0.6577786260724567,0.6416574124178868,0.5395456807924424,0.6791496052487291,1.0,0.35711468825368314,0.16332835732116835,0.3575179916377307,0.8480372412226198,0.0,0.15058708684527958,8.488046145609555,2.3880291831873497,0.5741917425095677,0.5768396964638418,9.892578624597471,0.0,15.058708684527957,-13.900233265495224,0.15196275877738025
VT,2023-10-31,2023-11-30,0.09170034227760682,0.692507327975828,0.5034314041062883,0.41120650700406697,0.5189603170933875,1.0,0.9589041095890412,0.4620418869257894,0.9422115074352103,0.833429614233,0.0,0.18582873023945473,-0.6184,1.82,0.06,2.4603646825396823,76.01,0.0,18.582873023945474,-26.16124445532546,0.166570385767
VOO,2023-10-31,2023-11-30,0.09275578322803879,0.6801005362873797,0.5380317499391354,0.2688657930411207,0.4711444288299702,1.0,1.0,0.6688146171130687,1.0,0.82651345463,0.0,0.19634822565740653,1.6611,1.19,0.03,4.998092063492064,994.36,0.0,19.634822565740652,-24.52071798755054,0.17348654537
Preference_Driven,2023-11-30,2024-01-02,0.049830935463269777,0.7477970719076538,0.5689805965116725,0.5593324818984953,0.8340254030823513,1.0,0.6598315017634788,0.5010186008035579,0.44518126157138915,0.8612105449133574,0.0,0.11651441132188273,3.0200838373093477,2.517736738901017,0.27832300371266044,4.612656894989394,22.70458050780072,0.0,11.651441132188273,-10.906388557211,0.1387894550866427
EqualWeight,2023-11-30,2024-01-02,0.055938521055149515,0.6585144856315381,0.5476022591585739,0.4903009852038753,0.6331961530159161,0.8033342866356518,0.7799486572686414,0.4261175532632786,0.5975648453944222,0.8868532773628339,0.0,0.16069684633649844,1.8562130989304921,2.370831602524417,0.19588647226867545,4.436127540373816,63.9925940711225,0.0,16.069684633649846,-17.218038674731694,0.11314672263716608
MaxSharpe,2023-11-30,2024-01-02,0.02279169692822447,0.59289936920858,0.7889208540493812,0.5242083964825772,0.5373764264388012,0.8103424687944558,0.44076732473227986,0.4718170573066328,0.42534232684379697,0.6208749549119298,0.0,0.18177718618346372,15.037206481638071,2.3201463628318866,0.5141051266108496,20.97059601315388,18.695669918400956,0.0,18.177718618346372,-15.618645691011885,0.3791250450880702
VT,2023-11-30,2024-01-02,0.044239389383533334,0.693686544017123,0.5010356468756259,0.41120650700406697,0.5242929709523688,1.0,0.9589041095890412,0.4589852254066221,0.9422115074352103,0.833429614233,0.0,0.18465554639047885,-0.6845,1.82,0.06,2.412306972111554,76.01,0.0,18.46555463904789,-26.161244455325576,0.166570385767
VOO,2023-11-30,2024-01-02,0.040122972702592685,0.6819249570342044,0.5325946235307903,0.2688657930411207,0.4793186153316087,1.0,1.0,0.6680800830889052,1.0,0.82651345463,0.0,0.19454990462704608,1.0362,1.19,0.03,4.935100398406374,994.36,0.0,19.454990462704608,-24.48978641974819,0.17348654537
Preference_Driven,2024-01-02,2024-01-31,0.009403705634502435,0.7369896918041987,0.597307409771197,0.5357779610988251,0.8466696401795364,0.943266290996081,0.6537527286796274,0.5004079555370904,0.4363555515828484,0.8594092029602328,0.0,0.11373267916050199,4.466506221809531,2.3948160091775135,0.282760508063872,4.56485051728056,22.187100540993594,0.0,11.3732679160502,-10.505242829554213,0.14059079703976718
EqualWeight,2024-01-02,2024-01-31,0.0021592012900037982,0.6303830160130592,0.5821048974279861,0.4854186841324303,0.6443006908211075,0.6596295506163565,0.7862794894122942,0.4062913412094217,0.5724733674489403,0.8851710365109665,0.0,0.15825384801935632,3.579086079996614,2.3532120782078434,0.19116548236819186,4.177832296249647,61.54595050267929,0.0,15.825384801935632,-16.945859923528506,0.11482896348903349
MaxSharpe,2024-01-02,2024-01-31,-0.008623652867245202,0.5767365273501248,0.715255452487821,0.4989352158337983,0.5476324019214087,0.6237320261324139,0.60875731469294,0.5461879660823193,0.5242348946390794,0.6863550396623279,0.0,0.17952087157729008,11.351517490416352,2.208287265280391,0.3638725160495525,20.737957541475474,24.28135222982126,0.0,17.95208715772901,-15.672507118566582,0.3136449603376721
VT,2024-01-02,2024-01-31,0.009977941753921193,0.7011489826038546,0.5619195220561943,0.41120650700406697,0.5337203570243022,1.0,0.9589041095890412,0.4577867372102409,0.9422115074352103,0.833429614233,0.0,0.1825815214546535,2.4008,1.82,0.06,2.3623666003976145,76.01,0.0,18.25815214546535,-23.777756470285468,0.166570385767
VOO,2024-01-02,2024-01-31,0.023560282335265637,0.6911641738062991,0.6112811682503406,0.2688657930411207,0.490783085213493,1.0,1.0,0.6614361237789851,1.0,0.82651345463,0.0,0.19202772125303152,5.2822,1.19,0.03,4.734357256461233,994.36,0.0,19.202772125303156,-22.121713346033598,0.17348654537
Preference_Driven,2024-01-31,2024-02-29,0.034690517090445905,0.7264844496577809,0.4694392034839816,0.5651948710299755,0.8527653000668081,0.9251209794043547,0.5921750949288048,0.4748628456984535,0.5212276910841089,0.8664918072741981,0.0,0.11239163398530223,7.30495980453821,2.563748207124036,0.32771218070197256,4.740280527000575,38.43775137958002,0.0,11.239163398530224,-10.614197678942253,0.13350819272580192
EqualWeight,2024-01-31,2024-02-29,0.036659424832028,0.6175118805056742,0.45549916564911686,0.4604531787846198,0.6498023677956254,0.6210251417616037,0.8387016924493489,0.4103828418103739,0.610745228682968,0.878964687386682,0.0,0.1570434790849624,6.350365103094472,2.2475139006836877,0.1477477645119753,4.17726209304694,59.03136290030524,0.0,15.704347908496242,-16.992283046898976,0.12103531261331799
MaxSharpe,2024-01-31,2024-02-29,0.04127161564238824,0.6406136382438901,0.548158393371507,0.40375069552608656,0.6720072516897524,0.82837196388506,0.6540062920577844,0.5275829199722211,0.5076410777400415,0.7618076264265667,0.0,0.15215840462825447,12.69554212997738,1.787000578398459,0.2825754067978175,19.922587910428387,23.69979312270599,0.0,15.21584046282545,-12.757778990218263,0.2381923735734332
VT,2024-01-31,2024-02-29,0.04638902817761159,0.6954910438575393,0.45256737362384714,0.41120650700406697,0.5469829304557777,1.0,0.9589041095890412,0.4422045513967256,0.9422115074352103,0.833429614233,0.0,0.1796637552997289,6.1496,1.82,0.06,2.2412563492063495,76.01,0.0,17.966375529972886,-23.016561939685545,0.166570385767
VOO,2024-01-31,2024-02-29,0.05304601271150333,0.6863139463540727,0.5033043695239953,0.2688657930411207,0.5060939776406572,1.0,1.0,0.6489577879358672,1.0,0.82651345463,0.0,0.1886593249190554,9.624,1.19,0.03,4.582041468253968,994.36,0.0,18.865932491905546,-22.121713346033488,0.17348654537
Preference_Driven,2024-02-29,2024-04-01,0.03621157821601373,0.7369989245337738,0.40726482608271874,0.6073713821933271,0.8606271741567232,1.0,0.5338637323999992,0.4204069661238289,0.5173541894899828,0.866420757071531,0.0,0.1106620216855209,7.757268322002926,2.819589561720692,0.3702794753480005,4.150396083938389,39.37448205000585,0.0,11.066202168552092,-9.963885677992197,0.13357924292846907
EqualWeight,2024-02-29,2024-04-01,0.03436305592872135,0.6111832891659281,0.39566018812875897,0.44689345805837655,0.6696056522418724,0.5993354531623187,0.8470498435082596,0.4041896942581071,0.5998333143300303,0.8712163230529479,0.0,0.15268675650678806,6.872266356814854,2.195661460587291,0.14165361423897055,3.1080311290327565,64.23484250683317,0.0,15.268675650678807,-16.776347181614064,0.12878367694705206
MaxSharpe,2024-02-29,2024-04-01,0.033170595485462195,0.6024683670267393,0.4865112367211513,0.24109400778371037,0.7906432108170716,0.7531906216508925,0.6089667538565366,0.056940950031895,0.36479835716527165,0.7808992068272482,0.0,0.12605849362024424,13.800819997407153,1.067082078450702,0.31545426968472823,0.1810006090977354,10.983938449778634,0.0,12.605849362024424,-12.156896495128494,0.21910079317275177
VT,2024-02-29,2024-04-01,0.030725373560261948,0.6981995216310424,0.3887529347015151,0.41120650700406697,0.5756687276772096,1.0,0.9589041095890412,0.4367447930289424,0.9422115074352103,0.833429614233,0.0,0.1733528799110139,6.3455,1.82,0.06,2.1820463073852294,76.01,0.0,17.335287991101392,-22.53714883839982,0.166570385767
VOO,2024-02-29,2024-04-01,0.032455057848513436,0.6862660207285273,0.42529631741255575,0.2688657930411207,0.5283212360494915,1.0,1.0,0.6481849426582679,1.0,0.82651345463,0.0,0.18376932806911186,9.1324,1.19,0.03,4.53616506986028,994.36,0.0,18.376932806911185,-21.298121572452402,0.17348654537
Preference_Driven,2024-04-01,2024-04-30,-0.03228290653463228,0.7327745401121771,0.35909312181494607,0.6190980950867375,0.8770216561946664,1.0,0.4999767955757841,0.39004161456748676,0.48974756118456364,0.8650632176339319,0.0,0.1070552356371734,8.059216572458649,2.905907724614388,0.39501693922967773,3.8257235355923735,35.96110931973099,0.0,10.70552356371734,-9.67638639737547,0.13493678236606815
EqualWeight,2024-04-01,2024-04-30,-0.034041415443197165,0.6182244844150473,0.36114954756729806,0.4480065148442568,0.6863517097464509,0.6224039097661827,0.8460289715041366,0.40534951454111345,0.5992395520468142,0.8711643636989885,0.0,0.1490026238557808,8.228581902220393,2.2075421772299872,0.14239885080198028,3.079387136306014,64.11567943030818,0.0,14.900262385578083,-14.281019349513477,0.12883563630101152
MaxSharpe,2024-04-01,2024-04-30,-0.04193859872331995,0.6649104850016495,0.4405158334676391,0.24495234609474648,0.8053100086641803,1.0,0.596060160925908,0.1642520357443727,0.4188425727770232,0.7935185309738908,0.0,0.12283179809388033,14.76511606500356,1.0841590838153476,0.32487608252408723,1.4051277609720318,14.285193582706626,0.0,12.283179809388033,-8.357371332226258,0.20648146902610925
VT,2024-04-01,2024-04-30,-0.03181577620841136,0.7014443782441725,0.3737434002175431,0.41120650700406697,0.5917616887911018,1.0,0.9589041095890412,0.435234549527892,0.9422115074352103,0.833429614233,0.0,0.1698124284659576,9.2658,1.82,0.06,2.1442621513944222,76.01,0.0,16.981242846595755,-17.195153876877797,0.166570385767
VOO,2024-04-01,2024-04-30,-0.03785952276311977,0.6914437303581485,0.4052760502963465,0.2688657930411207,0.5516094794731908,1.0,1.0,0.654650513665326,1.0,0.82651345463,0.0,0.178645914515898,11.8628,1.19,0.03,4.5606412350597605,994.36,0.0,17.8645914515898,-16.69668279471522,0.17348654537
Preference_Driven,2024-04-30,2024-05-31,0.03761860497898373,0.7185408972126164,0.32038442455656724,0.6349105371358623,0.921582942445889,1.0,0.3847777621130242,0.2595206196242923,0.34968437626649485,0.8604748916834347,0.0,0.09725175266190442,10.106861796124502,3.0855385379071563,0.47911223365749234,2.267121003401277,16.761286975986195,0.0,9.725175266190442,-9.108689943343382,0.13952510831656528
EqualWeight,2024-04-30,2024-05-31,0.03783950906114275,0.6155452941470725,0.32043781416962747,0.433699148424723,0.7185734654165117,0.5997960511089402,0.8440840712049975,0.38144213883949574,0.5908497386305265,0.8699199081254279,0.0,0.14191383760836743,10.112332574751456,2.134143862743989,0.14381862802035172,2.768165580433566,61.821548405710196,0.0,14.191383760836745,-14.242928744371792,0.1300800918745722
MaxSharpe,2024-04-30,2024-05-31,0.05334892385786305,0.6659648994121017,0.3958442857163498,0.24113904405364794,0.809490152216169,1.0,0.6194570159164949,0.21594526901523048,0.4314456600641142,0.7779147086465379,0.0,0.12191216651244281,17.83915600023474,1.0672814089814455,0.30779637838095875,2.0166995776634367,15.308834812535672,0.0,12.191216651244282,-8.617834156770995,0.22208529135346206
VT,2024-04-30,2024-05-31,0.047640687031733187,0.7093422807415897,0.33520879736689285,0.41120650700406697,0.6326838014657994,1.0,0.9589041095890412,0.42329652894173914,0.9422115074352103,0.833429614233,0.0,0.1608095636775241,11.6259,1.82,0.06,1.991248015873016,76.01,0.0,16.08095636775241,-16.340332377726252,0.166570385767
VOO,2024-04-30,2024-05-31,0.05133559329106907,0.7014880929615349,0.36631382378282074,0.2688657930411207,0.5982342485734128,1.0,1.0,0.6573106480754788,1.0,0.82651345463,0.0,0.16838846531384918,14.8132,1.19,0.03,4.4345251984126985,994.36,0.0,16.83884653138492,-16.696682794715187,0.17348654537
Preference_Driven,2024-05-31,2024-07-01,0.023630643996326084,0.7149691115305584,0.20062280093723675,0.8234965345164227,0.9714500862658615,1.0,0.23908899429077057,0.12082282106284808,0.20724513101392414,0.8364644878342639,0.0,0.08628098102151047,11.402968214880945,6.516021094296672,0.5854650341677375,0.386162577880272,4.646727151548169,0.0,8.628098102151046,-8.895475405907238,0.16353551216573614
EqualWeight,2024-05-31,2024-07-01,0.014798893366746224,0.6211977772344948,0.21636162065817863,0.446732138528381,0.7589250296960898,0.6124474918068581,0.8306256500317614,0.37780059527703297,0.5929983155780297,0.8661130837135198,0.0,0.13303649346686025,14.288432725995955,2.4275525042795096,0.15364327547681436,2.5420389588495764,62.695562989968124,0.0,13.303649346686026,-14.008478296992518,0.13388691628648022
MaxSharpe,2024-05-31,2024-07-01,0.06296114108053241,0.647070841470865,0.275888048962546,0.22194626276682358,0.8021228498639088,1.0,0.6181240475107571,0.09495078558593845,0.4511169040570772,0.763679970525127,0.0,0.12353297302994005,25.20166506432312,1.110956628066826,0.3087694453171473,0.35573816313982565,18.077776563753318,0.0,12.353297302994006,-8.818480154582858,0.23632002947487293
VT,2024-05-31,2024-07-01,0.018673649757283695,0.7132048600129021,0.23162263962377194,0.41120650700406697,0.6768378189345785,1.0,0.9589041095890412,0.41795520392933816,0.9422115074352103,0.833429614233,0.0,0.15109567983439273,17.0863,1.82,0.06,1.9265406374501992,76.01,0.0,15.109567983439277,-16.340332377726245,0.166570385767
VOO,2024-05-31,2024-07-01,0.03902099259492364,0.7066075875323045,0.25573161164494623,0.2688657930411207,0.647516939157753,1.0,1.0,0.6614836025300846,1.0,0.82651345463,0.0,0.15754627338529434,21.5063,1.19,0.03,4.4200589641434265,994.36,0.0,15.754627338529433,-16.696682794715176,0.17348654537
Preference_Driven,2024-07-01,2024-07-31,0.022089594818179625,0.7277193006736618,0.31843893071580825,0.8536399589418684,0.9649133701775873,1.0,0.24457599850959658,0.12643518247613642,0.21589098308454352,0.8395397669821332,0.0,0.08771905856093079,10.62299694220106,6.66112420175063,0.5814595210879946,0.44103634326265534,4.85211261485388,0.0,8.77190585609308,-9.385094354455076,0.16046023301786677
EqualWeight,2024-07-01,2024-07-31,0.03383198463144299,0.6390152559306493,0.339662018942974,0.45929233113897894,0.7728403737338917,0.6227601241441754,0.834074195675718,0.38014751091181714,0.5886653436420873,0.8673930262344484,0.0,0.1299751177785438,13.140955328050122,2.481845448272603,0.15112583715672592,2.568055504670523,61.787533499644,0.0,12.997511777854381,-13.922021356027903,0.1326069737655516
MaxSharpe,2024-07-01,2024-07-31,-0.009893411610209846,0.6509045594594235,0.4124375196325508,0.2080960973425603,0.7827589356996096,1.0,0.6191782255440824,0.09054053427689222,0.4501103451473206,0.7652432447187283,0.0,0.12779303414608587,21.775216293479627,0.9210333268381719,0.3079998953528199,0.3068435747413019,18.304299449939215,0.0,12.779303414608586,-8.650385913542088,0.23475675528127168
VT,2024-07-01,2024-07-31,0.01998334380540978,0.7255015084318187,0.35326545669597975,0.41120650700406697,0.6868208407041478,1.0,0.9589041095890412,0.4122046278708516,0.9422115074352103,0.833429614233,0.0,0.14889941504508747,14.7549,1.82,0.06,1.8752324055666003,76.01,0.0,14.88994150450875,-16.340332377726234,0.166570385767
VOO,2024-07-01,2024-07-31,0.010279978131159107,0.7192000598221703,0.3773934219159445,0.2688657930411207,0.6575261440568356,1.0,1.0,0.6629073549411562,1.0,0.82651345463,0.0,0.15534424830749616,17.6175,1.19,0.03,4.41064194831014,994.36,0.0,15.534424830749618,-16.69668279471519,0.17348654537
Preference_Driven,2024-07-31,2024-09-03,0.03718275764587009,0.7138086315674087,0.3074541348292682,0.6918659801907197,0.907208171387426,0.7613316642821198,0.6605746829475571,0.5013339877136729,0.5241575941373059,0.838960569701177,0.0,0.10041420229476627,12.67925211784631,5.660630904727306,0.2777804814482833,4.197157785797192,56.97033827740294,0.0,10.041420229476628,-9.890690688241738,0.16103943029882295
EqualWeight,2024-07-31,2024-09-03,0.01656846677007251,0.6749022463286117,0.33151235311699345,0.4769394590436271,0.7752747759103281,0.7926802679994548,0.8048467553922596,0.37228702350648235,0.5790569563888438,0.8695294114553654,0.0,0.1294395492997278,15.86406088119738,2.5583240187302945,0.17246186856365048,2.5165628800903694,64.01305456086567,0.0,12.943954929972785,-10.930102166142905,0.13047058854463453
MaxSharpe,2024-07-31,2024-09-03,0.007374874507417584,0.6669682745266667,0.3808307762249699,0.2810491733606684,0.8019047844907203,1.0,0.618227745337346,0.1452545442679078,0.4316856954917708,0.8088559241753743,0.0,0.12358094741204151,22.39279647709467,1.2439236412943182,0.3086937459037375,0.6391122957507969,15.717249092983232,0.0,12.358094741204152,-8.948473168426105,0.19114407582462567
VT,2024-07-31,2024-09-03,0.004867623219819928,0.7240218932161351,0.3496106518800803,0.41120650700406697,0.6826430304401524,1.0,0.9589041095890412,0.411768528958527,0.9422115074352103,0.833429614233,0.0,0.14981853330316647,18.2599,1.82,0.06,1.8674055888223553,76.01,0.0,14.98185333031665,-12.67082420673381,0.166570385767
VOO,2024-07-31,2024-09-03,0.004300530789585144,0.7184879879445739,0.3691960484264504,0.2688657930411207,0.6564223598343877,1.0,1.0,0.6692267945373711,1.0,0.82651345463,0.0,0.15558708083643472,20.8526,1.19,0.03,4.479974251497006,994.36,0.0,15.558708083643472,-12.909175280957829,0.17348654537
Preference_Driven,2024-09-03,2024-09-30,0.019410117623652523,0.7213534796882652,0.20903080820116426,0.5986900790501469,0.9231686979568681,0.8505499724976933,0.6839765126272641,0.44643855997244053,0.537752926168475,0.8582450867125786,0.0,0.09690288644948902,18.357668390855405,4.706389675980075,0.2606971457820974,2.7483328270401275,47.03261051548661,0.0,9.6902886449489,-7.558506202756031,0.14175491328742143
EqualWeight,2024-09-03,2024-09-30,0.02934834793280716,0.6426474392304546,0.2293709305543115,0.44982498715096686,0.7940687505212133,0.6792414729198022,0.7993019532285282,0.3764633081528762,0.5647471571647131,0.8709104382605848,0.0,0.12530487488533307,21.902653425046722,2.4259146467367563,0.17650957414317445,2.4782298969694865,59.42133975249648,0.0,12.530487488533304,-10.185055308585744,0.12908956173941524
MaxSharpe,2024-09-03,2024-09-30,0.035154943569105424,0.5595684939004744,0.24386045908974124,0.3019428380073016,0.8255167344708999,0.516452837635857,0.6343672227513617,0.18847781655895932,0.35733906600852094,0.8330753472834069,0.0,0.11838631841640201,24.42796575693831,1.3363990010203166,0.29691192739150596,0.8278121718582583,12.366355689018798,0.0,11.838631841640202,-9.76569300209526,0.166924652716593
VT,2024-09-03,2024-09-30,0.043843049205684714,0.7242436345490026,0.25158763960442476,0.41120650700406697,0.7114475973733261,1.0,0.9589041095890412,0.41172611829931377,0.9422115074352103,0.833429614233,0.0,0.14348152857786825,25.7747,1.82,0.06,1.833943625498008,76.01,0.0,14.348152857786822,-11.179922519327345,0.166570385767
VOO,2024-09-03,2024-09-30,0.04377104040559199,0.7197880694666837,0.26843644678243367,0.2688657930411207,0.6875555316152607,1.0,1.0,0.6853158334120381,1.0,0.82651345463,0.0,0.14873778304464264,28.7112,1.19,0.03,4.5955932270916335,994.36,0.0,14.873778304464263,-9.96493669225302,0.17348654537
Preference_Driven,2024-09-30,2024-10-31,-0.02265332818959942,0.6795182130656794,0.18246975131782978,0.5906271516633619,0.9459398047064038,0.5386095728348977,0.8334688794879024,0.6858375434583355,0.6153865745518228,0.787306740736825,0.0,0.09189324296459116,10.95092901624354,3.5946954833728584,0.1515677179738313,6.115708183105465,52.08803320669139,0.0,9.189324296459116,-9.537967926045019,0.2126932592631749
EqualWeight,2024-09-30,2024-10-31,-0.011907250371223532,0.6501293452943315,0.22207444932607429,0.47040039230174835,0.8197229716448056,0.6233089593071358,0.8638513970789272,0.4160879985428465,0.6088990735198188,0.8712791887890563,0.0,0.11966094623814277,17.409661424821536,2.521972091053833,0.1293884801323832,2.656117928452118,63.06000743233971,0.0,11.966094623814277,-10.15710500193684,0.1287208112109437
MaxSharpe,2024-09-30,2024-10-31,-0.01644808108254603,0.6324338411585444,0.26265815316644536,0.31805137036519215,0.7789420702630514,0.7576464147537867,0.8525359061767255,0.19949441458722825,0.45278696548498604,0.8508556051457165,0.0,0.1286327445421287,24.028050061426487,1.4076953652363402,0.13764878849099044,0.802089375323173,16.147213481124755,0.0,12.86327445421287,-9.035081795091326,0.14914439485428352
VT,2024-09-30,2024-10-31,-0.020147462416359896,0.734242100423056,0.2417190375008366,0.41120650700406697,0.7506884755448742,1.0,0.9589041095890412,0.4067388221569891,0.9422115074352103,0.833429614233,0.0,0.13484853538012767,20.6133,1.82,0.06,1.7641414682539682,76.01,0.0,13.484853538012768,-11.179922519327304,0.166570385767
VOO,2024-09-30,2024-10-31,-0.008382706105966031,0.7309537806295762,0.25758610089396095,0.2688657930411207,0.7295231023119445,1.0,1.0,0.6923863093845107,1.0,0.82651345463,0.0,0.1395049174913722,23.2009,1.19,0.03,4.572382341269841,994.36,0.0,13.950491749137223,-9.964936692252897,0.17348654537
Preference_Driven,2024-10-31,2024-12-02,0.029381794429132135,0.6799487384863939,0.22158140517144337,0.6362729558269793,0.9678104482337371,0.49098269620747326,0.8339225701772801,0.7481966584933358,0.563877132231148,0.7464200176377516,0.0,0.08708170138857785,8.373909679195014,3.815976391874824,0.15123652377058547,7.0107903701197865,32.00898373193628,0.0,8.708170138857787,-9.903062179215697,0.25357998236224844
EqualWeight,2024-10-31,2024-12-02,0.05687126652018293,0.6543205070957953,0.28081688956561357,0.44638337098786224,0.846737297326025,0.6076540282285233,0.8728773583898295,0.39670768392985006,0.5824732348591151,0.8676798082839579,0.0,0.1137177945882745,17.481372524904092,2.389047821162354,0.12279952837542445,2.524571856736629,60.84755879415812,0.0,11.371779458827449,-10.1827419371081,0.1323201917160422
MaxSharpe,2024-10-31,2024-12-02,0.05811532471710068,0.6573701710644054,0.3338491692497808,0.4407610979485162,0.8034918921783742,0.8165737848396292,0.7298593282317754,0.32827301728204694,0.38945763553049645,0.7957828956206077,0.0,0.12323178372075766,25.63509190082499,3.7947131234553226,0.22720269039080404,2.0581689586122622,17.0372713624089,0.0,12.323178372075768,-8.538271505733801,0.2042171043793923
VT,2024-10-31,2024-12-02,0.04519577515430728,0.750392096902475,0.2861952754427772,0.41120650700406697,0.7960646501092181,1.0,0.9589041095890412,0.4039030363081731,0.9422115074352103,0.833429614233,0.0,0.12486577697597201,18.3083,1.82,0.06,1.72679780876494,76.01,0.0,12.4865776975972,-11.179922519327281,0.166570385767
VOO,2024-10-31,2024-12-02,0.06290459079125355,0.7479969563679693,0.32112858146564877,0.2688657930411207,0.7710022831887036,1.0,1.0,0.7010264755636487,1.0,0.82651345463,0.0,0.13037949769848522,23.6793,1.19,0.03,4.620991434262948,994.36,0.0,13.037949769848522,-9.96493669225297,0.17348654537
Preference_Driven,2024-12-02,2024-12-31,-0.016233851894719264,0.7240530376901912,0.21709211065921927,0.8144367037106874,1.0,0.8642981517790119,0.41375481237266293,0.2484675893059969,0.33156482045300145,0.8449949620512788,0.0,0.07620974018048432,13.592614116886686,6.543478738196353,0.4579589869679561,1.0724044009461104,10.093372872325782,0.0,7.620974018048432,-6.683200791275794,0.1550050379487212
EqualWeight,2024-12-02,2024-12-31,-0.04116592566371513,0.6567263190268359,0.2417475966437279,0.4487261846804136,0.8376378886791949,0.6364005360879958,0.8773001413822461,0.37845353539957954,0.6129300686226294,0.8668585336573604,0.0,0.11571966449057712,18.200948028269444,2.409250727475451,0.11957089679096042,2.219375876417759,61.37077281525975,0.0,11.571966449057713,-10.445220998317401,0.13314146634263951
MaxSharpe,2024-12-02,2024-12-31,-0.007003900571805,0.580886762295369,0.3284340076544353,0.2056064691488681,0.7251231320106686,0.5861834603796332,0.881069031048427,0.36874452219905324,0.5204493523627213,0.798259775050941,0.0,0.1404729109576529,34.40342433588328,1.293562833765453,0.11681960733464813,2.339354888071534,29.26937017633408,0.0,14.04729109576529,-9.473248510314363,0.2017402249490589
VT,2024-12-02,2024-12-31,-0.029996586912168444,0.749108857478764,0.2474281769491972,0.41120650700406697,0.8043080336195327,1.0,0.9589041095890412,0.3916525631303555,0.9422115074352103,0.833429614233,0.0,0.1230522326037028,19.2627,1.82,0.06,1.6459591633466135,76.01,0.0,12.305223260370282,-11.179922519327326,0.166570385767
VOO,2024-12-02,2024-12-31,-0.025141173921750082,0.7483081074549022,0.2834194750963883,0.2688657930411207,0.7815461060412858,1.0,1.0,0.7104167055074131,1.0,0.82651345463,0.0,0.1280598566709171,25.9898,1.19,0.03,4.747269920318725,994.36,0.0,12.80598566709171,-9.964936692252987,0.17348654537
Preference_Driven,2024-12-31,2025-01-31,0.036705829596173745,0.7479201027533535,0.32724123541545,0.7427651515845826,1.0,0.9250052362723695,0.4777814622568878,0.29145062970341595,0.3691987659119308,0.8439967047688124,0.0,0.0761746390637978,13.910456793952925,6.019821447979124,0.41121953255247196,1.3034168648429492,11.967409287266495,0.0,7.617463906379782,-6.636421182999909,0.15600329523118767
EqualWeight,2024-12-31,2025-01-31,0.03584969205700039,0.6641970760591488,0.3436366198317205,0.45526068690863225,0.8479102355630402,0.6059112585234776,0.880711295489703,0.3850098457960641,0.6394882861724587,0.8689837582449806,0.0,0.11345974817613115,16.307979856944783,2.42059188602481,0.11708075429251692,2.2759607135807505,64.28044661400796,0.0,11.345974817613117,-10.490225946892366,0.13101624175501933
MaxSharpe,2024-12-31,2025-01-31,0.02793894639639838,0.5907025681927892,0.4352326995097366,0.34552224580790847,0.7571220473855726,0.5276700796520702,0.7640291025654709,0.4639830439041586,0.4960938181030606,0.770147885559354,0.0,0.13343314957517402,29.70221984132437,3.313349728818983,0.20225875512720637,3.096415330445874,27.75046106592331,0.0,13.343314957517402,-9.792253927420242,0.22985211444064602
VT,2024-12-31,2025-01-31,0.03202421175189585,0.7584194015329921,0.3459310635472807,0.41120650700406697,0.8091374816405261,1.0,0.9589041095890412,0.3936042551429364,0.9422115074352103,0.833429614233,0.0,0.12198975403908426,16.6435,1.82,0.06,1.6543228628230617,76.01,0.0,12.198975403908427,-11.179922519327368,0.166570385767
VOO,2024-12-31,2025-01-31,0.02790738118562408,0.7591322056873026,0.39272943451864933,0.2688657930411207,0.7880008907956153,1.0,1.0,0.7172157491925953,1.0,0.82651345463,0.0,0.12663980402496464,23.4869,1.19,0.03,4.819365208747515,994.36,0.0,12.663980402496467,-9.964936692252973,0.17348654537
Preference_Driven,2025-01-31,2025-02-28,0.03669763253316294,0.7006357636195115,0.31059669067718265,0.5857043015747965,0.9734510007771103,0.5561792564362927,0.8684753528312001,0.694959496289879,0.5711579211789859,0.7707800642166447,0.0,0.08584077982903572,13.937587725074987,3.0884608567567176,0.12601299243322397,6.042089088178894,24.93211517933257,0.0,8.584077982903572,-9.512428349970964,0.22921993578335528
EqualWeight,2025-01-31,2025-02-28,-0.0011840278760097966,0.6632280105460452,0.3404759701391715,0.46302777694120634,0.8623253072504706,0.5879383809003647,0.8777130903854513,0.3856931618878146,0.6146380136994368,0.869396919221635,0.0,0.11028843240489647,17.8177270669164,2.4550489070356782,0.11926944401862069,2.3851228460400415,62.61809552773751,0.0,11.028843240489648,-10.379038581931614,0.130603080778365
MaxSharpe,2025-01-31,2025-02-28,-0.021890843128624438,0.5731144664110897,0.43576542636565135,0.21157196524302094,0.7432440171115551,0.48592997897076673,0.8767714887573276,0.38238784840773105,0.5165515766994923,0.7985739861732434,0.0,0.13648631623545787,30.192067232562003,1.3568683963310912,0.11995681320715086,2.523497587050218,28.862029796233433,0.0,13.648631623545787,-9.371477459571594,0.20142601382675665
VT,2025-01-31,2025-02-28,-0.0027471911454093334,0.759332018359356,0.34416818438714375,0.41120650700406697,0.8132110384436788,1.0,0.9589041095890412,0.3914305365002406,0.9422115074352103,0.833429614233,0.0,0.12109357154239066,18.2972,1.82,0.06,1.649941153081511,76.01,0.0,12.109357154239069,-11.179922519327349,0.166570385767
VOO,2025-01-31,2025-02-28,-0.011752029700194622,0.7602483818975446,0.39012363811284284,0.2688657930411207,0.792647586850227,1.0,1.0,0.7178048748779812,1.0,0.82651345463,0.0,0.12561753089295008,24.265,1.19,0.03,4.858389463220677,994.36,0.0,12.56175308929501,-9.964936692253064,0.17348654537
Preference_Driven,2025-02-28,2025-03-31,-0.011157284906538001,0.7428062055984578,0.44756622496764287,0.5158448367751609,0.9635636581336859,0.7505282081535898,0.8375695010426272,0.4502165423732991,0.6463649302027739,0.8704748688180508,0.0,0.0880159952105891,13.964232790222287,2.9552734687875013,0.1485742642388821,2.254172663820144,50.06703168659622,0.0,8.80159952105891,-8.033149153896355,0.12952513118194922
EqualWeight,2025-02-28,2025-03-31,-0.03850562323459661,0.6764097835370619,0.46053332444107725,0.4537873967023135,0.8570332942200689,0.6183079790107777,0.8756684075919623,0.3715273385186023,0.6126939762080712,0.8740747417635398,0.0,0.11145267527158485,15.22833405612265,2.4015448352612694,0.12076206245786753,2.1818004851851054,61.42205922886383,0.0,11.145267527158486,-10.317726508621892,0.12592525823646017
MaxSharpe,2025-02-28,2025-03-31,-0.04496312773266886,0.6531899392978652,0.5360927942658144,0.2780205470721928,0.8241275402501869,0.6797282834619225,0.8838532373852691,0.45491257824178366,0.5097016796824799,0.7435023603389312,0.0,0.11869194114495889,22.594269796177034,1.2305189413415252,0.11478713670875348,2.831487824693361,18.579297456955267,0.0,11.869194114495892,-8.370276007888137,0.2564976396610688
VT,2025-02-28,2025-03-31,-0.03369050989510247,0.7667925433071225,0.45387248205102254,0.41120650700406697,0.8089816517113371,1.0,0.9589041095890412,0.3881407719930372,0.9422115074352103,0.833429614233,0.0,0.12202403662350585,14.579,1.82,0.06,1.6318602794411177,76.01,0.0,12.202403662350585,-11.179922519327338,0.166570385767
VOO,2025-02-28,2025-03-31,-0.0551301880924161,0.7667866258337049,0.49465812865794456,0.2688657930411207,0.7843740473299405,1.0,1.0,0.7301067688337883,1.0,0.82651345463,0.0,0.12743770958741307,18.555,1.19,0.03,5.0418243512974055,994.36,0.0,12.743770958741308,-10.044884424723012,0.17348654537
Preference_Driven,2025-03-31,2025-04-30,-0.024104031156272576,0.6957863468535933,0.4350912225876722,0.49683749931536714,0.8483444944354527,0.6785720067713441,0.8445306914681638,0.4589156801711252,0.6966767103166729,0.8740743778056403,0.0,0.11336421122420041,11.902855309388581,2.8770180190340957,0.14349259522824037,2.254307751472717,78.22938477318277,0.0,11.336421122420042,-11.316636459896037,0.12592562219435968
EqualWeight,2025-03-31,2025-04-30,-0.01718056339980556,0.6362340942155149,0.4482979802394969,0.43989757561971593,0.7251077290445165,0.604768643601739,0.8764684789173242,0.377212504811805,0.6462300007421372,0.874926660855115,0.0,0.14047629961020636,13.106667125385654,2.1377044503266536,0.12017801039035331,3.236060080949212,67.16395221524192,0.0,14.047629961020636,-16.030017628547448,0.12507333914488505
MaxSharpe,2025-03-31,2025-04-30,-0.013851350161355969,0.572144367647883,0.5528792815368369,0.3301777788411432,0.703312704419035,0.33411273427799304,0.9122693005153792,0.7954966423800645,0.7115441216009788,0.6515111230338922,0.0,0.1452712050278123,22.639378298948614,1.4613668491508993,0.09404341062377314,19.73463338202033,34.3728629664334,0.0,14.527120502781232,-15.118189871092094,0.34848887696610775
VT,2025-03-31,2025-04-30,0.007070643059836623,0.7330559443432245,0.4600666993298995,0.41120650700406697,0.6856510509022794,1.0,0.9589041095890412,0.3956515690012383,0.9422115074352103,0.833429614233,0.0,0.14915676880149853,14.1794,1.82,0.06,1.7137286852589642,76.01,0.0,14.915676880149853,-16.514511426408937,0.166570385767
VOO,2025-03-31,2025-04-30,-0.007164982648145912,0.7279887143853107,0.4933323061462728,0.2688657930411207,0.6440608835399331,1.0,1.0,0.745002774177325,1.0,0.82651345463,0.0,0.1583066056212147,17.2116,1.19,0.03,5.404761155378486,994.36,0.0,15.830660562121471,-18.68938887292024,0.17348654537
Preference_Driven,2025-04-30,2025-06-02,0.02889215584599336,0.7762837931467226,0.40864895787105915,0.6221696159864565,0.8639629951065735,0.9144201079455034,0.9323725152439855,0.6726362950467525,0.6264145412763453,0.8515235552245286,0.0,0.10992814107655384,13.021953405166826,2.753722720356056,0.0793680638718905,5.274344364354794,30.744699010694088,0.0,10.992814107655386,-9.823532430110074,0.14847644477547145
EqualWeight,2025-04-30,2025-06-02,0.044125714963507034,0.6616115171790445,0.4245632565794295,0.4650434059530008,0.7471157058088688,0.6664876947520371,0.8866916190561047,0.4380629520417617,0.6591606810770085,0.8785029576812141,0.0,0.13563454472204886,14.550328596519481,2.26004258815415,0.11271511808904368,3.9829253147436794,74.64979623644231,0.0,13.563454472204887,-15.314877304598184,0.12149704231878591
MaxSharpe,2025-04-30,2025-06-02,0.05725065048388145,0.5638351460171475,0.5503120358198228,0.32615723439648797,0.6492180124841013,0.42061599295176844,0.9285137834611423,0.7401770834531742,0.6917055638836593,0.529924469522311,0.0,0.1571720372534977,26.626972252379318,1.4435719194388554,0.0821849380733661,19.160861664116954,36.325879234434865,0.0,15.717203725349776,-16.74020806451821,0.470075530477689
VT,2025-04-30,2025-06-02,0.06674582993421008,0.732171714697308,0.4482213368769341,0.41120650700406697,0.685205209205143,1.0,0.9589041095890412,0.40035744463921064,0.9422115074352103,0.833429614233,0.0,0.14925485397486854,16.8224,1.82,0.06,1.7489838323353293,76.01,0.0,14.925485397486854,-16.514511426408966,0.166570385767
VOO,2025-04-30,2025-06-02,0.07007950899715376,0.7250268111978079,0.4748514596222763,0.2688657930411207,0.6378269250232458,1.0,1.0,0.7515545971545592,1.0,0.82651345463,0.0,0.1596780764948859,19.3799,1.19,0.03,5.524972255489022,994.36,0.0,15.967807649488591,-18.689388872920276,0.17348654537
Preference_Driven,2025-06-02,2025-06-30,0.009309888251303411,0.7708733953682984,0.34484058996318423,0.6233783088875033,0.8677868501780285,0.9123976958315317,0.9317356712408603,0.6766282864523019,0.6170350338211115,0.8439017420064179,0.0,0.10908689296083374,12.188238615567787,2.759072395136089,0.07983295999417198,5.4398506837320815,28.81783265316691,0.0,10.908689296083374,-9.731850020906654,0.1560982579935821
EqualWeight,2025-06-02,2025-06-30,0.03200555815453954,0.6566677005320958,0.3672429429129707,0.46745031633840334,0.7478291393826157,0.6670360212660478,0.8867449542974566,0.4395360722318127,0.6422378238397326,0.8782991960423083,0.0,0.13547758933582452,14.45977813863237,2.274785474165956,0.11267618336285673,4.017382735863983,68.81464609579278,0.0,13.547758933582452,-15.305240301289066,0.12170080395769167
MaxSharpe,2025-06-02,2025-06-30,0.04710985778232635,0.4890792535265381,0.49892508800482,0.336889147147902,0.639228065115102,0.15040637624621056,0.9302930877317622,0.6972089571687928,0.6006843888573999,0.49633196788296763,0.0,0.15936982567467756,27.81200045780229,1.491071365276614,0.08088604595581358,18.77814815631647,30.17223595659116,0.0,15.936982567467759,-16.792032758950345,0.5036680321170324
VT,2025-06-02,2025-06-30,0.041209596146938976,0.7282105618912168,0.3965959927514204,0.41120650700406697,0.6850207072314025,1.0,0.9589041095890412,0.4058708265541415,0.9422115074352103,0.833429614233,0.0,0.14929544440909145,17.4361,1.82,0.06,1.7983790419161676,76.01,0.0,14.929544440909147,-16.514511426408955,0.166570385767
VOO,2025-06-02,2025-06-30,0.046557585372428045,0.720644483159585,0.41911432975188695,0.2688657930411207,0.6373789835612271,1.0,1.0,0.7566062461738989,1.0,0.82651345463,0.0,0.15977662361653003,19.7194,1.19,0.03,5.658440518962076,994.36,0.0,15.977662361653003,-18.689388872920286,0.17348654537
Preference_Driven,2025-06-30,2025-07-31,-0.0021880483303606812,0.7654774789573887,0.32608285752448135,0.6230342673188041,0.8654222869882947,0.8964877708920462,0.9314959409776045,0.667770462091395,0.6203541805047958,0.8499940614062129,0.0,0.10960709686257517,10.527916643428355,2.7575496671530266,0.08000796308634868,5.337895772130667,29.203397513635235,0.0,10.960709686257516,-9.78448465468213,0.15000593859378705
EqualWeight,2025-06-30,2025-07-31,0.008606296750737874,0.6556316551078553,0.35497000204684903,0.45693997049540047,0.7531456615363659,0.6732008780212355,0.8753127368660412,0.4282897183265298,0.6369796241030108,0.8816830027994872,0.0,0.1343079544619995,13.306173541706897,2.042862450010977,0.12668762480306814,3.9550096415255713,69.04747164801071,0.0,13.43079544619995,-15.02295260361812,0.11831699720051282
MaxSharpe,2025-06-30,2025-07-31,0.005863099436781427,0.587932795657399,0.4573320296838133,0.4368665509105919,0.7434477694299167,0.575096635466436,0.5527429829536369,0.5142931240064956,0.49296272965596666,0.73514781119311,0.0,0.1364414907254183,23.15096831482715,1.9335713543302795,0.4337543110678606,10.515560721378455,21.343567787501357,0.0,13.644149072541833,-14.266791421000288,0.26485218880688993
VT,2025-06-30,2025-07-31,0.012577651277439372,0.728414676162254,0.38236997632462294,0.41120650700406697,0.6887464001882687,1.0,0.9589041095890412,0.41334586548560126,0.9422115074352103,0.833429614233,0.0,0.14847579195858088,15.9414,1.82,0.06,1.8576584493041748,76.01,0.0,14.847579195858088,-16.51451142640892,0.166570385767
VOO,2025-06-30,2025-07-31,0.023922468999300506,0.7211174260240228,0.41559647855804716,0.2688657930411207,0.6397648880832321,1.0,1.0,0.7587641885184886,1.0,0.82651345463,0.0,0.15925172462168893,19.137,1.19,0.03,5.724752286282307,994.36,0.0,15.925172462168893,-18.68938887292025,0.17348654537
Preference_Driven,2025-07-31,2025-09-02,0.032163206592282334,0.723361598683941,0.267327767132713,0.6237904503180495,0.8693354288882775,0.7270000263837793,0.9318028963409705,0.6819643127029273,0.6094396055933193,0.8342669863024448,0.0,0.10874620564457893,13.605442583115693,2.7608965331076867,0.07978388567109151,5.720585775788023,27.926845247272595,0.0,10.874620564457892,-9.63998698184881,0.16573301369755516
EqualWeight,2025-07-31,2025-09-02,0.0263795602997412,0.6481539308993973,0.3008879088284909,0.4909977975850034,0.7568714007788773,0.6193497485775259,0.9006893268024414,0.44359334559540753,0.6451541110816797,0.880753905110186,0.0,0.133488291828647,16.681057922833066,2.3959346979350453,0.10249679143421783,4.7905022336470875,76.56539321378375,0.0,13.348829182864701,-14.95899943897616,0.11924609488981391
MaxSharpe,2025-07-31,2025-09-02,0.01917634284810643,0.6655479122769188,0.4068264217686097,0.3622472833536595,0.7077866260404121,0.7527549566131759,0.9352281818553072,0.8778946155652166,0.7181214784648522,0.6752485908843269,0.0,0.14428694227110933,26.3897808006768,1.6033064761232967,0.07728342724562584,22.038173732436302,43.98558335002604,0.0,14.428694227110936,-15.427355720692546,0.3247514091156731
VT,2025-07-31,2025-09-02,0.02378465366940241,0.7245691723131431,0.3281162922377292,0.41120650700406697,0.6894469697654657,1.0,0.9589041095890412,0.42081165039123847,0.9422115074352103,0.833429614233,0.0,0.14832166665159754,19.1764,1.82,0.06,1.9156578,76.01,0.0,14.832166665159757,-16.514511426408916,0.166570385767
VOO,2025-07-31,2025-09-02,0.014285736749677813,0.7158310024354272,0.3495566594925283,0.2688657930411207,0.6389582683684847,1.0,1.0,0.7643295749378679,1.0,0.82651345463,0.0,0.15942918095893335,21.1413,1.19,0.03,5.8402332,994.36,0.0,15.942918095893338,-18.689388872920247,0.17348654537
Preference_Driven,2025-09-02,2025-09-30,0.0013527147865168843,0.7385074793030055,0.1502202807861684,0.6233701088896015,0.877644702208842,0.8307507890266783,0.9316790404143208,0.7251705800418029,0.5658373858491205,0.7442973522929115,0.37554974957653176,0.10691816551405474,14.83760238565927,2.7590361019453757,0.07987430049754587,6.7942723694806855,22.745643538891738,-0.10967996340359767,10.691816551405473,-9.16462368557176,0.25570264770708845
EqualWeight,2025-09-02,2025-09-30,0.023973999077679276,0.6669537656927383,0.20447138275613985,0.49630629010132005,0.7770843549530366,0.656769927598158,0.8951881877588715,0.4685600039802113,0.6530757992294449,0.8860014768444696,0.5320205882611905,0.12904144191033193,20.809779609899685,2.4378298947273356,0.10651262293602376,5.121261524309116,81.30201395914571,0.059064189795556,12.90414419103319,-14.399282393000263,0.11399852315553037
MaxSharpe,2025-09-02,2025-09-30,0.04136138387245247,0.6099985828766553,0.302422998932795,0.37642583173361704,0.7209037669907973,0.5501162953020045,0.9284892208257018,0.7256956930640099,0.6061312052349612,0.6445891267147227,0.3971625586863701,0.1414011712620246,31.59268336605848,1.6660607312529887,0.08220286879723762,19.447507064707665,26.69468688739625,0.0025477781181371117,14.140117126202458,-15.177541128234646,0.3554108732852773
VT,2025-09-02,2025-09-30,0.04266842425334816,0.7374301320802807,0.23722746942833545,0.41120650700406697,0.6952213782242675,1.0,0.9589041095890412,0.42741968289873544,0.9422115074352103,0.833429614233,0.9125454961562365,0.14705129679066115,24.4157,1.82,0.06,1.9735225548902195,76.01,0.421076,14.705129679066115,-16.514511426408912,0.166570385767
VOO,2025-09-02,2025-09-30,0.04415043184769574,0.7171835363284701,0.25719041044845437,0.2688657930411207,0.6451562701908469,1.0,1.0,0.7747102568193645,1.0,0.82651345463,0.3295583015523783,0.15806562055801368,26.6133,1.19,0.03,6.051809780439122,994.36,-0.155137,15.806562055801368,-18.689388872920254,0.17348654537
Preference_Driven,2025-09-30,2025-10-31,-0.01577687504203784,0.7319217525739277,0.07651503762241652,0.5948751095458855,0.8871241062633226,0.8337994229748221,0.9223712799407693,0.712810492986846,0.5825789605027654,0.7695896794046613,0.26567269571736446,0.10483269662206904,14.765841481153782,2.6329172348500887,0.08666896564323835,6.536548171109189,24.054678517988386,-0.08828389921314801,10.483269662206904,-9.150655511788685,0.23041032059533872
EqualWeight,2025-09-30,2025-10-31,-0.0034771093135479436,0.6486176656996678,0.13758890999998263,0.47947146193965107,0.7818111855208758,0.625862816155705,0.8858340557566241,0.4551413428414631,0.6332432410172169,0.8842003542840124,0.3978671936867927,0.12800153918540733,22.890075701472004,2.144918420212007,0.11939262399045097,4.922369761495068,78.9205741231523,0.007678521600223369,12.800153918540735,-14.117844611931126,0.11579964571598754
MaxSharpe,2025-09-30,2025-10-31,0.005034083180690763,0.5951740870175707,0.2331650245008396,0.3957934318253701,0.7157942947437559,0.5833070028158768,0.8037132653056367,0.5660410627078079,0.5588656515595505,0.7511093904303876,0.1821035361917272,0.14252525515637368,35.6039042151219,1.7517817292590878,0.19375678911599203,9.778015961758381,19.775396804721332,-0.17252285963431233,14.252525515637368,-14.411409638388841,0.24889060956961245
VT,2025-09-30,2025-10-31,0.021921804152505997,0.7242831815154454,0.16941515024502737,0.41120650700406697,0.6978624118140724,1.0,0.9589041095890412,0.42857984216727896,0.9422115074352103,0.833429614233,0.4871524558533472,0.14647026940090407,27.1237,1.82,0.06,1.9911236580516898,76.01,0.084955,14.64702694009041,-16.514511426408934,0.166570385767
VOO,2025-09-30,2025-10-31,0.02503286158444018,0.7102144799507284,0.18685648532480809,0.2688657930411207,0.6474102523187424,1.0,1.0,0.7768075186238559,1.0,0.82651345463,0.2266909097603597,0.15756974448987668,29.4438,1.19,0.03,6.125951292246521,994.36,-0.118775,15.756974448987668,-18.689388872920258,0.17348654537
Preference_Driven,2025-10-31,2025-12-01,0.02853482538392238,0.7303178262211352,0.11991091656722802,0.5305956799604697,0.8826840166646135,0.8753074904352425,0.8947078146444588,0.582459740033248,0.5472835914522098,0.8225766721377911,0.29609892073619015,0.10580951633378502,12.690496000647045,2.3484164795050386,0.10686329530954489,4.459763453865198,18.34690735193233,-0.06625111655566962,10.580951633378504,-9.108146295898353,0.17742332786220896
EqualWeight,2025-10-31,2025-12-01,0.010602969016038521,0.6578948209037845,0.1852810222612697,0.48366316183984287,0.7892998082164535,0.659666263140757,0.8460088239637812,0.43848910167018873,0.6274935437580673,0.8862303461900921,0.410687436332554,0.12635404219238022,19.095204039285242,2.161744323314717,0.1483131070813714,4.707064785009813,73.34272146469877,0.02624049545420251,12.635404219238023,-13.654873297609987,0.11376965380990792
MaxSharpe,2025-10-31,2025-12-01,-0.031909702392362016,0.5963414315588905,0.30403664815142384,0.28060334641025986,0.6823505826121806,0.7066399620659655,0.7365018436301133,0.44405825564779206,0.5441736946510431,0.7532121375390526,0.375361804025631,0.14988287182532026,30.73041716456411,1.2419504112118096,0.22235365415001723,7.276772128829922,18.093454004386622,0.05191094197055184,14.988287182532027,-13.716531325831996,0.24678786246094747
VT,2025-10-31,2025-12-01,-0.0012038974588398643,0.726695101498442,0.20554000330471928,0.41120650700406697,0.6949522731683428,1.0,0.9589041095890412,0.4359938111384602,0.9422115074352103,0.833429614233,0.4891630458622576,0.14711049990296457,21.0801,1.82,0.06,2.0703884231536924,76.01,0.075012,14.711049990296459,-16.514511426408948,0.166570385767
VOO,2025-10-31,2025-12-01,-0.0014920968995622008,0.7125184191554542,0.2290181779882255,0.2688657930411207,0.642573641436321,1.0,1.0,0.7803983422119674,1.0,0.82651345463,0.2337720045206489,0.15863379888400939,23.3804,1.19,0.03,6.289197205588822,994.36,-0.086494,15.863379888400939,-18.68938887292022,0.17348654537
Preference_Driven,2025-12-01,2025-12-31,0.0019080807973104186,0.7363932658682718,0.13962808765311124,0.562182581563706,0.8898714444142926,0.8480851919908261,0.9071920557057828,0.6045628619672632,0.5706708639416663,0.8326247186693138,0.3133206507540178,0.10422828222885563,11.452855923897083,2.4882201060009628,0.09774979933477856,4.788036882318096,21.869141348044543,-0.036979980819092435,10.422828222885563,-9.22828028317928,0.16737528133068624
EqualWeight,2025-12-01,2025-12-31,0.008616145046650425,0.6542949966798852,0.19766927291311429,0.4879604228860792,0.7918348058601905,0.6251885984475591,0.8684908251636361,0.4373780878903961,0.6227570043465076,0.8875191962029877,0.39799024060905874,0.1257963427107581,17.04192322198078,2.1801188677517924,0.13145092496464372,4.645684345361483,72.79887403347286,0.01816649189013237,12.57963427107581,-14.140299179138104,0.11248080379701232
MaxSharpe,2025-12-01,2025-12-31,-0.003339683780224645,0.5739905251734512,0.31296330593335236,0.3854338523792463,0.7089394976534176,0.5569864895190082,0.7025129925711876,0.3669264249647406,0.45898617942536823,0.7915298398079051,0.29356985851358675,0.14403331051624813,28.144144975912642,1.7059302306305442,0.2877924224607612,5.82715401067039,14.935481334812145,-0.025477950865218653,14.403331051624813,-15.167634480481135,0.2084701601920949
VT,2025-12-01,2025-12-31,0.015573675057059422,0.7288342863560682,0.22817637419018838,0.41120650700406697,0.6985519822220712,1.0,0.9589041095890412,0.4410195712541508,0.9422115074352103,0.833429614233,0.4451293582181177,0.14631856391114434,19.9796,1.82,0.06,2.117171314741036,76.01,0.051403,14.631856391114434,-16.514511426408944,0.166570385767
VOO,2025-12-01,2025-12-31,0.006408754197938071,0.7152338464149606,0.24693230950233488,0.2688657930411207,0.6444278805719748,1.0,1.0,0.7938021805475673,1.0,0.82651345463,0.2451198168691838,0.15822586627416554,21.7857,1.19,0.03,6.575361952191235,994.36,-0.050055,15.822586627416554,-18.689388872920315,0.17348654537
Preference_Driven,2025-12-31,2026-02-02,0.05931215056787709,0.730816493864629,0.11046270374461796,0.5388171976527482,0.8876600205932887,0.8605590722155696,0.8974881766853045,0.5666148938235724,0.5527528165682771,0.8326100926419087,0.36331111831304846,0.10471479546947648,13.35151247990128,2.384804916811063,0.10483363101972781,4.361799526801221,19.19068510107485,0.0040489577698535305,10.471479546947648,-9.17323214052072,0.1673899073580913
EqualWeight,2025-12-31,2026-02-02,0.04278175805386053,0.652719954939705,0.1550195402632194,0.5074577539150652,0.7983908370224205,0.6268494567694932,0.855000926399917,0.4398228343345058,0.616302974503691,0.887504040813262,0.3447819322309492,0.12435401585506747,17.908824902305902,2.4544850927377455,0.14149838435233472,4.634921761968847,71.87766330928801,0.009661973624654934,12.435401585506748,-14.11600254199249,0.11249595918673808
MaxSharpe,2025-12-31,2026-02-02,0.023783654479710314,0.5565441095446558,0.23544796245729757,0.38849085906175607,0.7185511788528671,0.5394078209406443,0.6385227040405808,0.3061626960985302,0.42326892514551434,0.7992405783604337,0.28955793746759223,0.14191874065236923,26.13511465307075,1.719460542207332,0.34819459890009113,4.056939629997433,13.457623740711398,-0.018264699271434384,14.191874065236926,-15.333224006209056,0.20075942163956628
VT,2025-12-31,2026-02-02,0.037637945724369626,0.730835809850782,0.1815081187109921,0.41120650700406697,0.6984839417090133,1.0,0.9589041095890412,0.4505202752313395,0.9422115074352103,0.833429614233,0.7138297140990257,0.14633353282401707,20.6181,1.82,0.06,2.2374471057884233,76.01,0.203471,14.633353282401707,-16.51451142640892,0.166570385767
VOO,2025-12-31,2026-02-02,0.021015220120112588,0.7078332923300505,0.17702047641956303,0.2688657930411207,0.6463186077675092,1.0,1.0,0.7918666113328672,1.0,0.82651345463,0.13214040264669327,0.157809906291148,20.1591,1.19,0.03,6.713311576846307,994.36,-0.073214,15.780990629114802,-18.689388872920276,0.17348654537
Preference_Driven,2026-02-02,2026-03-02,0.04476861453408776,0.7304397188155363,0.10895672724435843,0.5375218082901176,0.8860916072709618,0.8508498660124297,0.8971013937811737,0.5569667743267465,0.5592255981941411,0.8407127722813138,0.4564287528614401,0.1050598464003884,15.05430944271493,2.379071523492061,0.10511598253974322,4.299117394594043,19.92757750336377,0.04989595874597273,10.50598464003884,-9.216079575203597,0.15928722771868617
EqualWeight,2026-02-02,2026-03-02,0.03593787474504895,0.6551311677905486,0.13431742618658696,0.5152722483537964,0.8004950820649905,0.6791695186259231,0.7941181393979152,0.3863350691099038,0.5791261111721644,0.883965642018975,0.4333576040615136,0.12389108194570209,18.787798898909443,2.4661346456528803,0.18563650693945719,3.227650081220519,62.48078645322611,0.05995656335868883,12.389108194570209,-13.80115788146193,0.11603435798102504
MaxSharpe,2026-02-02,2026-03-02,0.07552283628334377,0.626506145190445,0.22285665073540242,0.4151879542656246,0.759523822891814,1.0,0.2826995416020608,0.11709123610721334,0.33648215137523774,0.7351749968591841,0.7115927887143236,0.1329047589638009,31.822150281166472,1.8376218855796542,0.6243684009610466,0.4449573018491997,8.894698245969803,0.20161804226632304,13.29047589638009,-11.506683145355225,0.2648250031408159
VT,2026-02-02,2026-03-02,0.006852396632970326,0.7239394567173999,0.13494983964955526,0.41120650700406697,0.695061815488898,1.0,0.9589041095890412,0.46316248742247507,0.9422115074352103,0.833429614233,0.5778705163750142,0.14708640059244243,18.8809,1.82,0.06,2.382699,76.01,0.13693,14.70864005924424,-16.51451142640891,0.166570385767
VOO,2026-02-02,2026-03-02,-0.012244634458908443,0.7018797181721328,0.12437894607748033,0.2688657930411207,0.6437403804872015,1.0,1.0,0.7927480447338041,1.0,0.82651345463,0.07936013124156072,0.15837711629281565,17.3247,1.19,0.03,6.8862742,994.36,-0.104224,15.837711629281568,-18.68938887292027,0.17348654537
Preference_Driven,2026-03-02,2026-03-31,-0.041058906445503696,0.7707255876480474,0.18188686871043588,0.5408151525629208,0.880112922905021,1.0,0.8984194955637144,0.5532835335009301,0.5708477448475474,0.8526198784181895,0.5205727784769726,0.10637515696089538,11.037290195479212,2.3936478652434867,0.10415376823848829,4.235606749199047,21.38399252220716,0.018638540980305485,10.637515696089537,-9.324906288946469,0.14738012158181052
EqualWeight,2026-03-02,2026-03-31,-0.04466464245844326,0.6660454455222167,0.20114764822189113,0.5153115253614529,0.7775921796312225,0.6975280536576742,0.8196877638906892,0.43714847058017337,0.6248127286163356,0.8849937904396405,0.4595643177616545,0.12892972048113105,12.698569678689807,2.47474712847418,0.16686530558542448,4.757928165164792,69.79389237129563,0.005024564904295934,12.892972048113105,-14.55165207941096,0.11500620956035945
MaxSharpe,2026-03-02,2026-03-31,-0.02105656715801274,0.6672812893879471,0.3257263163502623,0.6789197692735331,0.8149020928898867,0.8170705057479437,0.4121999557805938,0.2865324123428304,0.40966282151295774,0.7891382533985665,0.571629642947546,0.12072153956422492,23.443720739905995,3.004898898804657,0.5368144607221219,3.6036432541020167,13.650367359809428,0.06151205618531636,12.072153956422493,-11.094419299575607,0.21086174660143353
VT,2026-03-02,2026-03-31,-0.055064878887539415,0.7241441568649307,0.2186107965996445,0.41120650700406697,0.6698066697895648,1.0,0.9589041095890412,0.4809128867511694,0.9422115074352103,0.833429614233,0.5715329370844705,0.15264253264629574,14.2048,1.82,0.06,2.58828187250996,76.01,0.068523,15.264253264629573,-16.51451142640895,0.166570385767
VOO,2026-03-02,2026-03-31,-0.049482625515255174,0.7056271456215828,0.20477574450678362,0.2688657930411207,0.6294383915205001,1.0,1.0,0.8017624256517412,1.0,0.82651345463,0.12734339369479664,0.16152355386548997,13.0115,1.19,0.03,7.2551906374502,994.36,-0.141363,16.152355386549,-18.689388872920205,0.17348654537
Preference_Driven,2026-03-31,2026-04-30,0.02181370980272046,0.7643441458245945,0.10379477977948656,0.5317558600614157,0.879466035891386,1.0,0.8950122802798518,0.5611703442167767,0.5522452329625434,0.8320938157275434,0.7164554576332635,0.10651747210389508,12.837187168168427,2.3535514366318258,0.1066410353957083,4.55409267476184,18.962949720479628,0.09202970974835857,10.651747210389505,-9.159105839645708,0.1679061842724566
EqualWeight,2026-03-31,2026-04-30,0.06271865942922505,0.6599284439143215,0.13887842657416288,0.5177904165233145,0.7815663042969124,0.6719699563711693,0.8282326029457032,0.4441422589915167,0.6324927386900349,0.8847688116081863,0.5345672148255065,0.12805541305467927,18.067052093382493,2.473492406325438,0.16009628556932354,4.714568242295488,71.53030094676248,0.024918689445601976,12.80554130546793,-14.198003686282485,0.1152311883918137
MaxSharpe,2026-03-31,2026-04-30,0.02932731108914388,0.6707865080841829,0.18808945842827446,0.6868690567803848,0.8250349045484171,0.8779760002239587,0.39779093776773355,0.28139585032111314,0.3871521611863878,0.7843607276594204,0.6068827799946027,0.11849232099934824,25.402864443040038,3.0400824453099817,0.5454445040025947,3.5708707321035518,12.338457188037555,0.05295272338469196,11.849232099934824,-10.912391954226084,0.21563927234057959
VT,2026-03-31,2026-04-30,0.09472153730931088,0.715540089761225,0.16141067841582654,0.41120650700406697,0.6650508429501485,1.0,0.9589041095890412,0.4815658772803454,0.9422115074352103,0.833429614233,0.4354056493279319,0.1536888145509673,21.4259,1.82,0.06,2.640961752988048,76.01,-0.013423,15.368881455096728,-16.51451142640893,0.166570385767
VOO,2026-03-31,2026-04-30,0.10653355690192767,0.7045442438490465,0.15978860482190757,0.2688657930411207,0.630499949803577,1.0,1.0,0.7948002580256286,1.0,0.82651345463,0.2522093830966349,0.16129001104321306,21.1841,1.19,0.03,7.2791838645418325,994.36,-0.100138,16.129001104321308,-18.689388872920233,0.17348654537
Preference_Driven,2026-04-30,2026-05-22,0.018097538684182846,0.7452722708042118,0.09490429291745894,0.5143645725029762,0.8744557472068251,0.9531082103272163,0.8682844275008232,0.5067719648118463,0.5223001585273326,0.8606113956809217,0.7069260335944647,0.10761973561449849,11.80593829013161,2.2765775978981724,0.126152367924399,3.4269357073282487,16.85250803465648,0.13970012153865516,10.761973561449846,-9.285019099644497,0.13938860431907826
EqualWeight,2026-04-30,2026-05-22,0.01869774881236741,0.6550799880918914,0.12412878992935725,0.5123240841688677,0.7742831202550005,0.683439585258053,0.8299185599223643,0.39999532953568884,0.6049522238185494,0.8859758694811517,0.5173970103918859,0.1296577135438999,16.916963304841218,2.462636600923956,0.15919005614255416,3.420173805687069,68.45404090145438,0.06032954085098767,12.965771354389991,-14.807192184982924,0.11402413051884833
MaxSharpe,2026-04-30,2026-05-22,0.03586289965466505,0.6458358542518254,0.18537587285367607,0.625381217866218,0.7911847802966606,0.8523571027854799,0.4227189640156937,0.13805634289274443,0.30697661697029416,0.8554086799783835,0.6132147824973511,0.12593934833473466,27.62836657644379,2.7679372702758807,0.5246476640593597,1.0027380873880896,8.490464433949155,0.10537489423562936,12.593934833473467,-12.106863140389287,0.14459132002161648
VT,2026-04-30,2026-05-22,0.030077263172078705,0.7149575644668053,0.14257848136791634,0.41120650700406697,0.6597651817654182,1.0,0.9589041095890412,0.48512406646378753,0.9422115074352103,0.833429614233,0.5484910510179237,0.154851660011608,20.1436,1.82,0.06,2.676799601593625,76.01,0.079428,15.485166001160799,-16.514511426408916,0.166570385767
VOO,2026-04-30,2026-05-22,0.038572078471529325,0.7010365839023159,0.14267511443038028,0.2688657930411207,0.6289958579357112,1.0,1.0,0.7974835006478681,1.0,0.82651345463,0.16097114823185696,0.16162091125414352,20.1605,1.19,0.03,7.344177290836654,994.36,-0.100432,16.162091125414353,-18.689388872920276,0.17348654537
