Rebalance_Date,Evaluation_Date,Forward_Period_Return,Capital_Gain_Forward_Return,Dividend_Income_Forward_Return,Benchmark_Forward_Return,EqualWeight_Forward_Return,MaxSharpe_Forward_Return,Portfolio_ExAnte_Preference_Score,Portfolio_ExAnte_Score_Return_CAGR,Portfolio_ExAnte_Score_Return_Div,Portfolio_ExAnte_Score_Risk_Vol,Portfolio_ExAnte_Score_Risk_MaxDD,Portfolio_ExAnte_Score_Cost,Portfolio_ExAnte_Score_Liq_Volume,Portfolio_ExAnte_Score_Liq_AUM,Portfolio_ExAnte_Score_Div_Score,Portfolio_ExAnte_Score_FinBERT,Portfolio_ExAnte_Portfolio_Volatility,Portfolio_Forward_Preference_Score,Portfolio_Forward_Score_Return_CAGR,Portfolio_Forward_Score_Return_Div,Portfolio_Forward_Score_Risk_Vol,Portfolio_Forward_Score_Risk_MaxDD,Portfolio_Forward_Score_Cost,Portfolio_Forward_Score_Liq_Volume,Portfolio_Forward_Score_Liq_AUM,Portfolio_Forward_Score_Div_Score,Portfolio_Forward_Score_FinBERT,Portfolio_Forward_Portfolio_Volatility,Benchmark_Forward_Preference_Score,Benchmark_Forward_Score_Return_CAGR,Benchmark_Forward_Score_Return_Div,Benchmark_Forward_Score_Risk_Vol,Benchmark_Forward_Score_Risk_MaxDD,Benchmark_Forward_Score_Cost,Benchmark_Forward_Score_Liq_Volume,Benchmark_Forward_Score_Liq_AUM,Benchmark_Forward_Score_Div_Score,Benchmark_Forward_Score_FinBERT,Benchmark_Forward_Portfolio_Volatility,EqualWeight_Forward_Preference_Score,EqualWeight_Forward_Score_Return_CAGR,EqualWeight_Forward_Score_Return_Div,EqualWeight_Forward_Score_Risk_Vol,EqualWeight_Forward_Score_Risk_MaxDD,EqualWeight_Forward_Score_Cost,EqualWeight_Forward_Score_Liq_Volume,EqualWeight_Forward_Score_Liq_AUM,EqualWeight_Forward_Score_Div_Score,EqualWeight_Forward_Score_FinBERT,EqualWeight_Forward_Portfolio_Volatility,MaxSharpe_Forward_Preference_Score,MaxSharpe_Forward_Score_Return_CAGR,MaxSharpe_Forward_Score_Return_Div,MaxSharpe_Forward_Score_Risk_Vol,MaxSharpe_Forward_Score_Risk_MaxDD,MaxSharpe_Forward_Score_Cost,MaxSharpe_Forward_Score_Liq_Volume,MaxSharpe_Forward_Score_Liq_AUM,MaxSharpe_Forward_Score_Div_Score,MaxSharpe_Forward_Score_FinBERT,MaxSharpe_Forward_Portfolio_Volatility,Forward_Score_vs_Benchmark,Forward_Score_vs_EqualWeight,Forward_Score_vs_MaxSharpe
2019-07-01,2019-09-30,-0.000795496281008834,-0.0032937438722525636,0.0024982475912437296,-0.0028742569995823253,0.01496523264490568,0.021974890166016836,0.5639719834788658,0.5887610920740223,0.19915738939807517,0.7076205069038366,0.887017668954729,0.9135218721425618,0.4304495588286739,0.5445250173197327,0.659966516306769,0.0,0.14432348848115595,0.5896888920714296,0.602245229542664,0.22828306286768696,0.6873219315678449,0.8890545961674118,0.9598602175710773,0.47286511125643066,0.8502157272621609,0.6548813663171823,0.0,0.1487891750550741,0.5610545155357197,0.5,0.411857886399638,0.8237064637519911,1.0,0.9619047619047618,0.35013630490632075,0.9184835516853215,0.833429614233,0.0,0.11878457797456196,0.5334530628402866,0.5197525588880486,0.40731805121964215,0.8451630142745654,0.5007799957267024,0.8919537414011596,0.32364867681287335,0.6327139601855317,0.8787618603181834,0.0,0.11406413685959561,0.5501659887240377,0.5760996903717677,0.2668170812461753,0.8023473637812292,0.5453514018636778,0.8425140623370331,0.5002750477711079,0.6335134368860454,0.6711109338761087,0.0,0.12348357996812959,0.028634376535709882,0.05623582923114301,0.03952290334739195
2019-09-30,2019-12-31,0.10238521831716252,0.10071121758414292,0.0016740007330195983,0.09546661172462811,0.07083416335305559,0.05163542799808751,0.5426561484903585,0.5662604144326582,0.06887830423940147,0.7185160990813411,0.7455957246886133,0.9605014068965516,0.2883868565819909,0.3597338143494343,0.7757622547249999,0.0,0.14192645820210495,0.5575071393228299,0.5681453893540914,0.1428625964223724,0.7174939006543934,0.7454511588628996,0.9818607479798193,0.28866855722459256,0.616061668999379,0.7755037349202544,0.0,0.14215134185603345,0.5618351151375911,0.5000000000000001,0.411857886399638,0.8238881462742003,1.0,0.9619047619047618,0.3655666144215399,0.9184835516853215,0.833429614233,0.0,0.11874460781967593,0.5371636848157819,0.5139468942878891,0.46027048955364225,0.8661940574069878,0.5546507627125112,0.8878767875310556,0.35320818817333743,0.639474968765681,0.8942265472796433,0.0,0.10943730737046267,0.5587580595980159,0.5179331249602102,0.40564246284609373,0.9149639852637254,1.0,0.9263048629930969,0.5064585316251193,0.5383672878825787,0.7959010748167442,0.0,0.09870792324198042,-0.004327975814761187,0.020343454507047998,-0.0012509202751860293
2019-12-31,2020-03-31,-0.17500409271122586,-0.17720109979937837,0.002197007088152514,-0.2173401565664148,-0.22311061214340633,-0.12797087577454036,0.5579035992091549,0.5953698166349104,0.16456721945137157,0.6900661792430723,0.6804197414396393,0.9014362137404581,0.5398654949704382,0.5392871858467088,0.6289645929793845,0.0,0.14818544056652408,0.5462042631566904,0.5620686973493445,0.20625550521773903,0.3436508847976687,0.7880535382179177,0.9579522104021077,0.5923866838239499,0.8520308456075225,0.6036277147209264,0.0,0.2243968053445129,0.5454729818824355,0.5,0.411857886399638,0.48102378211994246,1.0,0.9619047619047618,0.3811883134726871,0.9184835516853215,0.833429614233,0.0,0.19417476793361266,0.5169045670996404,0.5166998611435284,0.45441296993263147,0.4806596776841682,0.41432880116577187,0.9033287972510657,0.4113606699054173,0.6630879353370915,0.8908134940352417,0.0,0.19425487090948299,0.5406961309356594,0.5482361122519446,0.34011671782139496,0.44260946074959473,0.5996253784486056,0.9283786591082677,0.8756777979036767,0.7332791888022472,0.6018774494647026,0.0,0.20262591863508914,0.0007312812742548136,0.029299696057049962,0.00550813222103097
2020-03-31,2020-06-30,0.24854364265998452,0.2454738965133918,0.0030697461465927223,0.20190145610042287,0.1855474226107494,0.24503299656461697,0.5167024894198714,0.538201071175948,0.2218534856571047,0.395098995924281,0.5356303094231979,0.9669996071428572,0.40992205531705644,0.4148758520274952,0.8456555928135567,0.0,0.21307822089665818,0.5288781681336105,0.547865878718691,0.24036902459721304,0.2894161783594784,0.5428530260403228,0.9883624133657976,0.348559581529949,0.6932580239369694,0.8442947367670472,0.0,0.23632844076091475,0.5420977539160008,0.5,0.411857886399638,0.40079038172859305,1.0,0.9619047619047618,0.39391715453534176,0.9184835516853215,0.833429614233,0.0,0.2118261160197095,0.5034299574268539,0.5181996281447375,0.4191992660557784,0.40941000529181426,0.467452510871748,0.8764858771239474,0.3027713105909221,0.5706069418132647,0.870838296626636,0.0,0.20992979883580087,0.4918823957866555,0.5240929809248097,0.15662230104252634,0.3355505741020004,0.2796058311917322,0.9780295899083657,0.4182166918910302,0.5479996570712921,0.7566113906978917,0.0,0.22617887369755987,-0.013219585782390242,0.025448210706756624,0.03699577234695506
2020-06-30,2020-09-30,0.07813331488384323,0.0748977321575992,0.003235582726244024,0.08841298286129162,0.07724296707196054,0.12807026287677292,0.5203644146223448,0.5603817500091953,0.2621124282855236,0.25381110298542575,0.5096803514519773,0.98875025,0.34988206335908734,0.43177742995479396,0.8545939222972326,0.0,0.2441615573432063,0.5292545314468801,0.5596409009235124,0.2680898073978408,0.23627384559274,0.5234494673654231,0.996012641042252,0.3107626491167663,0.657276083952969,0.8526330158544083,0.0,0.24801975396959716,0.5416895733581174,0.5000000000000001,0.411857886399638,0.3836852158164128,1.0,0.9619047619047618,0.4028587092898521,0.9184835516853215,0.833429614233,0.0,0.21558925252038916,0.5031993678807125,0.5174198776207138,0.41813520916948566,0.4000227451403148,0.481350909250546,0.8671429860166646,0.3210128007600135,0.5634241183692416,0.8697075721248096,0.0,0.21199499606913075,0.5043590821313889,0.5292920003581805,0.12269695851931814,0.27234145500396734,0.7577766321607532,0.9874601311173408,0.30180819217148047,0.4930774458326063,0.7262528912008237,0.0,0.2400848798991272,-0.012435041911237343,0.02605516356616755,0.024895449315491147
2020-09-30,2020-12-31,0.18813061764161154,0.1838040764205724,0.0043265412210391485,0.15994013006985708,0.15370759409240087,0.10494024743330033,0.5199420214730754,0.5707760399434813,0.3551034089392928,0.23243182893433778,0.5939056602718049,0.83458575,0.5129374072493365,0.46447117133523885,0.7409860861462495,0.0,0.2488649976344457,0.5368957283112836,0.5701990383690889,0.35478168720881026,0.21287362776143326,0.5767943284447506,0.9420011449211882,0.49189089387663965,0.7296712820271747,0.7562469335672553,0.0,0.25316780189248467,0.540991882015543,0.5,0.411857886399638,0.3666126699580555,1.0,0.9619047619047618,0.40597742829672295,0.9184835516853215,0.833429614233,0.0,0.21934521260922776,0.506432113830375,0.5219400429200778,0.41862989770547665,0.36998430736429266,0.4716773103961297,0.8691958325803057,0.3553479292541105,0.5898032754157876,0.8656465747380102,0.0,0.2186034523798556,0.5017703310841346,0.5600983883385515,0.1177303756422374,0.1693480254090748,0.5537453837561124,0.9693079004428387,0.5638839558113679,0.6637115689871543,0.47716375777603903,0.0,0.26274343441000353,-0.00409615370425942,0.03046361448090862,0.035125397227149024
2020-12-31,2021-03-31,0.094970993573263,0.09103831527837869,0.003932678294884306,0.058190023652190614,0.06760996104736638,0.00566198004348184,0.5249616363408888,0.5718964817038059,0.3445040827218145,0.20534265592393597,0.6032596709429252,0.8970104285714287,0.5568228456976694,0.484620072897326,0.730657877021314,0.0,0.2548246156967341,0.5426621866406576,0.5732108403548268,0.3507246250131731,0.21101155270528893,0.5797011744010351,0.9646164046391462,0.5288237801356128,0.7654070111133742,0.7491822829578008,0.0,0.2535774584048364,0.5416307810706449,0.5,0.411857886399638,0.37600190053788984,1.0,0.9619047619047618,0.40936617881892556,0.9184835516853215,0.833429614233,0.0,0.2172795818816642,0.5097497494464442,0.5237067920892309,0.39847456399786574,0.378721359659443,0.4837539369457182,0.8842799209035547,0.35486004478462707,0.6102927429414534,0.8611561353562749,0.0,0.21668130087492254,0.49490310450442326,0.5574080607636777,0.146350217908944,0.18006203830888545,0.549022558544958,0.9565842826142896,0.43307080029799794,0.5051257523150198,0.571353994803431,0.0,0.2603863515720452,0.001031405570012689,0.03291243719421333,0.04775908213623431
2021-03-31,2021-06-30,0.08297062393002097,0.07899208663015189,0.003978537299869078,0.07503562485895254,0.07419171412607795,0.10765221794130664,0.5172583164359519,0.5768912274034231,0.3212105203468979,0.19695888165078834,0.5698470161242879,0.8367078241758242,0.4508778432423143,0.4867123444223422,0.7291294588329142,0.0,0.25666904603682655,0.5342543986795806,0.5786917310089494,0.3366209322507655,0.19201564060120213,0.5817231457940617,0.9523401678471569,0.4208263474748929,0.7359604281384133,0.7183066013187209,0.0,0.25775655906773554,0.5418700302148237,0.5,0.411857886399638,0.3737850092749442,1.0,0.9619047619047618,0.416368052965449,0.9184835516853215,0.833429614233,0.0,0.21776729795951227,0.5067167191865376,0.5186158182048402,0.4079538197217556,0.3921694860746425,0.5045557000751428,0.881718325532775,0.3398803503708269,0.5829137692592696,0.8641613760824274,0.0,0.21372271306357865,0.4962422153168318,0.5426046537210361,0.18523826301385024,0.24509436710084087,0.739591360889351,0.9343455582594047,0.3188619539010586,0.4771722205867214,0.6205638273339327,0.0,0.246079239237815,-0.007615631535243139,0.027537679493042977,0.03801218336274875
2021-06-30,2021-09-30,-0.0025629092641807905,-0.0060590930503459095,0.003496183786165119,-0.00863218172147584,0.0011255168951052053,-0.00031024485015462844,0.5171235177317977,0.5833007191012773,0.2785120345864883,0.18067024582436608,0.5433397166697437,0.8608950402038609,0.4295298787829971,0.4535561836325831,0.729085689704177,0.0,0.26025254591863944,0.5327942525236026,0.5854254550926266,0.3089324091088269,0.17382712265845424,0.548372134081655,0.959425170928011,0.4009660902811277,0.684529104184556,0.7245427111596787,0.0,0.26175803301514006,0.5421997674266816,0.5,0.411857886399638,0.36928857364909795,1.0,0.9619047619047618,0.4274592328284519,0.9184835516853215,0.833429614233,0.0,0.21875651379719846,0.5077784247389329,0.521568921009205,0.4223944317235877,0.380226412309865,0.47828532050876205,0.8947650374531545,0.3419130088269872,0.5840437124137298,0.8695384360824514,0.0,0.21635018929182967,0.5105915361400244,0.5440670380830834,0.1823753801508636,0.23646953100997892,0.8542623419768358,0.9396610521676418,0.42011909396662594,0.6018081994659268,0.5873865426497815,0.0,0.24797670317780462,-0.00940551490307906,0.02501582778466971,0.02220271638357818
2021-09-30,2021-12-31,0.11498387458758375,0.1114074388926114,0.0035764356949723464,0.06775617055347927,0.08590241686931743,0.08956672864178095,0.5423187517660943,0.5896641167923303,0.27384677081642594,0.1676835061535572,0.5500630649823901,0.8399329670329669,0.763845584902975,0.5790703620692119,0.729737132732577,0.0,0.2631096286462174,0.5617751980886708,0.5885303784815012,0.2953555738356836,0.19830850221541452,0.5642796359269011,0.9534518247046686,0.7426289536012957,0.872388396469721,0.7153062427794521,0.0,0.2563721295126088,0.5433773150439637,0.5,0.411857886399638,0.39396290636268116,1.0,0.9619047619047618,0.4263358524605098,0.9184835516853215,0.833429614233,0.0,0.21332816060021012,0.5126319599196107,0.5232808994593541,0.4201593212176006,0.4004272401665694,0.4718269018672795,0.890380284596065,0.3892286325850485,0.6079055429299092,0.8683903510972245,0.0,0.21190600716335473,0.5306927611069202,0.5467160468116227,0.14801846677482086,0.23858553530639415,0.9039308309848182,0.9542369206307162,0.6420704361973577,0.7321976086478343,0.5644786877217183,0.0,0.24751118223259327,0.01839788304470713,0.04914323816906008,0.031082436981750616
2021-12-31,2022-03-31,-0.054694096922117796,-0.05772250146224811,0.003028404540130314,-0.05051332591366908,-0.0431579022128904,-0.08817056112449573,0.529353363671281,0.5933203211083669,0.2667735647771356,0.1804159314281818,0.5615422158702867,0.9007293952348897,0.5198473194050687,0.43318942440111585,0.7324097274470227,0.0,0.2603084950858,0.5436159838441867,0.5902195019974246,0.2996047013208631,0.15640289500432414,0.5509817988867824,0.9716226319909778,0.5230923431367486,0.6957950681906523,0.7410052088512908,0.0,0.2655913630990487,0.5425823955649259,0.5,0.411857886399638,0.3702702255211925,1.0,0.9619047619047618,0.43413014372124487,0.9184835516853215,0.833429614233,0.0,0.21854055038533762,0.5123759551197742,0.5215469758652029,0.4244363137613577,0.38400925591813173,0.4811792553670363,0.8798958272245003,0.41696210989002913,0.6233940014499252,0.8625309590143146,0.0,0.215517963698011,0.5322178716030136,0.5576196770278955,0.11682898180032719,0.14913318436212308,0.5588950943509405,0.8981303167415938,0.9426353033640565,1.0,0.4808735429673542,0.0,0.2671906994403329,0.0010335882792608109,0.03124002872441256,0.011398112241173153
2022-03-31,2022-06-30,-0.16492000514614025,-0.1678281449416238,0.002908139795483544,-0.14732387450885887,-0.12346444910425813,-0.18144266551750432,0.5279841128099975,0.5871517935275247,0.25758869988638206,0.1682146582718611,0.5424316682096347,0.9171786428571429,0.5531945095629529,0.46300985691701046,0.7284915957892883,0.0,0.26299277518019054,0.5411283861665874,0.5868243544535996,0.29606626235920963,0.1137651878787308,0.5300481296660315,0.9710944192658675,0.5434064405635239,0.7301062644965151,0.739539691235743,0.0,0.2749716586666792,0.5407975275250322,0.5,0.411857886399638,0.3231648458549029,1.0,0.9619047619047618,0.44553816258965834,0.9184835516853215,0.833429614233,0.0,0.22890373391192137,0.5094585518133763,0.5215938834100173,0.44041239438966523,0.36103996894048185,0.5002925425518869,0.8659647318711081,0.3949032830362316,0.604223685339603,0.8626070535090122,0.0,0.22057120683309397,0.5482754309615354,0.5635984960903623,0.27040289867334577,0.16062257951794867,0.6420924261941349,0.9613446298375945,0.7911573900239189,0.943624957875459,0.6335415893938341,0.0,0.2646630325060513,0.0003308586415552428,0.031669834353211135,-0.007147044794947988
2022-06-30,2022-09-30,-0.04725335713083856,-0.050664711938465334,0.0034113548076267763,-0.06656280855264063,-0.05568056940891275,-0.055668782426995134,0.5450610569984445,0.5847364665472157,0.24426948800468107,0.12872416316593838,0.5743504440274133,0.9126290714285714,0.8024873505421681,0.6041737110605221,0.7233776338624535,0.0,0.27168068410349355,0.5625460521802603,0.582682990191512,0.28731709322927157,0.11177402190388663,0.6169317390908301,0.9541252230025276,0.7812251843628294,0.9243853328396461,0.7264833251494287,0.0,0.27540971518114493,0.5397678711671056,0.5,0.411857886399638,0.3049155186849216,1.0,0.9619047619047618,0.4431943626011074,0.9184835516853215,0.833429614233,0.0,0.23291858588931724,0.5110951294796318,0.5201685373493214,0.488141726959419,0.36478420723525384,0.4926318782361213,0.8381441396775033,0.44092030847421465,0.6316221598515783,0.865972992637715,0.0,0.21974747440824413,0.5438327338480539,0.5399096113751249,0.4082013477402122,0.2774188309258042,0.5372704628557109,0.9445587806841301,0.8944223744668072,0.9184316645503797,0.6827734191759364,0.0,0.23896785719632305,0.022778181013154764,0.051450922700628565,0.018713318332206463
2022-09-30,2023-01-03,0.0805577495155878,0.07699914352320603,0.0035586059923817803,0.1064068813127046,0.10829109512998625,0.08460090038806634,0.5443551568137438,0.5806289838080876,0.25402475916340217,0.11858318159163228,0.6272518786395365,0.8971376981003971,0.7855594185312377,0.6041427254078727,0.7337547060576189,0.0,0.2739117000498409,0.5627687496058564,0.581447536410601,0.29744386966129693,0.07275868110283401,0.6829812728022164,0.9438555107595443,0.7530764586262009,0.9184989590193882,0.7441406046451688,0.0,0.2839930901573765,0.5381034969843858,0.5000000000000001,0.411857886399638,0.2661637473203766,1.0,0.9619047619047618,0.4486586503112545,0.9184835516853215,0.833429614233,0.0,0.24144397558951713,0.5090322515472644,0.5192061196014319,0.47665534230218,0.3319697280411432,0.4982391242808526,0.8420765999507194,0.4401962970766905,0.6290624817837667,0.8639167420981833,0.0,0.2269666598309485,0.5176590164790775,0.5413967842844114,0.2806742659669084,0.2769966549144346,0.6363748102684068,0.8979742959961114,0.776809748736927,0.7755852385253824,0.517037477005883,0.0,0.23906073591882437,0.02466525262147068,0.05373649805859204,0.045109733126778906
2023-01-03,2023-03-31,0.08247630005806106,0.07982428671724384,0.0026520133408172164,0.07594373151906031,0.042840845856841225,-0.025666208027715465,0.5315900486279043,0.5701830929881643,0.1669138336607139,0.08505861559581418,0.6433867102056733,0.9683990792199685,0.5180295780563123,0.4615042338370017,0.8417043663867552,0.0,0.28128710456892086,0.5580927701192312,0.5903153215171176,0.22922310050787695,0.3137286800472302,0.5077472966679577,0.9833259713858818,0.4540883943992353,0.7313862745227985,0.8390551243366147,0.0,0.23097969038960933,0.5496576682967603,0.5,0.411857886399638,0.49876020891817996,1.0,0.9619047619047618,0.4471456149609452,0.9184835516853215,0.833429614233,0.0,0.1902727540380004,0.5235981001195498,0.5192627932840777,0.4910809438622051,0.5684514152345395,0.669023767050177,0.8240302255329202,0.3676053160287657,0.5863504959494863,0.8723050282351277,0.0,0.17494068864840132,0.5299297671580517,0.5,0.5455081726218658,0.6124734606828479,1.0,0.9442242269861971,0.6928460991530709,0.7918993206792835,0.5285761178298187,0.0,0.16525583864977345,0.00843510182247087,0.03449466999968143,0.028163002961179462
2023-03-31,2023-06-30,0.09114485780230508,0.08876122111519646,0.0023836366871086145,0.06470603606814018,0.044514804397764784,0.037264365778115094,0.5661220720254737,0.606282458415655,0.1732872200263505,0.27251238350763807,0.6396564304188475,0.9774011299435029,0.4859305583135871,0.5822116539263343,0.8478111209136799,0.0,0.24004727562831962,0.5835593996738733,0.6022051076362211,0.21397185234392666,0.3775423485659447,0.6225601277762379,0.9873907914705322,0.45440809815462846,0.9137384618672182,0.8456459908222371,0.0,0.21694068331549216,0.5532295690001966,0.5,0.411857886399638,0.5805315142386864,1.0,0.9619047619047618,0.4368123237091635,0.9184835516853215,0.833429614233,0.0,0.17228306686748898,0.5430562050485931,0.5180304486260539,0.4616497752369063,0.6492393219486203,0.8102831307740501,0.821944105651441,0.4542158291486752,0.6582562701012566,0.8844252542306135,0.0,0.1571673491713035,0.5192557358771184,0.5,0.42676207854223114,0.5790017620537358,1.0,0.6990033663338142,0.5647553782275176,0.5013375618349716,0.770508324546166,0.0,0.1726196123481781,0.030329830673676672,0.04050319462528018,0.0643036637967549
2023-06-30,2023-10-02,-0.029290212814756744,-0.031160766759296576,0.0018705539445398323,-0.0356911385325871,-0.033597503781372384,0.008465745605494845,0.5723405480762251,0.6125412733045008,0.09691420289855074,0.3557955768861969,0.5954739545242251,0.9873991578947369,0.5024998830459368,0.6514488694335163,0.8081197566951915,0.0,0.22172497308503666,0.5799193767732269,0.6110207242418424,0.16461321437929466,0.3740062677546896,0.5841499036827779,0.9907787709046011,0.44540907652806583,0.8691442125630353,0.8068356686855518,0.0,0.21771862109396825,0.5539180532830531,0.5000000000000001,0.411857886399638,0.5928805177940348,1.0,0.9619047619047618,0.4382330058109458,0.9184835516853215,0.833429614233,0.0,0.16956628608531232,0.5395697739073486,0.5162045219200013,0.47188001976322447,0.6703068307148992,0.8326026742403625,0.8015696928727949,0.41561017936115935,0.6203978956103271,0.8863292321137078,0.0,0.15253249724272216,0.5114865962407992,0.5,0.386093964857522,0.6350708294477609,1.0,0.6227418217618481,0.43662936668533436,0.45585157237123375,0.7897191672749039,0.0,0.16028441752149258,0.02600132349017381,0.0403496028658783,0.06843278053242774
2023-10-02,2024-01-02,0.12273031803960976,0.12050257787065943,0.0022277401689503318,0.11412739821355289,0.11231593783855054,0.044197151694312264,0.5523824725172113,0.6085023548600279,0.13775619235836628,0.3873245732978474,0.33878917260316654,0.9890235087719298,0.42542546306918283,0.5558015406932381,0.8288796442242782,0.0,0.21478859387447358,0.5705703359842836,0.6124964069505838,0.19577297776421176,0.3937146910263922,0.3421867563004398,0.992142048976401,0.4067196635093108,0.8793723100557791,0.8299053866804641,0.0,0.2133827679741937,0.5546387100369262,0.5,0.411857886399638,0.6009463029676708,1.0,0.9619047619047618,0.4445803557147718,0.9184835516853215,0.833429614233,0.0,0.1677918133471124,0.5409176211367293,0.5171135427083478,0.47092122053541274,0.6877727786065737,0.8234546246969632,0.8003920453271252,0.42463880236684365,0.6209319461378329,0.8864566279037115,0.0,0.14868998870655378,0.5223120770601972,0.5,0.3932192799670901,0.6923196896408756,1.0,0.6592186468839676,0.5848771343795499,0.4929918349393558,0.758417117680098,0.0,0.14768966827900734,0.01593162594735742,0.029652714847554384,0.04825825892408642
2024-01-02,2024-04-01,0.09455180136853292,0.09134675224881583,0.003205049119717085,0.08914155833210247,0.07633128608450779,0.08593046567800577,0.5653073606250045,0.5995531266915761,0.28503961108410303,0.4401003926733402,0.3410952013006635,0.9857379298245614,0.7008030862009136,0.5627540364192237,0.8402860862370258,0.0,0.20317791361186513,0.5730686266104195,0.600512536322633,0.2863577968470254,0.4560037558465365,0.333318662482315,0.9896085160987973,0.6123173015075736,0.7876824233665726,0.8384019866788159,0.0,0.19967917371376195,0.5554592651315375,0.5,0.411857886399638,0.6162744441892379,1.0,0.9619047619047618,0.4456633163854305,0.9184835516853215,0.833429614233,0.0,0.16441962227836765,0.538039107935388,0.5194846354222343,0.4700132312344031,0.6985014120486677,0.7746563048415969,0.7959750978286155,0.40139673144333554,0.6044125622952247,0.885754530302872,0.0,0.1463296893492931,0.48973781028131047,0.49999999999999994,0.430743306807834,0.8361876420333859,1.0,0.3078250526006589,0.16515435815332302,0.27595943153226415,0.8548148606532899,0.0,0.11603871875265509,0.017609361478881924,0.03502951867503146,0.08333081632910899
2024-04-01,2024-07-01,0.032980242951538896,0.029613439653073392,0.003366803298465504,0.033120532002471226,0.006601700105305586,0.04775257304690861,0.5651055894167291,0.5845952023281291,0.30736243708740885,0.4845524891483388,0.43226196557476837,0.9822254739148768,0.6797158249835683,0.5943062766439112,0.8492512662298498,0.0,0.19339845238736544,0.5732106461774974,0.5886257429877992,0.2983309178080629,0.4801721713381797,0.4101384965579147,0.9872336633181016,0.6033327960263688,0.8163723967536367,0.8460401133449782,0.0,0.19436212230560046,0.5553699921378432,0.5000000000000001,0.411857886399638,0.6186539824268025,1.0,0.9619047619047618,0.441498318273979,0.9184835516853215,0.833429614233,0.0,0.16389612386610344,0.5358466319291902,0.5168398298138013,0.4730427300700674,0.7139473660942409,0.7902479266149038,0.7875505289449432,0.3876982656779747,0.5829703885348525,0.8846400173825388,0.0,0.142931579459267,0.4817009847752996,0.5,0.4159295878503144,0.8494838034805012,1.0,0.24614327180628998,0.09450190874065857,0.239476655351466,0.8522070280635393,0.0,0.11311356323428973,0.01784065403965418,0.037364014248307154,0.0915096614021978
2024-07-01,2024-09-30,0.05921077848802625,0.055748740690178655,0.0034620377978475947,0.06973622032770255,0.09896414563697631,0.08308228830025488,0.5639602681545413,0.5866913375373538,0.30344384054448226,0.48423505130597044,0.4148858025689177,0.9830452807017542,0.6715647726247485,0.5735499026300585,0.8491599201742428,0.0,0.19346828871268648,0.5709121698070246,0.5865844397614979,0.30916350773132734,0.47030950997508214,0.4239556280272736,0.9876977995885635,0.5918687568783629,0.7911472426615268,0.8504178108166038,0.0,0.1965319078054819,0.5539389178622194,0.5,0.411857886399638,0.6056952202817619,1.0,0.9619047619047618,0.42583559490654316,0.9184835516853215,0.833429614233,0.0,0.16674705153801236,0.5358521100598587,0.5155888134877771,0.4825310689007662,0.7077406829397966,0.7838804848986279,0.7884635061087206,0.39191030222444734,0.6007668922050842,0.8864016922274757,0.0,0.14429704975324473,0.4858797508202708,0.5,0.39938242844845406,0.8433485705004944,1.0,0.2900060173268362,0.09890940624319547,0.2635203507944073,0.8609053357702428,0.0,0.11446331448989122,0.016973251944805257,0.03506005974716597,0.08503241898675384
2024-09-30,2024-12-31,0.02013059025821118,0.01670097675316895,0.0034296135050422283,-0.0065602423089814454,-0.004714895522424989,0.037383414762127254,0.581716104676441,0.5996185809223709,0.3090159423108086,0.4512259775973072,0.6405793115227961,0.9866482631578948,0.7118792136175008,0.567396186545496,0.8403943754708739,0.0,0.2007302849285924,0.5869674139613954,0.6038646113996126,0.29348194723664234,0.44888638719737894,0.5735071891989187,0.9900463550213183,0.6195630752876036,0.7898979440788795,0.8374683015240358,0.0,0.20124499481657662,0.5535676265986422,0.5,0.411857886399638,0.6113693743612472,1.0,0.9619047619047618,0.41273561555551563,0.9184835516853215,0.833429614233,0.0,0.1654987376405256,0.5359531562549813,0.5194373160543158,0.47072898761778015,0.7020235378076825,0.750783264807673,0.7923637155398274,0.38679232051377865,0.6012768115532796,0.8860064991399564,0.0,0.14555482168230985,0.48026474828478993,0.5,0.43263103970186356,0.847077250833447,1.0,0.23400744070209983,0.09366104973920467,0.23151027897503518,0.8495194727230064,0.0,0.11364300481664165,0.033399787362753175,0.0510142577064141,0.10670266567660547
2024-12-31,2025-03-31,-0.053758496111979026,-0.05706912058232527,0.003310624470346246,-0.00538358114493076,0.012240556175075135,0.01886075352553518,0.5803782379973246,0.6009706361816283,0.30415571220223625,0.4559188125751973,0.5899312275304927,0.9865662807017543,0.7174411436274651,0.5677725101989971,0.8396288936573382,0.0,0.1996978612334566,0.5865657952156074,0.5973391252302461,0.32483153954790034,0.49842416868039197,0.5364353706313076,0.9906748928190637,0.6564215297787976,0.7939178749341065,0.8423558449678874,0.0,0.19034668289031376,0.5545777285724014,0.5,0.411857886399638,0.6365617802200401,1.0,0.9619047619047618,0.40774524917190696,0.9184835516853215,0.833429614233,0.0,0.15995640835159117,0.5292545337661541,0.5169460249834261,0.4845463229473356,0.728735786826864,0.6212373662425537,0.7808803855481466,0.3982693426295327,0.5967714048664885,0.8863950571959042,0.0,0.13967812689808992,0.48529860575250927,0.5075958834597725,0.47537471109796703,0.837919616474137,1.0,0.2333274838046011,0.12962100920221142,0.23174010128604255,0.84490459311285,0.0,0.11565768437568985,0.03198806664320597,0.05731126144945331,0.1012671894630981
2025-03-31,2025-06-30,0.13342658385628825,0.1301523342640094,0.003274249592278844,0.11832880633147358,0.03885363092297256,0.005365199341075044,0.577371678370034,0.5937427133001494,0.2848218433479889,0.49521060475477896,0.46547603819077976,0.9848404912280702,0.77042483346067,0.6180569554715076,0.8411273989966168,0.0,0.19105366695394863,0.5915898375395955,0.5876865533401132,0.286468332079201,0.4968678841460139,0.6600763390656823,0.9890261064106676,0.7004204924820397,0.8430462362883189,0.8389038028289724,0.0,0.19068906548787692,0.5543079950541345,0.5,0.411857886399638,0.6313257971940278,1.0,0.9619047619047618,0.40758656183258,0.9184835516853215,0.833429614233,0.0,0.16110832461731386,0.5396418789977709,0.5145443570559305,0.45911432827565746,0.7309019100016576,0.851241595850424,0.7878649301658276,0.39446256923529266,0.6021703212173231,0.8831041629348306,0.0,0.13920157979963532,0.4794652086657883,0.49999999999999994,0.467780866803915,0.8417485914478797,1.0,0.2274969742779015,0.1002143175467187,0.22022923961719432,0.8498075252130375,0.0,0.11481530988146646,0.03728184248546096,0.051947958541824546,0.1121246288738072
2025-06-30,2025-09-30,0.07859220937735811,0.07545925391358099,0.0031329554637771206,0.08071593562929191,0.05506374729807573,0.04750062612117745,0.5744266265250912,0.5933444043995343,0.24047147676736697,0.4852517049396412,0.6310859459847031,0.9848422707423582,0.6343547528229725,0.5504817295461089,0.8378638390355835,0.0,0.19324462491327893,0.6362938787521171,0.5943705960941481,0.26860051373592686,0.5323437260542485,0.47771382657967687,0.989062667314921,0.5683433171035831,0.7535042152409355,0.8372411740839336,0.5961754587727415,0.18288438026806533,0.6468216057579499,0.5,0.411857886399638,0.6727130424316516,1.0,0.9619047619047618,0.4147248910665926,0.9184835516853215,0.833429614233,0.9008733198023355,0.15200313066503662,0.5791393060179024,0.5156588192763595,0.4745707774700776,0.7718658038569468,0.6905750931493599,0.7827553838582373,0.37378326102428727,0.582940966778559,0.8850743944354691,0.469234905389884,0.1301895231514717,0.5584125168362436,0.5547393934985937,0.5268789126372233,0.7083720610390075,0.4985572349525764,0.4516486088945005,0.3543207536936706,0.4214581840030462,0.7465480546091583,0.5693320282196115,0.14415814657141834,-0.010527727005832821,0.05715457273421465,0.07788136191587347
2025-09-30,2025-12-31,0.01847900415029491,0.015822373327508243,0.0026566308227866653,0.03654070629566286,0.02778415203855711,0.010776718341917624,0.6445669809091634,0.6215173599031172,0.17834601336936423,0.47613923736275177,0.3650026497457911,0.9698678777292578,0.4766439295436695,0.5465777324251693,0.8368705079221841,0.7733381082989873,0.1952493677801946,0.6390801305429351,0.6269397495332119,0.23544138841445816,0.5376911071601922,0.3689831214747695,0.9780829914676562,0.4304661794096766,0.7240279737281601,0.8366814760569442,0.5863255203195159,0.1817079564247577,0.603805739752735,0.5000000000000001,0.411857886399638,0.7261671622308767,1.0,0.9619047619047618,0.4144265622016028,0.9184835516853215,0.833429614233,0.44413676428306903,0.1402432243092071,0.5886001609511127,0.5258465065165858,0.48867544341663854,0.793565012872408,0.7013883740761178,0.8408765309494032,0.38675924534619777,0.5824917510350087,0.8891326829773808,0.4521726835529572,0.12541569716807024,0.5364194492779663,0.5366453662641382,0.36143568053546954,0.7074065564778413,0.4436064844451827,0.6525528220187577,0.11394497087374518,0.28915357255317037,0.8099623520386691,0.4993504231038854,0.1443705575748749,0.035274390790200116,0.05047996959182244,0.10266068126496886
2025-12-31,2026-03-31,-0.04247215401008708,-0.044697525350599565,0.002225371340512483,-0.01262652187176172,0.022684512497052722,-0.007932693680405056,0.656874082148282,0.6146275711067709,0.14818290984014879,0.5488955246321194,0.39021563947496873,0.985096082065779,0.48521268700296416,0.5438844180626159,0.8265983582500177,0.8850386465263406,0.1792429845809337,0.6522782365176449,0.6037392779275752,0.20966988397876368,0.5584283104473966,0.3820086032431804,0.9925227422253983,0.4296636375355939,0.8445016970092905,0.8306451765342278,0.7680086648101305,0.17714577170157275,0.6177550195720829,0.5,0.411857886399638,0.7231818363257477,1.0,0.9619047619047618,0.4382997105971782,0.9184835516853215,0.833429614233,0.573185651231326,0.1408999960083355,0.5871444437382262,0.5173884570879619,0.4882240432103143,0.8042999665797311,0.6706771487264318,0.8522317308661822,0.34577331080565715,0.5796795035319401,0.8869094254546634,0.512567667688837,0.12305400735245915,0.5549547346928738,0.5370755631562041,0.3418008937594612,0.7194626303457607,0.4899101563261419,0.6642186237108092,0.20253245481815757,0.3097111864822128,0.7643001876440028,0.6384140360840729,0.14171822132393264,0.03452321694556204,0.06513379277941878,0.09732350182477112
2026-03-31,2026-06-05,0.1474164660450865,0.1456206325827074,0.001795833462379104,0.1225935950314565,0.0883836461510954,0.09818667339642739,0.6376150800996323,0.6036578450781633,0.14183199824458748,0.5603391590785931,0.3552480945935109,0.9900676331877729,0.4479803872107065,0.5556791784821277,0.8237766234141926,0.7775988033758773,0.1767253850027095,0.6481273583423455,0.595234653381242,0.19944513640288303,0.5593606730219323,0.3549249676873941,0.9925795582588397,0.4523632797837391,0.8557620344629551,0.8214123591831517,0.778575374036042,0.1769406519351749,0.6148259384860039,0.5,0.411857886399638,0.7148379982695211,1.0,0.9619047619047618,0.4331178101017585,0.9184835516853215,0.833429614233,0.5506577096463581,0.14273564038070535,0.5910602071937658,0.5172989212911707,0.47942003481373163,0.8070419190231114,0.6381364940372116,0.8484752353929889,0.37065530546535397,0.5950361868089543,0.8854122004004699,0.5503732340719398,0.12245077781491549,0.546134585176525,0.5342088869767063,0.464034569836824,0.7862422073941265,0.644407629493807,0.48958955944655597,0.1400352395569507,0.314090660711058,0.8373004995609308,0.49871382553118604,0.12702671437329216,0.03330141985634161,0.05706715114857963,0.10199277316582045
