Date,Preference_Driven,VOO
2021-02-02,0.014315427455752872,0.014373894763035189
2021-02-03,0.0008366781898367925,0.0009976435020953023
2021-02-04,0.010621075943247016,0.011193684846950713
2021-02-05,0.004830031546977587,0.003999811381216523
2021-02-08,0.008838267262582189,0.007378591648170563
2021-02-09,0.00039224242513680174,-0.0008077015413653355
2021-02-10,-0.00037212697294519703,-0.00038996822776493634
2021-02-11,0.0012120170087970283,0.0016170644919213384
2021-02-12,0.005064665995885065,0.005094506846756497
2021-02-16,0.00010195707002069732,-0.0009421001052870581
2021-02-17,-0.0013244834109948922,0.00022211564237561987
2021-02-18,-0.0038953313225520425,-0.004268395404941061
2021-02-19,0.002086575568643445,-0.0018372455671690213
2021-02-22,-0.007340243922174361,-0.007864306478928995
2021-02-23,0.0003011183669123785,0.001265038510456895
2021-02-24,0.011889459572693717,0.01106064162154663
2021-02-25,-0.025667337637065746,-0.023989408377175114
2021-02-26,-0.004801956527970441,-0.005490536725648365
2021-03-01,0.025960094173177906,0.02440013615372494
2021-03-02,-0.008749016401781051,-0.007734847222049979
2021-03-03,-0.01275180485101246,-0.01319845609532666
2021-03-04,-0.013942409139320433,-0.012319430664582742
2021-03-05,0.01987181429211793,0.018334721701505075
2021-03-08,-0.0034652443192890736,-0.004905525000934885
2021-03-09,0.013219068109576959,0.013990309081358898
2021-03-10,0.008175955792558698,0.006182103811765982
2021-03-11,0.011340733876966214,0.01055672484066772
2021-03-12,0.0018054419179016623,0.0014092079340661812
2021-03-15,0.005550595486773613,0.0057955444959072455
2021-03-16,-0.0030281393279291136,-0.0011255016455227196
2021-03-17,0.0032884262348453763,0.003269276757779549
2021-03-18,-0.014452544729726124,-0.014702841856043869
2021-03-19,-0.0006739947811081892,-0.0017782394561147719
2021-03-22,0.008197607618682046,0.007905686952814905
2021-03-23,-0.008422615378820386,-0.007346702745087197
2021-03-24,-0.006156419047711692,-0.005536645974669074
2021-03-25,0.006982048038409294,0.005623419100650562
2021-03-26,0.018639283386481464,0.01631381811496957
2021-03-29,-0.0020715947633798137,-0.0006041438687139911
2021-03-30,-0.003865962557684788,-0.00255677610533267
2021-03-31,0.004942468931404376,0.0039683743971929974
2021-04-01,0.011454070281429196,0.010595771371652019
2021-04-05,0.014455383151454892,0.014422986617673939
2021-04-06,-0.0008674279729087297,-0.0005620755145162581
2021-04-07,0.00014988619516898005,0.0012590372294472019
2021-04-08,0.005904870889399838,0.0048699487863055335
2021-04-09,0.0064616440142839515,0.007189625589495874
2021-04-12,0.0011128999694900443,0.00044943656666851517
2021-04-13,0.0026244330531066673,0.0027216501488267486
2021-04-14,-0.0037918080312672187,-0.0032151383056210348
2021-04-15,0.010369107185439264,0.010734105656554638
2021-04-16,0.0038689258906077217,0.0035052864352351776
2021-04-19,-0.00649109187323782,-0.004926841066189902
2021-04-20,-0.006973830631961442,-0.007334644676555202
2021-04-21,0.010063024780622154,0.009394604887249525
2021-04-22,-0.010145150916541779,-0.009176585303994012
2021-04-23,0.012105518749428112,0.010660003742749335
2021-04-26,0.0019657761590010647,0.0021669448541838943
2021-04-27,-0.0014178221702083604,-0.0003124923691240067
2021-04-28,-0.003292274711819476,-0.0004692267051659149
2021-04-29,0.0051173330294966846,0.006674281722191866
2021-04-30,-0.006623790874803026,-0.006603972654156465
2021-05-03,0.0022328157240052438,0.002268307631628552
2021-05-04,-0.00470856714133705,-0.006087049038251191
2021-05-05,-4.474818590738394e-05,0.00018321262829057439
2021-05-06,0.00841069460327315,0.00813766147050421
2021-05-07,0.0064567817385252635,0.0071377823630109916
2021-05-10,-0.00971420348689378,-0.009793386066885623
2021-05-11,-0.007153435643949657,-0.008770705720065552
2021-05-12,-0.021726170062481343,-0.021346388373622793
2021-05-13,0.012587862679242612,0.011885581657175681
2021-05-14,0.014740569843607387,0.01535142334915851
2021-05-17,-0.0024660469972683785,-0.0024022381749528865
2021-05-18,-0.008715862471901481,-0.008638221015985104
2021-05-19,-0.002076318454842907,-0.0026405013603605365
2021-05-20,0.01132679905499856,0.01066909889219736
2021-05-21,-0.0013678163644853525,-0.0007598591749411465
2021-05-24,0.00965508796122827,0.010092822973084337
2021-05-25,-0.0025607991507219374,-0.0021022666476365748
2021-05-26,0.001194153847443813,0.0018205578907406483
2021-05-27,0.000994675234201825,0.0004411460540569845
2021-05-28,0.0021232398211783465,0.0019463949214630905
2021-06-01,-0.0012457677205542916,-0.0007770625068062031
2021-06-02,0.002335928338986548,0.0016846191182524617
2021-06-03,-0.002944303313172303,-0.0038033531582586377
2021-06-04,0.008750847450500698,0.009064577485218717
2021-06-07,-0.0013230049627148688,-0.0008495122390923537
2021-06-08,-0.0014708122643073418,0.00015459577089815824
2021-06-09,-0.0020450476713567145,-0.0015712978178774595
2021-06-10,0.006160683007882417,0.004618073766579522
2021-06-11,0.0022514646079510037,0.0017460571687699655
2021-06-14,0.0014991804026285305,0.0025124401663432216
2021-06-15,-0.003000315258246178,-0.0020970012680731065
2021-06-16,-0.006989557258478829,-0.005483547635454222
2021-06-17,0.0005064351761703278,-0.00036066661594291727
2021-06-18,-0.013343341127308284,-0.01327438039009321
2021-06-21,0.012877021263717259,0.014001393084847269
2021-06-22,0.005180855345004787,0.005306863436432829
2021-06-23,-0.0025711534447901974,-0.0010760941235080645
2021-06-24,0.0057456471408143805,0.005720549063748637
2021-06-25,0.004658155663588515,0.0036984064525367177
2021-06-28,0.0024193350692589544,0.002083801832686083
2021-06-29,1.2563670453547005e-05,0.000440263213735248
2021-06-30,0.002820700803685794,0.0009157798260259753
2021-07-01,0.0037048276121345314,0.005641215100667285
2021-07-02,0.006469906573932205,0.007606149463800005
2021-07-06,-0.0021060532206319538,-0.0018809167228667212
2021-07-07,0.003249482723635122,0.003442124955323811
2021-07-08,-0.008050588255601787,-0.007962553254691751
2021-07-09,0.011126146089505129,0.010550558555587619
2021-07-12,0.0025450209044910466,0.0036217089770462785
2021-07-13,-0.0034843198122797014,-0.003384771058309477
2021-07-14,0.001268596695927604,0.0013735471618918638
2021-07-15,-0.0020633409064904074,-0.0032168921127497807
2021-07-16,-0.00730100346230711,-0.007780464312654112
2021-07-19,-0.01437139791837061,-0.014951954558418135
2021-07-20,0.014451765838605413,0.01412948139703274
2021-07-21,0.0074837763664949986,0.008404750380611947
2021-07-22,0.00030293410161164047,0.0021275769503230624
2021-07-23,0.011283982328972542,0.00999047217281368
2021-07-26,0.0018733851365158039,0.002546881159008141
2021-07-27,-0.005019360145428142,-0.0044398176537417955
2021-07-28,0.0003832673795252095,-0.0005450499791002095
2021-07-29,0.0036817109308682205,0.004313303800102419
2021-07-30,-0.004910786606837303,-0.004886965048291225
2021-08-02,-0.001861613632249015,-0.0020339337343028285
2021-08-03,0.00853552693245696,0.008077625611925043
2021-08-04,-0.005751100003871246,-0.004783128776029821
2021-08-05,0.006830685592262853,0.00624304829786726
2021-08-06,0.0001609233190891235,0.001723478765207176
2021-08-09,-0.00029026712196200677,-0.0009584009203474908
2021-08-10,0.0015555857062612422,0.00125471835253399
2021-08-11,0.0019068234435439813,0.002407735379608811
2021-08-12,0.003113732924469037,0.0029172509081580866
2021-08-13,0.0023447179641593596,0.0019795985670763017
2021-08-16,0.002614112305648897,0.0023907117430748137
2021-08-17,-0.007300820978004441,-0.006594664369036662
2021-08-18,-0.011577907018777145,-0.01075386426365843
2021-08-19,0.0019030578971843681,0.00141130788503685
2021-08-20,0.007942220795381205,0.007912749356723925
2021-08-23,0.009263112227246406,0.008856709287436537
2021-08-24,0.0007232910570880158,0.0015805044953192127
2021-08-25,0.0016856614984024354,0.0018455061319004873
2021-08-26,-0.005491059948735333,-0.005840659488538624
2021-08-27,0.008837994046984932,0.008872974008514722
2021-08-30,0.004428778935459121,0.0045910681149052834
2021-08-31,-0.0007054973624774918,-0.0017077232820496002
2021-09-01,-0.0004547810395852947,0.001060132183239526
2021-09-02,0.0029127141652876,0.00298442412516553
2021-09-03,0.0011483069041400285,-0.0003841408835318916
2021-09-07,-0.005607125317549699,-0.003696649978095934
2021-09-08,-0.0010449770336160569,-0.0009636956298981758
2021-09-09,-0.0042323063201941125,-0.004485960311008674
2021-09-10,-0.006764338466476838,-0.0077283529517522265
2021-09-13,0.001488667448069192,0.0023439643237657126
2021-09-14,-0.004304127674004454,-0.005188389820151906
2021-09-15,0.008069255267952213,0.00834950198422546
2021-09-16,-0.002402340082878207,-0.0017240614881686156
2021-09-17,-0.00902448847387538,-0.00980289492957509
2021-09-20,-0.016104966527074827,-0.01633552383474146
2021-09-21,-0.0008793030836251603,-0.0009741166551595626
2021-09-22,0.009544780030741329,0.009649092009141658
2021-09-23,0.011789912479225562,0.012082119139745107
2021-09-24,0.0016109779013484538,0.0016634507790205255
2021-09-27,-0.0014700097536713974,-0.0028330139538342847
2021-09-28,-0.02066533685209504,-0.0199851970984265
2021-09-29,0.001820007669182111,0.0015744750878989855
2021-09-30,-0.011215571449191497,-0.012666955725150975
2021-10-01,0.011945621002516615,0.011967261831059117
2021-10-04,-0.012544420138701828,-0.012301869400922927
2021-10-05,0.00951573184855481,0.009715766567565343
2021-10-06,0.00414081047602588,0.004446714268631302
2021-10-07,0.008591682857143512,0.00860406668408209
2021-10-08,-0.0020478510409267514,-0.001884688152090086
2021-10-11,-0.006184310156987172,-0.007279667453706007
2021-10-12,-0.002612848305400539,-0.002002233721370539
2021-10-13,0.004710723851535148,0.0032098541665646074
2021-10-14,0.016381506241187838,0.016798324480866267
2021-10-15,0.006405020047012044,0.007793375110903611
2021-10-18,0.0032023148676854074,0.003049324077747162
2021-10-19,0.007971138734732541,0.007782522322365315
2021-10-20,0.00373250167054473,0.0038852133968247937
2021-10-21,0.0016358235975628688,0.002452132083924141
2021-10-22,-0.0018326095201680603,-0.0010072775058115324
2021-10-25,0.005254234445082551,0.005185027495564487
2021-10-26,-0.00026495967196815684,0.0009549666702404203
2021-10-27,-0.006027893613064217,-0.004341912143932092
2021-10-28,0.00928756123623331,0.009776409489576476
2021-10-29,0.0020350426476762884,0.0017797528602592205
2021-11-01,0.0014783551050288057,0.0021082027727528097
2021-11-02,0.0046879530746006814,0.0038765440801533657
2021-11-03,0.006260645605339121,0.006028128403926303
2021-11-04,0.004155181066565206,0.004681058458252174
2021-11-05,0.0037539498367646917,0.003401203436243838
2021-11-08,0.0005999263799887355,0.0012070669769108644
2021-11-09,-0.003479673227706037,-0.003501475740018023
2021-11-10,-0.007390866199334489,-0.008051712913356157
2021-11-11,0.0013355491792104157,0.0003284221994159786
2021-11-12,0.007608804264010116,0.00743433540733851
2021-11-15,0.0001457937693605249,0.00046572181348514263
2021-11-16,0.0049562081365299715,0.0038158533358452207
2021-11-17,-0.002763246627515259,-0.00241082072575316
2021-11-18,0.0022824926195450512,0.0034621760275987956
2021-11-19,-0.0015112112785294896,-0.0018755498529579029
2021-11-22,-0.00406030328038276,-0.002644555741599053
2021-11-23,0.00021078042901612193,0.0013024595121686744
2021-11-24,0.0018307335347826914,0.002462446536949603
2021-11-26,-0.019820443467880144,-0.02175970546463446
2021-11-29,0.011263148904503861,0.012081267248968519
2021-11-30,-0.01782714054445289,-0.019146148309781008
2021-12-01,-0.012690852671934483,-0.011501932526657321
2021-12-02,0.013720681102294296,0.015256725637982749
2021-12-03,-0.008022268578841807,-0.00884522174094049
2021-12-06,0.010781991362498244,0.0119469888103787
2021-12-07,0.019945425379452875,0.02055396798138398
2021-12-08,0.002631691607289044,0.002810744112097696
2021-12-09,-0.007482770960241969,-0.006810407753424452
2021-12-10,0.009803869598405734,0.009539022663626273
2021-12-13,-0.008483571174023874,-0.008871317792374933
2021-12-14,-0.00674676297396859,-0.0068065165042012765
2021-12-15,0.01612404772329401,0.015630501357001503
2021-12-16,-0.007715817237176847,-0.00903526694922241
2021-12-17,-0.008219935634556919,-0.010376591577926253
2021-12-20,-0.00956940760321856,-0.010815647096927838
2021-12-21,0.01622709514762488,0.017747052827803422
2021-12-22,0.008714405516027313,0.010101256404820624
2021-12-23,0.006643742445396672,0.0061630008720658935
2021-12-27,0.01379090261601057,0.014261137106172717
2021-12-28,-0.0010903372683904733,-0.0007519338901379458
2021-12-29,0.0011975650707038987,0.0012086453429314137
2021-12-30,-0.0028687732017372847,-0.0028244523716688397
2021-12-31,-0.0018516458347203057,-0.0027411643316680445
2022-01-03,0.005671973985039491,0.006138617377819733
2022-01-04,-0.004803152865192506,-0.0004096342247731366
2022-01-05,-0.02520660120045004,-0.019154166114427662
2022-01-06,-0.0015863661438811905,-0.0013468122518413006
2022-01-07,-0.006670508707172784,-0.0034646050798218253
2022-01-10,-0.0007422074747693852,-0.001306468510112735
2022-01-11,0.009872806785102162,0.008761197794149744
2022-01-12,0.002738096424298231,0.0029875147471305485
2022-01-13,-0.018904213600237085,-0.013785209325172354
2022-01-14,0.003206872278891826,0.0003044782299583826
2022-01-18,-0.02027380994840544,-0.0175316662713475
2022-01-19,-0.011471175131306022,-0.010506658093693333
2022-01-20,-0.013313759861713792,-0.011003023679829638
2022-01-21,-0.0207633898257229,-0.019646762909386828
2022-01-24,0.005666346840071057,0.004171894187855685
2022-01-25,-0.01636714459049904,-0.012142252529589115
2022-01-26,-0.0010838967845280267,-0.0022529190746986005
2022-01-27,-0.007004777000122808,-0.005068549987930271
2022-01-28,0.03156529957368037,0.024512238327270897
2022-01-31,0.022106098755399817,0.018288892740949025
2022-02-01,0.007164091705022413,0.0065265056421519585
2022-02-02,0.007365788176660226,0.009534289961511622
2022-02-03,-0.024177053016434247,-0.023241913227577293
2022-02-04,0.004867101882763958,0.004700734171234844
2022-02-07,-0.0027500668971838227,-0.003296923382623884
2022-02-08,0.008732525460787732,0.008099084658822697
2022-02-09,0.012985077950571133,0.01466860102666745
2022-02-10,-0.017971930933201707,-0.017571507969085465
2022-02-11,-0.01911748131047264,-0.019942995786901174
2022-02-14,-0.0032581285327220044,-0.0032597094370322433
2022-02-15,0.01626275424846546,0.01605489380118108
2022-02-16,0.00033661350095370857,0.0011947601403341501
2022-02-17,-0.02040579807423981,-0.021262208865514776
2022-02-18,-0.00537180962432815,-0.006395194579695618
2022-02-22,-0.011551305674828094,-0.010944519125104635
2022-02-23,-0.018589797550858322,-0.018003359089418525
2022-02-24,0.013453777307180337,0.015368270213094393
2022-02-25,0.022707451160714154,0.021840096256136476
2022-02-28,-0.0014593003931863135,-0.002510238100171036
2022-03-01,-0.016034697827108757,-0.014998872973119526
2022-03-02,0.019296864558958404,0.018363957433072953
2022-03-03,-0.0057871614738551624,-0.005017366163552306
2022-03-04,-0.00896580433745331,-0.00808828477331236
2022-03-07,-0.028877410978160323,-0.029521439327114485
2022-03-08,-0.0076061246335246135,-0.00754636066790626
2022-03-09,0.02687471488030968,0.026652634919386298
2022-03-10,-0.007298633816335776,-0.004454092547374167
2022-03-11,-0.01280669447912075,-0.012757384704208174
2022-03-14,-0.005804594131163521,-0.00730242776133827
2022-03-15,0.02185185976351578,0.021938800809427228
2022-03-16,0.022355167297600342,0.022361007551127132
2022-03-17,0.011829845452328014,0.012234411449722815
2022-03-18,0.011067648108097128,0.011050623781916569
2022-03-21,-0.0009282399598985469,4.88278545103249e-05
2022-03-22,0.012407965200998072,0.011612469471221631
2022-03-23,-0.01341621100771806,-0.012877992351445489
2022-03-24,0.014202214269230184,0.014864293545469032
2022-03-25,0.004533413992730884,0.005072409504614628
2022-03-28,0.006742510561105641,0.0068969444657447365
2022-03-29,0.014494791736682,0.012649658328903968
2022-03-30,-0.00709151319199941,-0.00622246787502867
2022-03-31,-0.014420046494694638,-0.015368084873593313
2022-04-01,0.003501880077063868,0.002770027666793018
2022-04-04,0.009720713997902086,0.008479009772177193
2022-04-05,-0.012629537166914062,-0.012361405243587087
2022-04-06,-0.011149618934050864,-0.010128924571372155
2022-04-07,0.004096159843371083,0.005043153896925334
2022-04-08,-0.00432157323287552,-0.00242397407614936
2022-04-11,-0.015526041219703246,-0.017325792121446026
2022-04-12,-0.003901168347272832,-0.003659693803726549
2022-04-13,0.012125545957841322,0.011292613585076161
2022-04-14,-0.013140794973877545,-0.012147954134633987
2022-04-18,-0.0012628995053729497,0.00017372348377664437
2022-04-19,0.01666366622247173,0.01597151333367175
2022-04-20,-0.0003880578708329585,-0.0007579112569621183
2022-04-21,-0.01454701031052874,-0.014827379347788994
2022-04-22,-0.02583905492987071,-0.027293815831858415
2022-04-25,0.006872764865030412,0.00546393464706596
2022-04-26,-0.02793345783501966,-0.02859325162253512
2022-04-27,0.0020477330779422598,0.002587892597470942
2022-04-28,0.024416441666884614,0.02505686389147943
2022-04-29,-0.0357772352700767,-0.03672978377188896
2022-05-02,0.007865587786988648,0.00628443684177693
2022-05-03,0.0029135711169023804,0.004329792079546424
2022-05-04,0.02954353924006492,0.030334739431478353
2022-05-05,-0.033782795731843285,-0.03512208846943965
2022-05-06,-0.004807208300307009,-0.006281213406107433
2022-05-09,-0.026298331776641204,-0.03226680515920033
2022-05-10,0.0011898446380576022,0.0025690750932070294
2022-05-11,-0.01586143194853673,-0.016110553849695175
2022-05-12,0.0032222215996897674,-0.0007758625245413153
2022-05-13,0.021315637400885157,0.02359657455430586
2022-05-16,-0.0022902842317255034,-0.0035758188403582913
2022-05-17,0.01811625222013702,0.020008628864015998
2022-05-18,-0.03825617876382692,-0.039605536944571695
2022-05-19,-0.007313381152293852,-0.006688079838515715
2022-05-20,0.0031363006507205693,0.0002512745953526796
2022-05-23,0.01464581937856102,0.018965653468131505
2022-05-24,-0.004754993632469229,-0.007209177085431562
2022-05-25,0.008963555716776428,0.008338201070140494
2022-05-26,0.017195840576667898,0.019879556628028094
2022-05-27,0.022701789301809994,0.02507656238431455
2022-05-31,-0.006926384958022114,-0.005552797042211344
2022-06-01,-0.00936634427871974,-0.008375193263538527
2022-06-02,0.017383567603729055,0.018990440036527723
2022-06-03,-0.015113584611426867,-0.016186394567109574
2022-06-06,0.0019445421531201212,0.002728727034020606
2022-06-07,0.010070294281865566,0.009776372034985714
2022-06-08,-0.01076324204304735,-0.010937667863653577
2022-06-09,-0.022691082828036446,-0.023519053798255474
2022-06-10,-0.02663931875712844,-0.02934168901187051
2022-06-13,-0.03566319114303618,-0.03854631851269663
2022-06-14,-0.004145454441894403,-0.0024965985124023593
2022-06-15,0.013190351219975804,0.014318852241224755
2022-06-16,-0.028740845092090184,-0.032852986800867234
2022-06-17,0.0025829383462689925,0.0026106072042746398
2022-06-21,0.025011575955006915,0.024500625578213864
2022-06-22,0.0007634358615733472,-0.0021085662300540653
2022-06-23,0.013370280177065652,0.010506907181719205
2022-06-24,0.028911424910341044,0.031134272580959355
2022-06-27,-0.0034553838484374655,-0.0037500506259977584
2022-06-28,-0.020525008592952032,-0.021608779803970246
2022-06-29,0.00034014242485302937,0.0004924406445490082
2022-06-30,-0.0067028125529295934,-0.007894234005513145
2022-07-01,0.010183297665797841,0.01026303083113933
2022-07-05,-0.005433154823115016,0.0017692473987047652
2022-07-06,0.004442385530156523,0.0036174470213634624
2022-07-07,0.007187119680777787,0.014674052948421945
2022-07-08,0.00013565786529556867,-0.000587739057187675
2022-07-11,-0.004256572792026403,-0.011307338595937466
2022-07-12,-0.007749828649194157,-0.009228311408319811
2022-07-13,-0.006864386781448406,-0.004657547150891839
2022-07-14,-0.0037009292950265227,-0.002640742313662514
2022-07-15,0.016720394312673248,0.018909726920661507
2022-07-18,-0.013487891554143983,-0.008276634194832821
2022-07-19,0.01744976502413831,0.02714476034712221
2022-07-20,-0.005188503625232044,0.0064058917740268395
2022-07-21,0.007825859490019127,0.010112310208434172
2022-07-22,-0.0031758600232021372,-0.009110750235598597
2022-07-25,0.004480931640614916,0.0009908567121390544
2022-07-26,-0.0004207276991765596,-0.011990877805360567
2022-07-27,0.0110870139388346,0.02619359633221907
2022-07-28,0.008422501597765919,0.012640146219484283
2022-07-29,0.001634507996187029,0.014652628790066347
2022-08-01,-0.000696759978265904,-0.0030098228513978365
2022-08-02,-0.00582289961159721,-0.006461113703835841
2022-08-03,0.016037642144688613,0.015618069480059171
2022-08-04,-4.3658317102734934e-05,-0.0007871152378615687
2022-08-05,-0.0010994727582365194,-0.002074696515598995
2022-08-08,2.6617200592493617e-05,-0.000894950351523538
2022-08-09,-0.0051588845229957325,-0.003951163621036313
2022-08-10,0.02086713442803889,0.020944566878743798
2022-08-11,-0.00273117741708806,0.0
2022-08-12,0.016476968826612426,0.01712190216892262
2022-08-15,0.004318417124078433,0.004278319885791193
2022-08-16,0.0016651798969864462,0.0017494976970688914
2022-08-17,-0.007751595674394429,-0.006834581481011903
2022-08-18,0.0019204117642521723,0.0030842815381819655
2022-08-19,-0.010490844911740016,-0.013797566963003938
2022-08-22,-0.020421453220306973,-0.021075953551638493
2022-08-23,-0.00435473627876326,-0.002368792110929996
2022-08-24,0.0016243637253747778,0.003033830488756273
2022-08-25,0.013465275957301293,0.014571709439434644
2022-08-26,-0.03352556103236204,-0.03427259567096441
2022-08-29,-0.008005147690033687,-0.00660393935535919
2022-08-30,-0.009626354462100584,-0.010863407595084307
2022-08-31,-0.007511410009846564,-0.007868057856015853
2022-09-01,0.0049553182630819315,0.00308394767289788
2022-09-02,-0.01171988173447669,-0.010486719179369275
2022-09-06,-0.0026945191436746896,-0.00335679906788533
2022-09-07,0.01740863528856651,0.01792660058261597
2022-09-08,0.009431458682135352,0.006535784279585899
2022-09-09,0.01487841112571564,0.015431787203794789
2022-09-12,0.007812523460914766,0.010996641015992736
2022-09-13,-0.042646166100455574,-0.0436141202005057
2022-09-14,0.0030122279053921286,0.0037359881511807025
2022-09-15,-0.008720152101505563,-0.011165537384370094
2022-09-16,-0.004784240094511172,-0.007862057227985053
2022-09-19,0.00546908573891125,0.007671387504276206
2022-09-20,-0.010648740599015882,-0.011266255787472423
2022-09-21,-0.015963754431696286,-0.017599803703997274
2022-09-22,-0.005718100873884802,-0.008440643131305547
2022-09-23,-0.013825853877917238,-0.016619835457308385
2022-09-26,-0.008923413691133475,-0.009687119823088342
2022-09-27,-0.0024068397441862066,-0.0028246207912844268
2022-09-28,0.019695539202088996,0.019642692402915163
2022-09-29,-0.01782267831073092,-0.020852959469060073
2022-09-30,-0.014170675537754085,-0.015237918314627064
2022-10-03,0.02345663054712066,0.026439283374715572
2022-10-04,0.026121735520126865,0.03035782624151695
2022-10-05,0.0005002313863462504,-0.0017282143572984188
2022-10-06,-0.011801255473373184,-0.01053049508854964
2022-10-07,-0.023159828125648874,-0.02807905425911561
2022-10-10,-0.006230735591784442,-0.0074700800583473725
2022-10-11,-0.0007884787929165471,-0.006589353727480152
2022-10-12,-0.002738347581107914,-0.0031034654958307373
2022-10-13,0.02543736152295284,0.02618738658669728
2022-10-14,-0.014981453086726937,-0.022514981067012774
2022-10-17,0.019462500067317867,0.02540697212814691
2022-10-18,0.009557376290337594,0.011780378496714317
2022-10-19,-0.011626751692358273,-0.006921474423910112
2022-10-20,-0.00894916482001451,-0.008210161969999574
2022-10-21,0.022575452853863087,0.024030287491776825
2022-10-24,0.01705380983395899,0.012183455589521275
2022-10-25,0.011236097897113995,0.016260361008396673
2022-10-26,0.003062525641423175,-0.007462962476314949
2022-10-27,-0.0037346500355928125,-0.005354387759489931
2022-10-28,0.020724286159785832,0.023336888056332716
2022-10-31,-0.0038303826922944095,-0.006799377288838504
2022-11-01,0.0008752339818134391,-0.004028677675441461
2022-11-02,-0.017767613795027115,-0.025515006680567276
2022-11-03,-0.005338575778863319,-0.0106528701522276
2022-11-04,0.011585318737888484,0.014640742847511934
2022-11-07,0.010758808329482727,0.009600530216304248
2022-11-08,0.007221176323669143,0.005441797873796839
2022-11-09,-0.014183246801962257,-0.020425278637144717
2022-11-10,0.03184714112530007,0.05473013687801176
2022-11-11,-0.004016472489715706,0.009567434820198839
2022-11-14,-0.002641323212262625,-0.008029280983862908
2022-11-15,0.0013785407752646694,0.008259573066526693
2022-11-16,-0.0033191191049153357,-0.007591006648903553
2022-11-17,0.0020387713699867582,-0.002889294202704118
2022-11-18,0.008479515669684634,0.0044152305196329955
2022-11-21,0.0015038556246280699,-0.003516639948328959
2022-11-22,0.011244758411093736,0.013316374047697366
2022-11-23,0.0020059585396454693,0.0062578408347182535
2022-11-25,0.004037015441894276,-0.00010817027040666005
2022-11-28,-0.010894228392677952,-0.01581935968408088
2022-11-29,0.0003775663090586079,-0.0017584693662570094
2022-11-30,0.02004824393714344,0.03077258632891633
2022-12-01,0.001584207999803633,0.00013361951820800577
2022-12-02,0.0011790478576627628,-0.001441802480762977
2022-12-05,-0.013248319838873868,-0.01780753466573637
2022-12-06,-0.009287445827646623,-0.01445523609180499
2022-12-07,0.0034662806129226453,-0.0019337280007338808
2022-12-08,0.007364029054717225,0.007887763276611004
2022-12-09,-0.00977405814379273,-0.007304239138088864
2022-12-12,0.011589715925812483,0.014273239734849508
2022-12-13,0.003843565096710133,0.0073904676447831275
2022-12-14,-0.001076708921516012,-0.006036885007255299
2022-12-15,-0.018680131061340366,-0.02459419010103403
2022-12-16,-0.010731931780402215,-0.011923130421893302
2022-12-19,-0.003526946337965242,-0.008619277715271378
2022-12-20,0.0007311833691947545,0.0015239800239643664
2022-12-21,0.013347323602253658,0.014956856922348827
2022-12-22,-0.005342536218651661,-0.014060270089220728
2022-12-23,0.0041502667399690996,0.005601339106172665
2022-12-27,0.0008306392346446589,-0.003978657668612828
2022-12-28,-0.009388556659058689,-0.012269210973844924
2022-12-29,0.010050024270617852,0.017736855827416687
2022-12-30,-0.0030750795386658147,-0.0027531118866553905
2023-01-03,-0.002680460638269322,-0.0038425506756404326
2023-01-04,0.005697170386676831,0.007200362429150342
2023-01-05,-0.008006131546336448,-0.01092203014260218
2023-01-06,0.018143102864360605,0.022744456377315148
2023-01-09,-0.010981100724362425,-0.000729335545078591
2023-01-10,0.005534428127854429,0.0071284776050448695
2023-01-11,0.004243651739635146,0.012762291039264406
2023-01-12,-0.0013925421181224529,0.0037419055146254987
2023-01-13,0.0029057132514689332,0.003892451503735961
2023-01-17,-0.006228348431261632,-0.0015291656064400083
2023-01-18,-0.018090263585314403,-0.01624406545192425
2023-01-19,-0.003932551539014728,-0.007199983043212899
2023-01-20,0.008175637377327849,0.01839629619307126
2023-01-23,0.004971839387630128,0.012179932167732721
2023-01-24,-0.002291306003417315,-0.0010594201691588312
2023-01-25,0.0007061760474282863,0.00035377483298937307
2023-01-26,0.0005997817591314458,0.010682684449402569
2023-01-27,-0.0035470411645529554,0.0028508624405887417
2023-01-30,-0.00553788772499364,-0.01249761178370945
2023-01-31,0.01251522392584592,0.014203754338897756
2023-02-01,0.003363480535882424,0.010952411178408283
2023-02-02,-0.0002198831747054486,0.014329799177972058
2023-02-03,-0.004743815495496961,-0.010680536481995406
2023-02-06,-0.0030709203916777783,-0.005780530331068512
2023-02-07,0.004922307457979835,0.01290275749803671
2023-02-08,-0.0056645650622014765,-0.010956016552264858
2023-02-09,-0.007904435091212081,-0.008560155282858917
2023-02-10,0.008190128711634381,0.0024325331287133878
2023-02-13,0.009765589297370036,0.011546081219676596
2023-02-14,-0.004397075302374431,-0.00036894354818906017
2023-02-15,-0.002037452866219369,0.0033489756838975815
2023-02-16,-0.008281889636990836,-0.013903590503137275
2023-02-17,0.00399500538689046,-0.0025853055599205366
2023-02-21,-0.014504217011289011,-0.0198545461737637
2023-02-22,-0.0037579153557705247,-0.0012541515120096935
2023-02-23,0.003396521838580302,0.0050227313559816356
2023-02-24,-0.00714103991462578,-0.010701395140547354
2023-02-27,1.6256590159802187e-05,0.003459208354303911
2023-02-28,-0.006141704031667361,-0.0037757499890671564
2023-03-01,-0.00042057725925870315,-0.0036526732516073412
2023-03-02,0.004171711119560051,0.007470019099800496
2023-03-03,0.011817962629722567,0.015841634975860774
2023-03-06,0.0001873774677505491,0.001212175580629804
2023-03-07,-0.015332349507722887,-0.015468174179916305
2023-03-08,-0.001324775583276705,0.0015573205091135023
2023-03-09,-0.016026509480794537,-0.018305683140734108
2023-03-10,-0.011923194625787503,-0.014339708891674574
2023-03-13,-0.009050921466274509,-0.0016917580494555384
2023-03-14,0.010551506136571964,0.016606567608714595
2023-03-15,-0.009681530997106336,-0.006167280469941749
2023-03-16,0.009557908507151103,0.017107115039525222
2023-03-17,-0.013281205952538455,-0.010938105810573306
2023-03-20,0.01260896074502904,0.00903060106877196
2023-03-21,0.010808728207450491,0.013081020940246546
2023-03-22,-0.01577818777961293,-0.016581645041827464
2023-03-23,-0.0012286975070192607,0.002377076922018828
2023-03-24,0.007182614051822522,0.00666468196261194
2023-03-27,0.00470499959654247,0.001650485886580455
2023-03-28,0.0015052678376248352,-0.001757611539843107
2023-03-29,0.010600426796992135,0.014222345594502528
2023-03-30,0.0038443446176137375,0.005967086274951905
2023-03-31,0.010541978864614832,0.013966112183777746
2023-04-03,0.0018447497333624607,0.003962174070883284
2023-04-04,-0.013521590629354208,-0.005641516783722822
2023-04-05,-0.001124039555040146,-0.002423942068444651
2023-04-06,1.4797308895975192e-05,0.0038182344618904462
2023-04-10,0.007103333271553991,0.0010906258992593454
2023-04-11,0.006957613660690143,0.00013270795133357716
2023-04-12,-0.005852582952109442,-0.003984930698839206
2023-04-13,0.006480063992124752,0.012963136535987463
2023-04-14,-0.004512402889527145,-0.002053980938160227
2023-04-17,0.007928353334021532,0.003403744110137774
2023-04-18,-0.0010829112135150032,0.000683853602358564
2023-04-19,0.0009783907821439009,-5.260028683018447e-05
2023-04-20,-0.0066494419165659124,-0.0056501524528342895
2023-04-21,-0.0017186523981845836,0.0005812497659296589
2023-04-24,0.0005702298564418395,0.0013209414368082761
2023-04-25,-0.01790520842477128,-0.015800884449914232
2023-04-26,-0.011366867369495104,-0.004449305609252052
2023-04-27,0.01494546989660428,0.01984165544122729
2023-04-28,0.010728681474878154,0.008553116998699428
2023-05-01,-0.001259094744264222,-0.0006806021000034246
2023-05-02,-0.020263858539360635,-0.011210287086973914
2023-05-03,-0.008532456039137548,-0.006966815929128289
2023-05-04,-0.01039853596113105,-0.007308853979459351
2023-05-05,0.017767242922381632,0.018353177821756717
2023-05-08,-0.003673076567065947,0.000554088103781103
2023-05-09,-0.0042976542993132805,-0.004325091134262715
2023-05-10,-0.002558401411875577,0.004370556249094104
2023-05-11,-0.00675493463397514,-0.001397697055091407
2023-05-12,0.0008672851188393782,-0.0013470436319128476
2023-05-15,0.002728584746009899,0.003464321695944683
2023-05-16,-0.016645984485855636,-0.006614765694986646
2023-05-17,0.015321398713092904,0.01193817194150304
2023-05-18,0.0031972137689610935,0.00977838644837603
2023-05-19,-0.0021105878810572243,-0.0015838278481989931
2023-05-22,0.0016861287808132008,0.0005462675025362795
2023-05-23,-0.0025569753459591116,-0.011175277270140449
2023-05-24,-0.011780431452818152,-0.007490626695948244
2023-05-25,-0.006207381896465414,0.00871235790811542
2023-05-26,0.009472393160641968,0.012994823123238186
2023-05-30,-0.001777840847934864,0.00031083062341186185
2023-05-31,-0.00874776981926162,-0.005440356227147114
2023-06-01,0.00652791509860462,0.009585965225912485
2023-06-02,0.019234011953905616,0.014681290134930247
2023-06-05,-0.00467950792698657,-0.0019327049928050677
2023-06-06,0.0045023525611720405,0.0020636984562087957
2023-06-07,0.007578564718079273,-0.0032798173493701066
2023-06-08,0.0018851232055339118,0.005994598021370923
2023-06-09,-0.0010279072402490375,0.0016736481226926614
2023-06-12,0.0055472641799447775,0.009189201797126678
2023-06-13,0.007175222122744795,0.006596967937102072
2023-06-14,-0.001234739926395112,0.0007725923076788987
2023-06-15,0.012923512147978267,0.012823612472314228
2023-06-16,-0.0014035946335118066,-0.0036876894910771174
2023-06-20,-0.008586547456021942,-0.004614482152819788
2023-06-21,-0.003141756420844133,-0.005478660304236271
2023-06-22,-0.003161082223528955,0.0036392709578241256
2023-06-23,-0.008125055873331788,-0.00750072145084657
2023-06-26,0.0032756736169454737,-0.004128937074000194
2023-06-27,0.009423866548400106,0.011081643872713487
2023-06-28,-0.0016040188295766145,0.0004471660270684019
2023-06-29,0.006535177201260289,0.0038308227957950525
2023-06-30,0.008808534601568496,0.011850548170410535
2023-07-03,0.0042536076126951095,0.0019151272126709529
2023-07-05,-0.0035320471956258315,-0.0022299150015531177
2023-07-06,-0.009726839010186117,-0.008154441818286395
2023-07-07,-0.0011284816510749307,-0.0023275668713096387
2023-07-10,0.00640990544915665,0.002680668629107208
2023-07-11,0.010748450664518794,0.0064113592257044605
2023-07-12,0.004741195621127625,0.007870783731124043
2023-07-13,0.004753636602239375,0.008151160831979753
2023-07-14,-0.004626268196200822,-0.0007987424823900913
2023-07-17,-0.0006901870372677532,0.0034886470419377424
2023-07-18,0.007747582370201789,0.007580554325217648
2023-07-19,0.006828490164395351,0.002156467415487695
2023-07-20,0.00236030858597025,-0.006527138157770285
2023-07-21,0.0014364596600027202,0.00012041599499146294
2023-07-24,0.004727408197675365,0.004234995087222693
2023-07-25,-0.00042966518507792095,0.0029472931616731923
2023-07-26,0.001066585486852567,0.00023900723607450658
2023-07-27,-0.005582983503294892,-0.006783431964829112
2023-07-28,0.006228663413232249,0.00973957920280788
2023-07-31,0.0014609355240218225,0.0019291571059294466
2023-08-01,-0.004580631314723638,-0.003090307577309437
2023-08-02,-0.009685246922627955,-0.013853578287659207
2023-08-03,-0.0031717908620538804,-0.002829076199870384
2023-08-04,-0.0026075164782053406,-0.004898280241579678
2023-08-07,0.009209728916421023,0.00901629982592067
2023-08-08,-0.005135567458414925,-0.004322918107677709
2023-08-09,-0.004461891574683574,-0.006645979539318003
2023-08-10,0.00015248439565795913,0.0005859740998366281
2023-08-11,0.0018207067781494946,-0.0009270623430118752
2023-08-14,-0.002088744179760238,0.005642208387727665
2023-08-15,-0.013411606428010092,-0.011464159723105216
2023-08-16,-0.005820308956347775,-0.0073956445089184975
2023-08-17,-0.003470997493766892,-0.008094139345822815
2023-08-18,0.0014713447856584683,0.0009232466152824248
2023-08-21,-0.0005694854821254314,0.006606999518445011
2023-08-22,-0.005819065232065435,-0.0027988762166304415
2023-08-23,0.00890017839753976,0.01077989117212641
2023-08-24,-0.0083012358404011,-0.013294196129093772
2023-08-25,0.004543028673542393,0.006624579870281089
2023-08-28,0.00666409251290645,0.006580827023663582
2023-08-29,0.010735978628388931,0.014206452969885763
2023-08-30,0.001465266558444478,0.0041681993090607605
2023-08-31,-0.001457716329507197,-0.001279020557127808
2023-09-01,0.0028813105023752783,0.002126477458658238
2023-09-05,-0.009807750095760404,-0.004364428855520908
2023-09-06,-0.005353959155809385,-0.006902511746265327
2023-09-07,-0.0021311121753582185,-0.002975307265113747
2023-09-08,0.003560442616074466,0.0013699388338606067
2023-09-11,0.0028513639480609587,0.0065706838823629266
2023-09-12,-0.00030589750697107565,-0.005362962259813919
2023-09-13,-0.0025816434258385534,0.0011709557570216411
2023-09-14,0.011703788569519924,0.008651158973953965
2023-09-15,-0.009103753208578369,-0.01246683818748251
2023-09-18,-0.0016666361606704205,0.001101023898025577
2023-09-19,-0.0024925812747640386,-0.002004026305484574
2023-09-20,-0.0044074224385561855,-0.009354240225178168
2023-09-21,-0.01572864181536504,-0.016388433352575116
2023-09-22,-0.003924705172505649,-0.002412639542983319
2023-09-25,0.002998665715578941,0.004156730538256603
2023-09-26,-0.014467603519025318,-0.014676182590324882
2023-09-27,-0.0011745389832586994,0.00022916411502693634
2023-09-28,0.005671947510718756,0.005833645636197371
2023-09-29,-0.0018614298720323053,-0.002387955127107655
2023-10-02,-0.010121293753017846,-7.643048442718126e-05
2023-10-03,-0.011601663604955403,-0.013446450532248022
2023-10-04,0.0029744935758506674,0.007357004421950419
2023-10-05,-0.002801669029502518,-0.0008457120106617477
2023-10-06,0.008192362450667456,0.011925754337983152
2023-10-09,0.00840129670024603,0.006665890516292183
2023-10-10,0.0062010495604958304,0.005161063356855067
2023-10-11,0.0018392836595357842,0.004233053590960711
2023-10-12,-0.00742086463618008,-0.006010944731942414
2023-10-13,-0.00239107519625148,-0.005269310699384189
2023-10-16,0.011379704027800308,0.010468470163691013
2023-10-17,0.0029282628355131735,2.4950050707017724e-05
2023-10-18,-0.012438547714589077,-0.013380685301764617
2023-10-19,-0.008084897473950248,-0.008476357625598618
2023-10-20,-0.010539693065861333,-0.01245294033501465
2023-10-23,-0.005850446148356614,-0.001757198636441748
2023-10-24,0.0076063046628234154,0.00748113821485874
2023-10-25,-0.009746712606282903,-0.014105997618906518
2023-10-26,-0.005675350072238294,-0.012274729935564666
2023-10-27,-0.012488513865042017,-0.004432743656781035
2023-10-30,0.012326025227611836,0.012032233461141573
2023-10-31,0.007463450603950816,0.0060493214256316374
2023-11-01,0.005899321678410008,0.01101081097849299
2023-11-02,0.018674035213722018,0.01900096392877071
2023-11-03,0.009307095907013396,0.009247573675932319
2023-11-06,-0.0029652934925719077,0.0019276936881074125
2023-11-07,-0.0021296208388346116,0.0028234672423521623
2023-11-08,-0.0025105541194249126,0.0008224790193223086
2023-11-09,-0.008242274035200836,-0.007543634448165082
2023-11-10,0.01137914016879149,0.01560284304940529
2023-11-13,-0.0014281945292019538,-0.001012579960759874
2023-11-14,0.019636002974445566,0.01921135925051587
2023-11-15,0.004352284849707733,0.0021832665081136238
2023-11-16,-0.0017494330622844778,0.0014039813942128276
2023-11-17,0.003957102865305595,0.001474487547370451
2023-11-20,0.004314607161509221,0.007530593678885422
2023-11-21,-0.0011726730379073569,-0.002611298537570139
2023-11-22,0.004071998353828654,0.004323323273446089
2023-11-24,0.0032978409850838997,0.0005501153085720745
2023-11-27,-0.0028665921512315284,-0.0017448419250384317
2023-11-28,0.0006506001413337792,0.0009816698593836382
2023-11-29,0.0006670666504617895,-0.0006457855385668676
2023-11-30,0.008452509194164737,0.003877518940278657
2023-12-01,0.009341278669797282,0.005865527885106303
2023-12-04,-0.00034008480222125215,-0.005025310399347949
2023-12-05,-0.005800178296253677,-0.000309687425263383
2023-12-06,-0.002032344666643149,-0.004170542089325324
2023-12-07,0.00403372013732306,0.007825532824789594
2023-12-08,0.003799800292823674,0.0042504921575214905
2023-12-11,0.008248969894518954,0.00387773096865085
2023-12-12,0.0021813562731920477,0.004969885948669761
2023-12-13,0.0157988643370246,0.013617221194258677
2023-12-14,0.010006099688077308,0.0029364645902363318
2023-12-15,-0.003944195042928311,-0.0015217552635788945
2023-12-18,0.0021057131901351944,0.005657187620956572
2023-12-19,0.006758781739738984,0.006084444303852132
2023-12-20,-0.015838656365306236,-0.014434375424277501
2023-12-21,0.008874080781819726,0.00974214573811416
2023-12-22,0.0043928307515817,0.002325568448790394
2023-12-26,0.005227589826421131,0.004158148270477557
2023-12-27,0.0015907861465351836,0.0018302209496690036
2023-12-28,0.0012112194041944413,0.00015996559484943162
2023-12-29,-0.0021736626638828582,-0.002671521501930618
2024-01-02,0.006723989740369696,-0.006387278635308413
2024-01-03,-0.006907013932534678,-0.007419160886928067
2024-01-04,-0.0008452483360720242,-0.0031570002499216043
2024-01-05,0.0025617699599713717,0.0012808375645281256
2024-01-08,0.006266341281811805,0.014302816034400756
2024-01-09,-0.005721189374502722,-0.002430387773520337
2024-01-10,0.00021304203160754653,0.00659670394296108
2024-01-11,-0.0038197840222887747,-0.0003424857641135537
2024-01-12,0.0010587978600367087,0.000456708508663084
2024-01-16,-0.006975179269838816,-0.0034018857580022654
2024-01-17,-0.006322281927655826,-0.005566904310775889
2024-01-18,0.004252054235527103,0.008892517480762363
2024-01-19,0.009467428716108728,0.012239503757822012
2024-01-22,0.0035640740557318917,0.0022783712538918532
2024-01-23,0.0015947810453298406,0.002970901699759887
2024-01-24,-0.005280662422247673,0.0008303607803092916
2024-01-25,0.008878928814930687,0.00562782927078076
2024-01-26,0.00010099665176332984,-0.0006019874476621556
2024-01-29,0.004090531430756439,0.007273101970389995
2024-01-30,0.0013513412394350333,-0.0007087132789196371
2024-01-31,-0.010529607542813735,-0.016291018616656605
2024-02-01,0.009782329634666187,0.013158477451271189
2024-02-02,-0.0011027726447097042,0.010274348754864882
2024-02-05,-0.007929637739755413,-0.003654160618156488
2024-02-06,0.005793646241175843,0.003115312340428611
2024-02-07,0.002237272672555246,0.008215150287563144
2024-02-08,0.0006253426343776347,0.0006772628511724221
2024-02-09,-0.0009175399117392624,0.005676068655693145
2024-02-12,0.0062255076293544764,-0.00045590376634174756
2024-02-13,-0.01373235686091323,-0.01409459507283417
2024-02-14,0.005597625527727468,0.009516088939940381
2024-02-15,0.012080319401091666,0.006764247159611658
2024-02-16,-0.0025572503588969786,-0.005114908335123625
2024-02-20,-1.992018259266981e-05,-0.005489980522203952
2024-02-21,0.0043384668789892,0.0010077401763557425
2024-02-22,0.007327333503830191,0.021007943183624977
2024-02-23,0.0028259573127671356,0.00045013864862575304
2024-02-26,-0.004848161616105795,-0.003663458010278786
2024-02-27,0.0017486998521327735,0.0018492998828254503
2024-02-28,-6.264774083053481e-05,-0.0015454041393891949
2024-02-29,0.0011931834142391295,0.003697284206020779
2024-03-01,0.005029067521219677,0.009637401679957192
2024-03-04,0.0018522591034437763,-0.0011879728422627966
2024-03-05,-0.002211798679219501,-0.010023861064908601
2024-03-06,0.005989926400212564,0.005298693495903617
2024-03-07,0.004130115338841334,0.009901336381252124
2024-03-08,6.026639535772205e-05,-0.006064113852802144
2024-03-11,0.00476176330357414,-0.0008292209368173653
2024-03-12,0.0019933259396551772,0.010702039780724482
2024-03-13,0.0017625388814868082,-0.0015156012743212655
2024-03-14,-0.00544556198319035,-0.0021927822676763853
2024-03-15,-0.001629580481477766,-0.006888160977052582
2024-03-18,0.0025671871690191583,0.006255282850839983
2024-03-19,0.005071878050711076,0.005603109327351419
2024-03-20,0.0062377429455338085,0.008725882515655314
2024-03-21,0.006034642387078515,0.0033349607713271112
2024-03-22,-0.0048925539492441494,-0.0013067984240926478
2024-03-25,-0.0008190307140270026,-0.0025877559172710063
2024-03-26,-0.0007471527509906872,-0.002803756126913748
2024-03-27,0.015362246692925297,0.00872865060818051
2024-03-28,0.0038708071550270784,-0.00012486127248600987
2024-04-01,-0.004567963202691705,-0.0013107513251076064
2024-04-02,-0.004862342029664735,-0.006540583680889833
2024-04-03,-0.0014383988237001155,0.0009015877499036762
2024-04-04,-0.009346864935406374,-0.012317790282467489
2024-04-05,0.0057284230216894105,0.010626149429769915
2024-04-08,0.0003097123104278676,0.0003986965054547653
2024-04-09,0.0023140569715445203,0.0012377645835055517
2024-04-10,-0.012334573890056877,-0.009680098442345964
2024-04-11,-0.001918562106530186,0.0072146465104632185
2024-04-12,-0.014160331792680836,-0.01363268235820525
2024-04-15,-0.005092481384880498,-0.01269249831439423
2024-04-16,-0.004724500276040211,-0.0017902426207764277
2024-04-17,-0.0001627039344855863,-0.006028854452054033
2024-04-18,0.0021387350202215494,-0.00228264692332536
2024-04-19,0.008756781811021686,-0.008367100017717122
2024-04-22,0.007025272877251965,0.008679426577012261
2024-04-23,0.006703157262306192,0.012613025491879037
2024-04-24,0.0010052597768177574,-0.0007313307492801124
2024-04-25,-0.0023309252734624586,-0.004133607653935445
2024-04-26,-0.002508382334288295,0.010009089207793753
2024-04-29,0.004605542041743904,0.0034887891307280317
2024-04-30,-0.012329868278125877,-0.01580501386398281
2024-05-01,-0.0020650331788513165,-0.0032506702481058802
2024-05-02,0.004164835313894999,0.009327484375313722
2024-05-03,0.004314268170862112,0.012407966874513399
2024-05-06,0.004827134278954537,0.010085565922373085
2024-05-07,0.0036597241748754783,0.0014323519289878295
2024-05-08,0.0017119894406023572,4.206774209980502e-05
2024-05-09,0.008312996749515689,0.005742301482677403
2024-05-10,0.002531719901315288,0.0012338937139100281
2024-05-13,0.00020489806665691113,6.262868953599288e-05
2024-05-14,0.002428771658006257,0.004741309375372094
2024-05-15,0.007349831123613759,0.012181984219640452
2024-05-16,1.1702755624565242e-05,-0.0019101087989383814
2024-05-17,0.002845310164032666,0.0014816281267966414
2024-05-20,-0.0047410660515002645,0.000986205026340281
2024-05-21,0.00061864077734608,0.002689026719059129
2024-05-22,-0.004272378558613732,-0.00290702442484847
2024-05-23,-0.013913669734827772,-0.00743223705432472
2024-05-24,0.0021194355092197803,0.006805347195387057
2024-05-28,-0.006325289499905962,0.000801193585538762
2024-05-29,-0.010664135943384223,-0.007041325519104413
2024-05-30,0.005617090665134716,-0.0067191366955631215
2024-05-31,0.017326507761199927,0.008700250709701374
2024-06-03,-0.003684895915592068,0.001093747517659338
2024-06-04,0.0004099952335305801,0.0012160259446392097
2024-06-05,0.003504733634603241,0.011961149379607017
2024-06-06,0.00056305263187717,-0.00022373895814176148
2024-06-07,-0.0015521511294008805,-0.0013023578918971435
2024-06-10,0.0014608008496570513,0.003280418833530918
2024-06-11,-0.0032211106449766547,0.0022745413194780184
2024-06-12,-0.00086393124528239,0.008327695714166472
2024-06-13,-0.0018320537676445037,0.001888884724071005
2024-06-14,-0.0019148902395319523,0.0008024269539124163
2024-06-17,0.0044851840006781,0.007936233649382451
2024-06-18,0.0032298870776390487,0.0026642009133441835
2024-06-20,0.004146012664238086,-0.0027762836006001157
2024-06-21,-0.0009845796095859782,-0.0021873541727581713
2024-06-24,0.008082841366491733,-0.0026904442853803445
2024-06-25,-0.004192024932080152,0.0041565316510496775
2024-06-26,-0.002039573577059195,0.001114350192208402
2024-06-27,-0.0009555765665282268,0.001550527358474385
2024-06-28,1.2736669736002071e-05,-0.0038561237666711046
2024-07-01,-0.0020341859385186734,0.0022994089193992817
2024-07-02,0.0030447887146283215,0.006483362008709248
2024-07-03,0.0009787943721295544,0.004519151410796063
2024-07-05,0.00193494079092571,0.00597855162222749
2024-07-08,-0.0004051565159064463,0.00096103010976889
2024-07-09,-0.00013389655566131697,0.0010974838720163582
2024-07-10,0.008928921393109412,0.009630104910017812
2024-07-11,0.0016204097032539444,-0.008568995782281541
2024-07-12,0.006530685993020979,0.006179127618707536
2024-07-15,0.002138081204278386,0.003031921483270583
2024-07-16,0.009357020575219144,0.005676974478178165
2024-07-17,0.0025166375471481484,-0.01396796662829436
2024-07-18,-0.005918832292239107,-0.0075227546372281795
2024-07-19,-0.006650385286901317,-0.006673969761943788
2024-07-22,0.0029665636040174803,0.010385600407653017
2024-07-23,-0.0045559989022050384,-0.0016673925109630394
2024-07-24,-0.006418386593279424,-0.022890731637072226
2024-07-25,0.00250105483245866,-0.005047453019522696
2024-07-26,0.010433806690503866,0.011217205779120887
2024-07-29,-0.0006619755175885089,0.0007394435903584906
2024-07-30,0.002982471576484347,-0.005232697811966114
2024-07-31,0.006102625670560746,0.015760569973219063
2024-08-01,-0.005504015126570394,-0.01363829022873353
2024-08-02,-0.009151962980595063,-0.01827539715443438
2024-08-05,-0.02312844066654296,-0.03002592458793596
2024-08-06,0.005663655728863182,0.009974767917275917
2024-08-07,-0.001548268774691497,-0.0069385059888223966
2024-08-08,0.013540478091330854,0.023331566831388262
2024-08-09,0.0013713572672706675,0.004285214714405683
2024-08-12,-0.0028690567730167427,0.0005103736500502443
2024-08-13,0.007901801974632638,0.016609800742718894
2024-08-14,0.0042040342969063005,0.0031913911374310544
2024-08-15,0.008301573157506237,0.01716694492026405
2024-08-16,0.003064886088001595,0.002104744244435519
2024-08-19,0.005395071732702927,0.00961820879555031
2024-08-20,-0.0036847457414307394,-0.0016526102431881906
2024-08-21,0.003963252736079559,0.0035053418854680274
2024-08-22,-0.0005481180381093909,-0.008092339248950031
2024-08-23,0.00999030784163768,0.010819095970718173
2024-08-26,0.00446089389971438,-0.0024581743956544333
2024-08-27,-0.0005038450124038585,0.0013388565755791948
2024-08-28,-0.0014783068324512039,-0.005716101020970976
2024-08-29,0.0035022424000275,0.0001559539302609103
2024-08-30,0.007511086370262321,0.009411257546801721
2024-09-03,-0.0063675596838213,-0.020230008808612254
2024-09-04,-0.0019044157840779619,-0.002482461570601502
2024-09-05,-0.007489217078374799,-0.0024689285021539664
2024-09-06,-0.008603801289391644,-0.016651835491464317
2024-09-09,0.01161912496280415,0.011255635305962297
2024-09-10,-0.0021591278485217913,0.004121629647964253
2024-09-11,-0.004372010162939088,0.01023200231632515
2024-09-12,0.0038611092622691245,0.008597323514140331
2024-09-13,0.006763048366071445,0.005312950816816597
2024-09-16,0.007675908393814712,0.0015099118376906695
2024-09-17,-0.0012535503478002807,0.0004639852055210447
2024-09-18,-0.00249952933394193,-0.003245908134852815
2024-09-19,0.005824502870185766,0.017444836903151906
2024-09-20,-0.0009810765699744817,-0.0019621773764144645
2024-09-23,0.005016875424718181,0.0024623955458287217
2024-09-24,-0.0008150671387610053,0.0028753583805829486
2024-09-25,-0.006848600499707591,-0.002031849721045531
2024-09-26,0.0024378042157642277,0.003976564023214779
2024-09-27,0.005435065040716891,-0.001294504043138467
2024-09-30,0.003809539599834544,0.0043586366939976084
2024-10-01,0.0003222414948569341,-0.009342868276822514
2024-10-02,-0.0003533291171422537,0.00017223797435761412
2024-10-03,-0.003518448851076439,-0.0018935778786528523
2024-10-04,0.005780030432785299,0.009217278429225928
2024-10-07,-0.006757309636939435,-0.009000272141612808
2024-10-08,-0.0007899596322450408,0.00946516069816794
2024-10-09,0.00709585857743833,0.00683317772269354
2024-10-10,-0.0026038243123212013,-0.0016777695476328791
2024-10-11,0.009305619501621232,0.005948461461869448
2024-10-14,0.0056745101300732514,0.008184475956708459
2024-10-15,-0.004707605725730812,-0.007615570176149444
2024-10-16,0.0067433076803464775,0.004202921325479947
2024-10-17,-0.0008808203806590642,0.00014940141266817086
2024-10-18,0.0018465388798176718,0.0038484283077335757
2024-10-21,-0.008610396403237353,-0.0015446477129401615
2024-10-22,0.00034445715026243384,-0.0006896710775406989
2024-10-23,-0.0001550973478938733,-0.009120355337013497
2024-10-24,-0.0034406545780218956,0.002258736584545451
2024-10-25,-0.007823387004422755,-0.00039446690681887997
2024-10-28,0.003761787014088691,0.003118663171059799
2024-10-29,-0.007106898413297369,0.0015922161221431086
2024-10-30,0.0008839358942531739,-0.0030107740924133486
2024-10-31,-0.001954113986635475,-0.019675080400701983
2024-11-01,-0.002042556017180841,0.004343048356697521
2024-11-04,-0.0005338104937985255,-0.002171550730992844
2024-11-05,0.008556924204830452,0.012027391669607645
2024-11-06,0.019707427962386115,0.024900942367108048
2024-11-07,-0.003376278934810295,0.007785865021277427
2024-11-08,0.00656445748951584,0.0044198849853258615
2024-11-11,-0.0011922791552336776,0.0008182413204744776
2024-11-12,-0.0074145938485280505,-0.0029979159078770135
2024-11-13,0.002195267704727888,0.0005104654481744575
2024-11-14,-0.004743121958016849,-0.006356893894573168
2024-11-15,-0.002974862615338858,-0.012904657512138096
2024-11-18,0.006021171252118984,0.004141247902962775
2024-11-19,-0.004641762070938915,0.0036432744140093565
2024-11-20,0.003724178469601158,0.0003683555223137347
2024-11-21,0.011529455425062451,0.005047074879546809
2024-11-22,0.006661056616584782,0.003353631680326874
2024-11-25,0.0035030854570574643,0.0032148767952360213
2024-11-26,0.0013027454666112437,0.005607948739488
2024-11-27,0.0008398061389476297,-0.003186591032085073
2024-11-29,0.002364662793772343,0.005267539982029001
2024-12-02,-0.007329037861644627,0.0028186015116729024
2024-12-03,-0.004224191481101092,0.0002341485886778738
2024-12-04,-0.005990442592970213,0.006304739021282035
2024-12-05,0.0005044950479013988,-0.0016647865423540242
2024-12-06,-0.0046180404389205565,0.0019904390248688397
2024-12-09,-0.0059109963063669335,-0.005207610664508366
2024-12-10,-0.003909502195669656,-0.0028419217914487094
2024-12-11,-0.004780975745916405,0.0075766506887644525
2024-12-12,-0.00242805263100887,-0.0051564324541080175
2024-12-13,-0.001677548867550227,-7.206603128451228e-05
2024-12-16,-0.008130467748190595,0.0039237410337631395
2024-12-17,-0.003860126353187221,-0.004195229205947504
2024-12-18,-0.02310433027586889,-0.02936360241405156
2024-12-19,-0.003195225880629704,-0.00037101852832166493
2024-12-20,0.011472585463831342,0.011318707600995959
2024-12-23,0.002003069791492562,0.007158083849003516
2024-12-24,0.006900167617503339,0.010288888342669278
2024-12-26,0.0015006271608897226,-1.8163078206789862e-05
2024-12-27,-0.004285289719152319,-0.010365139441717353
2024-12-30,-0.009887337859777245,-0.011131826310155746
2024-12-31,0.0030322765274235497,-0.0040298668885954125
2025-01-02,-0.0020407201609973225,-0.002505534815097077
2025-01-03,0.00645233845076576,0.012912718666352019
2025-01-06,-0.00439479392581954,0.005822953080284687
2025-01-07,0.00016747591251520255,-0.011249773473032798
2025-01-08,0.0005263464824072361,0.0013484672132657582
2025-01-10,-0.013608905485421263,-0.015217536946308452
2025-01-13,0.008136363768991073,0.0012923484427735943
2025-01-14,0.006660143201647317,0.0012720135681447697
2025-01-15,0.010269438217779259,0.018290321112651053
2025-01-16,0.004439869666997609,-0.0014861552961211721
2025-01-17,0.0060399520787570715,0.009591421611083284
2025-01-21,0.006000366451391459,0.009099848245619935
2025-01-22,-0.006133410329238309,0.0056810833149911755
2025-01-23,0.006028652998351758,0.005541726680919679
2025-01-24,-0.0011472244411439014,-0.0030141504897566174
2025-01-27,0.008551373781757965,-0.013917521143826161
2025-01-28,-0.008438998949288345,0.00838125200988582
2025-01-29,0.0002428961982472444,-0.0043897918383636325
2025-01-30,0.006867302789099083,0.005222142367470539
2025-01-31,-0.0072397683819550585,-0.005338851862737637
2025-02-03,-0.0076754627345517745,-0.006560013979402757
2025-02-04,0.008331065442388486,0.006639638753859645
2025-02-05,0.003107299224383464,0.004102493105199612
2025-02-06,0.0039566860359385725,0.003599584488276353
2025-02-07,-0.009827234305808008,-0.009719966440789651
2025-02-10,0.007294615131634874,0.0071532885877716446
2025-02-11,0.0006578400200900614,0.0008990385403011558
2025-02-12,-0.002468929548642973,-0.003305539057738227
2025-02-13,0.01085621054877084,0.010562042447693987
2025-02-14,0.0003839896810764465,3.570700928601234e-05
2025-02-18,0.0020724898785604573,0.002889400879886539
2025-02-19,0.0019307795803766847,0.002418569748103616
2025-02-20,-0.0037284028659684276,-0.004204526686434451
2025-02-21,-0.017655268523563472,-0.01701411736671199
2025-02-24,-0.0057395740689825114,-0.004730435392149235
2025-02-25,-0.0061887875152933924,-0.004971546258450643
2025-02-26,0.0004223117847672597,0.0006224072038161221
2025-02-27,-0.0173317753927954,-0.016058478727356218
2025-02-28,0.01595115973434802,0.015539766046903214
2025-03-03,-0.01479891345078177,-0.017223814173084717
2025-03-04,-0.009991199595844713,-0.012050336022537134
2025-03-05,0.0077464826753042,0.011216980057312975
2025-03-06,-0.015586223121607179,-0.018139363063772063
2025-03-07,0.006910012206621019,0.00539218974520117
2025-03-10,-0.02092437134123959,-0.02643955496763528
2025-03-11,-0.008784677809939745,-0.008205433225208392
2025-03-12,0.002797956817648606,0.004850595888355569
2025-03-13,-0.011192638392857446,-0.013060624087419925
2025-03-14,0.01840301303682601,0.020530601176091734
2025-03-17,0.007551914245508495,0.007633288795434456
2025-03-18,-0.010624858596090303,-0.010548328347255054
2025-03-19,0.009920048427798367,0.010505802357273053
2025-03-20,-0.0021202372873676545,-0.0023017113152294932
2025-03-21,0.00028494323102923325,0.00024976843391733006
2025-03-24,0.014700258974861491,0.017548999156408174
2025-03-25,0.0012095162670793247,0.002380235126955066
2025-03-26,-0.008825361564498313,-0.011665007884713696
2025-03-27,-0.0021686137395819927,-0.00275124198839638
2025-03-28,-0.015479536470100475,-0.019972973398955984
2025-03-31,0.006981028491129138,0.006088468253336865
2025-04-01,-0.0006218515208944453,0.0036776917091001504
2025-04-02,0.0024533128796826453,0.006029448684542471
2025-04-03,-0.033689279371243885,-0.047696115062835664
2025-04-04,-0.05932260960038327,-0.0579569418505681
2025-04-07,-0.008301764476970841,-0.004210311787572696
2025-04-08,-0.015071196728911773,-0.014712187951448796
2025-04-09,0.06863622228068778,0.09274419247484667
2025-04-10,-0.02759541903487428,-0.03414141294135231
2025-04-11,0.015699669133163008,0.017611790404427285
2025-04-14,0.011275874012597775,0.010050091491812463
2025-04-15,-0.0032976812932677957,-0.0028054229825408283
2025-04-16,-0.014976811318508476,-0.021979789307300823
2025-04-17,0.004441385908720452,0.0013864713020763642
2025-04-21,-0.020260206935124314,-0.02382725717214218
2025-04-22,0.022681313112039803,0.025234533290356964
2025-04-23,0.007878708856027483,0.01606473825186905
2025-04-24,0.012693232657855935,0.021013290902730297
2025-04-25,0.0028504058540970156,0.007364475033811768
2025-04-28,0.0036311164192193157,0.0006124690447453229
2025-04-29,0.005257515969163462,0.006062214184289649
2025-04-30,0.0001513199650231556,0.0004906890019169552
2025-05-01,0.004617198973359882,0.007081965035970805
2025-05-02,0.016539556681856027,0.014337335451946265
2025-05-05,-0.002593882304855577,-0.005223802785608966
2025-05-06,-0.005943053047957503,-0.008513610245570846
2025-05-07,0.0006411861803665708,0.004517474938128485
2025-05-08,0.0035594787661383798,0.006667916609198077
2025-05-09,0.001220439574177501,-0.0013287223701685669
2025-05-12,0.025298172069089908,0.033297983006834064
2025-05-13,0.007274141095220843,0.00656819767867356
2025-05-14,0.0017977876990564745,0.001242000051754788
2025-05-15,0.004007027295700016,0.004906373161796873
2025-05-16,0.0050461137962594105,0.006448438213392027
2025-05-19,0.0037644158850063114,0.0010253385720431218
2025-05-20,-0.0006589862578647576,-0.0035478465094676004
2025-05-21,-0.012368028570417078,-0.016719251806396773
2025-05-22,0.0007695362612731849,0.00046667789552712335
2025-05-23,-0.00405140725095865,-0.00675341735685997
2025-05-27,0.019250266562444107,0.020548480785120393
2025-05-28,-0.006282405320742868,-0.005705590182428777
2025-05-29,0.0034169921655751168,0.0038501352435034164
2025-05-30,-0.00046607627553896247,-0.0010326736954991977
2025-06-02,0.008563158280636918,0.005814352528213718
2025-06-03,0.003633836250457989,0.005670789516996733
2025-06-04,0.0020935686859224756,-0.000638745367489868
2025-06-05,-0.004931639938099752,-0.004674494634978044
2025-06-06,0.00876078944242975,0.010218508465810627
2025-06-09,0.001091043273138581,0.0010713230126935258
2025-06-10,0.005068791351474644,0.005696216431349654
2025-06-11,-0.0023315331029108988,-0.002759836101098423
2025-06-12,0.0036718595477767124,0.0037803485334544362
2025-06-13,-0.012189307332345467,-0.01113605626695191
2025-06-16,0.009807251734618605,0.009657893605368173
2025-06-17,-0.009444695628176514,-0.008518729253879864
2025-06-18,-0.00010735087049218439,-0.00020024879873203894
2025-06-20,-0.004903923372293839,-0.0027676080770071554
2025-06-23,0.009893390462643703,0.010297438580802343
2025-06-24,0.01304768338238893,0.010987337895075555
2025-06-25,0.000820056225751653,0.000500480717636087
2025-06-26,0.00858023645581052,0.007914630882851936
2025-06-27,0.00556648183821884,0.004963461069775077
2025-06-30,0.00508822076898352,0.004997995398131394
2025-07-01,-0.004605756666974159,-0.0004576814823069597
2025-07-02,0.005097506512719674,0.004438354654947352
2025-07-03,0.006384004926222042,0.008644751182805166
2025-07-07,-0.009457892181374827,-0.008014326574869335
2025-07-08,0.002676412799038408,-0.0006659360902072642
2025-07-09,0.007284415766851904,0.005927335979415416
2025-07-10,0.0008106674555956594,0.0029289215870451635
2025-07-11,-0.0054004836101197995,-0.003598226543238603
2025-07-14,0.002123583710375465,0.0019713093969615514
2025-07-15,-0.004562916638483849,-0.004335295439496956
2025-07-16,0.0038405776605707764,0.0032875145836284148
2025-07-17,0.004289791728276704,0.005995716011808261
2025-07-18,-0.0008524279417462255,-0.0004504258935784655
2025-07-21,0.003962420356037333,0.0017854381127637708
2025-07-22,0.00020835550665609937,0.0
2025-07-23,0.01403785684686154,0.00849544159899307
2025-07-24,-0.0014365772715483338,0.0006863805905894527
2025-07-25,0.0024491088952989237,0.003977580029583816
2025-07-28,-0.004311570809442,-0.00023901742282439464
2025-07-29,-0.0033743003219514067,-0.0025963729243478895
2025-07-30,-0.001210424141573463,-0.00121598990341365
2025-07-31,-0.004938854502492096,-0.003755142653399046
2025-08-01,-0.014130567920807469,-0.016470935102724682
2025-08-04,0.01683165283432997,0.015206948656923291
2025-08-05,-0.003892739553291058,-0.0048091466447421904
2025-08-06,0.009192118688770234,0.007430477853669126
2025-08-07,0.002451835498826327,-0.0006017500721485769
2025-08-08,0.006266609458948302,0.007655323069739373
2025-08-11,-0.0026322473966235993,-0.0020487018738242213
2025-08-12,0.011344953157538029,0.010675056676706207
2025-08-13,0.0032271810884179075,0.0034868932462837066
2025-08-14,-0.00032446068201463785,1.6826504611433535e-05
2025-08-15,0.0010203104348225356,-0.002158949628317086
2025-08-18,-0.0007047072687089706,-0.0003550519806092556
2025-08-19,-0.006891834977956424,-0.00546189134882602
2025-08-20,-0.002035440723951898,-0.0026355908521868976
2025-08-21,-0.004188779226749095,-0.003937956789025754
2025-08-22,0.015798710165577434,0.015301165316768506
2025-08-25,-0.006641659424921342,-0.004231301897364648
2025-08-26,0.0028603222840013487,0.003995240237195885
2025-08-27,0.0006926699497551425,0.0022931624283932805
2025-08-28,0.004885205683753835,0.0035329788372444604
2025-08-29,-0.007812470242814729,-0.005766853382816017
2025-09-02,-0.007919486650969643,-0.007368272199972492
2025-09-03,0.005564864764802335,0.0051127554991852175
2025-09-04,0.007841862073941108,0.00823041498919963
2025-09-05,0.0008142601815750439,-0.0027321888299499664
2025-09-08,0.006842196794472066,0.0025883612441106596
2025-09-09,0.0006887646387259139,0.0024308599048199486
2025-09-10,0.0008781049818886721,0.002893110711893243
2025-09-11,0.009024080336625273,0.00815443544134875
2025-09-12,-0.0003546693058692485,-0.0002150096713611216
2025-09-15,0.007893364889888899,0.005211361961000138
2025-09-16,-0.0013256083473380809,-0.0013167859962803785
2025-09-17,-0.0035929134661176754,-0.0011534151785216329
2025-09-18,0.004778797503990573,0.0047021959497901555
2025-09-19,0.002866530627008146,0.004663908284762375
2025-09-22,0.005208597162221329,0.004871038513060588
2025-09-23,-0.006051476744716844,-0.00523796512056518
2025-09-24,-0.005169719205276424,-0.0033357989253026687
2025-09-25,-0.006119956048178943,-0.004774290339934706
2025-09-26,0.005560829034469084,0.005885309951265683
2025-09-29,0.004064605950872435,0.002810592127677758
2025-09-30,0.003927090031271785,0.003687708530538014
2025-10-01,0.0062361672491551,0.003576199100049582
2025-10-02,0.002366437295424184,0.001106392629510733
2025-10-03,0.0023046965901143412,8.133587234326889e-05
2025-10-06,0.004798132052171722,0.0034130346750032015
2025-10-07,-0.0066957102577079874,-0.0035634312846810623
2025-10-08,0.007206715702716693,0.005803062369720946
2025-10-09,-0.004164800275039737,-0.0026989807400797927
2025-10-10,-0.026325030077052336,-0.026883750539411277
2025-10-13,0.015040858800043244,0.015153701095047989
2025-10-14,-0.0022903253972281767,-0.0014106106932045837
2025-10-15,0.005813964042437725,0.004402420378041061
2025-10-16,-0.0018043517712985624,-0.006607373433490382
2025-10-17,0.003864985794999276,0.005548226526636668
2025-10-20,0.010949723991279692,0.010495067182705542
2025-10-21,-0.0037433301088630744,-0.00012953356277289885
2025-10-22,-0.0038841206962311192,-0.005056144949919683
2025-10-23,0.006350399698202169,0.005651877545419959
2025-10-24,0.0073176138592223605,0.008276080572825029
2025-10-27,0.012019826651526122,0.011966876646477331
2025-10-28,0.0038026406828761683,0.0026825457050760892
2025-10-29,0.0003894923053320287,0.0004116475554307719
2025-10-30,-0.01007616873493622,-0.010617982888337707
2025-10-31,0.002339703218676714,0.0028788515626227973
2025-11-03,0.0039682683664423735,0.0019616742531844977
2025-11-04,-0.014028249767954248,-0.011587407942825312
2025-11-05,0.0037692013054206885,0.003011272968063139
2025-11-06,-0.010590104857924887,-0.01062832668153113
2025-11-07,0.00047160198563167555,0.001054770865327681
2025-11-10,0.01701379435089878,0.015529483803394362
2025-11-11,0.0023744722065022206,0.0022986574813150806
2025-11-12,0.001809394019355537,0.000493626034275163
2025-11-13,-0.016562462004034773,-0.016284065553799798
2025-11-14,-0.00021380913987656402,-0.00025882272521149385
2025-11-17,-0.010588388426169049,-0.009371510144055017
2025-11-18,-0.010892020258203683,-0.008234732668392253
2025-11-19,0.002261011331241347,0.0036243839407117395
2025-11-20,-0.016889080241747623,-0.015167439925302784
2025-11-21,0.010645006284967673,0.009950607716871396
2025-11-24,0.009575182700567675,0.014869597282880287
2025-11-25,0.013297217235437975,0.009301726487823903
2025-11-26,0.008799465668290596,0.006912149713185878
2025-11-28,0.004791694455589024,0.0055363652244344586
2025-12-01,-0.004875780140983665,-0.004598853213070964
2025-12-02,0.0033173834496649235,0.0016945374211247977
2025-12-03,0.0037695661223520194,0.0034951528236388807
2025-12-04,0.0017750570661534404,0.0008428405572415976
2025-12-05,0.002252692348808427,0.0018752069713714459
2025-12-08,-0.002720874057733136,-0.00296604445891846
2025-12-09,-0.00037276111907502685,-0.000811309890391132
2025-12-10,0.006896953536418282,0.006463880445681358
2025-12-11,0.0030969466030046355,0.002452022863012715
2025-12-12,-0.011070362306501713,-0.010793612836802025
2025-12-15,0.00021019306770719837,-0.001451599585363561
2025-12-16,-0.0021007362251721506,-0.002795693840870972
2025-12-17,-0.01224737846705437,-0.01098995033103134
2025-12-18,0.009865219872632558,0.007548450769868431
2025-12-19,0.009142896999991601,0.008922659165456093
2025-12-22,0.005207063278301227,0.006297535434338197
2025-12-23,0.006221092012457907,0.004668727266716743
2025-12-24,0.0024623907363403585,0.003335124350530405
2025-12-26,0.0009565645112992183,9.45260723164143e-05
2025-12-29,-0.0032818794256550543,-0.0035284790745807593
2025-12-30,-0.0003691802637834085,-0.0013911277736293748
2025-12-31,-0.0072517837657570805,-0.007265787981079241
2026-01-02,0.004336524606037395,0.0018655479627323057
2026-01-05,0.007630898026863786,0.006621141285414023
2026-01-06,0.004268037248142287,0.005929163505449697
2026-01-07,-0.001424498769944993,-0.003206470298671049
2026-01-08,-0.0025690556306028345,-0.00017349667831578763
2026-01-09,0.00745232944944374,0.006702846244839744
2026-01-12,0.004138607768821245,0.0016136917955142938
2026-01-13,-0.00387808084928587,-0.002048939732345989
2026-01-14,-0.0035935872439892824,-0.004843103428586737
2026-01-15,0.001552977487299767,0.002645870256312355
2026-01-16,0.00024856715011156716,-0.0008324067538530988
2026-01-20,-0.019526994958198207,-0.020343046707709145
2026-01-21,0.010793395817373819,0.011457849835186495
2026-01-22,0.005721824469538506,0.005203912852868253
2026-01-23,0.004568692741707903,0.000410427506586597
2026-01-26,0.00577916681905033,0.005143356922347575
2026-01-27,0.009959298368491742,0.004096686687993012
2026-01-28,-0.002975857940812343,-0.0001562998756204914
2026-01-29,-0.0018891799519901165,-0.0020794100686256645
2026-01-30,-0.009294679296167119,-0.0032118536027112565
2026-02-02,0.004870990042569634,0.005438345464953143
2026-02-03,-0.008649614344930612,-0.008644811820737064
2026-02-04,-0.0047634887165904916,-0.005109285589252166
2026-02-05,-0.01553693622269059,-0.01237900321836416
2026-02-06,0.021581298555499062,0.019483241499787862
2026-02-09,0.01082032334296179,0.004706881585407663
2026-02-10,-0.0012088654528179532,-0.0028045283818195488
2026-02-11,0.0012225129521843403,-0.00014151548752805443
2026-02-12,-0.014209247820770043,-0.015494530965633024
2026-02-13,0.0005389992223097106,0.0006384799856609114
2026-02-17,0.0006611470326762792,0.001754626368112966
2026-02-18,0.00468588712655249,0.005031973521080868
2026-02-19,-0.0014187159160989893,-0.0025666887493606128
2026-02-20,0.008924771833674905,0.007132238482400632
2026-02-23,-0.009372539646846922,-0.010078514957416629
2026-02-24,0.007508937756788736,0.007297331810320218
2026-02-25,0.01133697319463245,0.008414865823914708
2026-02-26,-0.004220686206885316,-0.00561540713286357
2026-02-27,-0.0042481330191788125,-0.004590323657995832
2026-03-02,-0.005938473776856079,0.0003804422600035551
2026-03-03,-0.018243680969094456,-0.008807657007082303
2026-03-04,0.010421477416840075,0.007127818021501309
2026-03-05,-0.010351163804446673,-0.005347645539710011
2026-03-06,-0.011433798405912077,-0.013369293195302667
2026-03-09,0.010267579173859565,0.008683255855121308
2026-03-10,-0.000947498719949369,-0.0017313201898003783
2026-03-11,-0.0007954627919392054,-0.0011080040981108485
2026-03-12,-0.018198409376939062,-0.015320784335805193
2026-03-13,-0.009652985567135786,-0.005567282973378718
2026-03-16,0.015163194987545259,0.010014847309942843
2026-03-17,0.0025882594324666552,0.0027633582969472936
2026-03-18,-0.014358022397952475,-0.01379499335108103
2026-03-19,-0.0029170613905211695,-0.0026792580321131076
2026-03-20,-0.02253314846617116,-0.014519999624610702
2026-03-23,0.01844173446659325,0.010853976244908026
2026-03-24,-0.008677048416919741,-0.0033916744835298385
2026-03-25,0.009380692355329456,0.0054450253691222805
2026-03-26,-0.021997286728522858,-0.017732676041871787
2026-03-27,-0.015884760326763336,-0.017010346731919257
2026-03-30,-0.002318255774104494,-0.003482278750446155
2026-03-31,0.03339340029561266,0.028609290838359502
2026-04-01,0.011737688634930521,0.007949125758572873
2026-04-02,-0.002191866208352433,0.0011456125774378378
2026-04-06,0.005082263482186988,0.004444506076692223
2026-04-07,0.0013400203656663834,0.0006108856764037718
2026-04-08,0.031314398331198756,0.025245939843649534
2026-04-09,0.0014062882180743141,0.005922671189244388
2026-04-10,0.0012672694810336171,-0.0006720487859372959
2026-04-13,0.010315461245010038,0.009798263458858258
2026-04-14,0.0140657259305641,0.012097293945372511
2026-04-15,0.007333250150021842,0.007989405210538925
2026-04-16,0.0010908625743457634,0.002191270678036039
2026-04-17,0.014149627089241834,0.012281803996559981
2026-04-20,-0.0031366420433883713,-0.0018996464565053106
2026-04-21,-0.012478089362598976,-0.0065843665347020686
2026-04-22,0.011923803240301956,0.010274274876882927
2026-04-23,-0.009771555656043707,-0.004037336825003401
2026-04-24,0.010190376249920252,0.007923061553231525
2026-04-27,0.0008668282765753599,0.0016453141555130557
2026-04-28,-0.00560861870260021,-0.0049277418013308205
2026-04-29,-0.004587406966638841,-3.059873895883136e-05
2026-04-30,0.01427261122341461,0.009690674599694749
2026-05-01,0.0036046964336575726,0.002936816723510427
2026-05-04,-0.0060468567207944135,-0.003622568893481226
2026-05-05,0.01075766948272272,0.007847047073406221
2026-05-06,0.021149421577971284,0.014068819364648988
2026-05-07,-0.006651340319147714,-0.0031423164283874705
2026-05-08,0.01196951171050431,0.008177952507941955
2026-05-11,0.00029355660704677433,0.002182823361259967
2026-05-12,-0.005919519613385216,-0.0012509368328545989
2026-05-13,0.00934448908342378,0.005510764183701999
2026-05-14,0.005652930391420563,0.0077959108652885245
2026-05-15,-0.01564431593075999,-0.012054117550166055
2026-05-18,0.000889930236452896,-0.0007800972785977356
2026-05-19,-0.007789253069934943,-0.00636306205527315
2026-05-20,0.006948940978738438,0.004802902659972519
