Rebalance_Date,Evaluation_Date,Forward_Period_Return,VOO_Forward_Return,EqualWeight_Forward_Return,MaxSharpe_Forward_Return,Portfolio_ExAnte_Preference_Score,Portfolio_ExAnte_Score_Return_CAGR,Portfolio_ExAnte_Score_Return_Div,Portfolio_ExAnte_Score_Risk_Vol,Portfolio_ExAnte_Score_Risk_MaxDD,Portfolio_ExAnte_Score_Cost,Portfolio_ExAnte_Score_Liq_Volume,Portfolio_ExAnte_Score_Liq_AUM,Portfolio_ExAnte_Score_Div_Score,Portfolio_ExAnte_Score_FinBERT,Portfolio_ExAnte_Portfolio_Volatility,Portfolio_Forward_Preference_Score,Portfolio_Forward_Score_Return_CAGR,Portfolio_Forward_Score_Return_Div,Portfolio_Forward_Score_Risk_Vol,Portfolio_Forward_Score_Risk_MaxDD,Portfolio_Forward_Score_Cost,Portfolio_Forward_Score_Liq_Volume,Portfolio_Forward_Score_Liq_AUM,Portfolio_Forward_Score_Div_Score,Portfolio_Forward_Score_FinBERT,Portfolio_Forward_Portfolio_Volatility,VOO_Forward_Preference_Score,VOO_Forward_Score_Return_CAGR,VOO_Forward_Score_Return_Div,VOO_Forward_Score_Risk_Vol,VOO_Forward_Score_Risk_MaxDD,VOO_Forward_Score_Cost,VOO_Forward_Score_Liq_Volume,VOO_Forward_Score_Liq_AUM,VOO_Forward_Score_Div_Score,VOO_Forward_Score_FinBERT,VOO_Forward_Portfolio_Volatility,EqualWeight_Forward_Preference_Score,EqualWeight_Forward_Score_Return_CAGR,EqualWeight_Forward_Score_Return_Div,EqualWeight_Forward_Score_Risk_Vol,EqualWeight_Forward_Score_Risk_MaxDD,EqualWeight_Forward_Score_Cost,EqualWeight_Forward_Score_Liq_Volume,EqualWeight_Forward_Score_Liq_AUM,EqualWeight_Forward_Score_Div_Score,EqualWeight_Forward_Score_FinBERT,EqualWeight_Forward_Portfolio_Volatility,MaxSharpe_Forward_Preference_Score,MaxSharpe_Forward_Score_Return_CAGR,MaxSharpe_Forward_Score_Return_Div,MaxSharpe_Forward_Score_Risk_Vol,MaxSharpe_Forward_Score_Risk_MaxDD,MaxSharpe_Forward_Score_Cost,MaxSharpe_Forward_Score_Liq_Volume,MaxSharpe_Forward_Score_Liq_AUM,MaxSharpe_Forward_Score_Div_Score,MaxSharpe_Forward_Score_FinBERT,MaxSharpe_Forward_Portfolio_Volatility,Forward_Score_vs_VOO,Forward_Score_vs_EqualWeight,Forward_Score_vs_MaxSharpe
2021-02-01,2021-03-01,0.04293649663245458,0.03571743487145507,0.04059192983125581,0.018018615647457548,0.6715672666272133,0.7576786121638186,0.40452201783723524,0.3147642947802479,0.5250980934310895,0.9754098360655739,0.706160438229314,0.7403287392062379,0.83521266405076,0.77209899574798,0.23075185514834545,0.5722576069943995,0.4499145280747432,0.4138315073615141,0.32790145638493684,0.8314648897740546,0.9831011990597356,0.6305323186258719,0.9979833110614802,0.8373446887898707,0.6609850978480991,0.22786167959531387,0.5253872001303321,0.40319850033452065,0.2689265536723164,0.310133971093025,0.8074954232743108,1.0,0.5661147873815328,1.0,0.82651345463,0.4969144539432712,0.23177052635953446,0.5047943111352385,0.3404832792202307,0.49603451008699595,0.41036440022260257,0.7899139703549567,0.8392249676420052,0.3655024934263337,0.6765715353362929,0.8760240706983968,0.5444893033226903,0.20971983195102742,0.5415315270725731,0.4494296784286592,0.22480339220410672,0.32616815510509467,0.8488156103891277,0.9864843551544364,0.6848228685517506,0.9507289027656584,0.7856746134173853,0.472373052247698,0.22824300587687915,0.046870406864067404,0.067463295859161,0.03072607992182641
2021-03-01,2021-03-31,0.023667847378973095,0.020843705500704468,0.023256223381272978,0.01321850097873245,0.6976935599417808,0.8183002768703505,0.4055516612925839,0.3267197948714935,0.5248363263979017,0.9746835443037974,0.7102883838025502,0.7415542046331499,0.83521266405076,0.7716007386529303,0.2281216451282714,0.5915124598184394,0.49486549454102047,0.4153002560108193,0.3335453900541572,0.8315255542989853,0.9829920395106972,0.6380507830694193,0.9979702840511105,0.8376370033365488,0.6614656887400885,0.22662001418808542,0.5436954856863228,0.44588748335421646,0.2689265536723164,0.31702131601051087,0.8074954232743108,1.0,0.5728262434690214,1.0,0.82651345463,0.4969144539432712,0.2302553104776876,0.5213556343476267,0.37603429741326166,0.503741046811186,0.42010810242121,0.7942675514927399,0.8416520985837255,0.37487535445056125,0.6667155353542376,0.8759750590844286,0.5389886934965592,0.2075762174673338,0.5737940410359035,0.4923814257102177,0.3092403484649714,0.3180001230451235,0.8230754775916018,0.9914083180056557,0.6313190503274858,0.9989746757712266,0.8142032390112133,0.6133126597411187,0.2300399729300728,0.04781697413211661,0.0701568254708127,0.017718418782535883
2021-03-31,2021-04-30,0.046557910473936426,0.05289626927223634,0.035604076246990246,0.042865844638301454,0.7198788565767851,0.8807076047072924,0.4055516612925839,0.33210885407196766,0.5248363263979017,0.9746835443037974,0.7150264969922923,0.7415542046331499,0.83521266405076,0.6971679473106479,0.2269360521041671,0.608917162962242,0.5417646389454195,0.3992396947885682,0.3347470623059904,0.8322708046296137,0.9840009291257052,0.6441606189675853,0.9980906841039883,0.833608910658552,0.6608658044176857,0.22635564629268212,0.562279985450217,0.49066098331135233,0.2689265536723164,0.3207018920587136,0.8074954232743108,1.0,0.5768215018333235,1.0,0.82651345463,0.4969144539432712,0.22944558374708302,0.5357693244023916,0.41642849342762933,0.48628434060820025,0.4101814451588067,0.784070043996739,0.8438540482782575,0.394346502845114,0.6904972298007678,0.8759254102142616,0.5401168041071931,0.20976008206506253,0.6074338816515468,0.5303960089440501,0.5030476958201883,0.3752229616207228,0.8611102213450862,0.8858701048265234,0.5927577945399849,0.8929350752220981,0.8454130962883484,0.6715780512006103,0.21745094844344096,0.04663717751202501,0.07314783855985041,0.0014832813106951948
2021-04-30,2021-06-01,0.007238793122691156,0.005891857940217404,0.0191277052918859,0.008906038811518524,0.7169518034314852,0.8678331977240984,0.4080042313117065,0.33538857383423226,0.5359241274675672,0.9739130434782609,0.7192657842830942,0.7478245788228708,0.8357186034644,0.7066533820436179,0.22621451375646887,0.61912983339511,0.5624648130492876,0.4131390957568898,0.333432995071424,0.8342794260247298,0.9832008282113144,0.6469122722868337,0.9979952007220929,0.8374458132338524,0.6670915414565106,0.22664474108428673,0.569193860733855,0.5087167989432302,0.2689265536723164,0.3177392356543801,0.8045095290604272,1.0,0.5839581646956479,1.0,0.82651345463,0.4969144539432712,0.23009736815603635,0.5434459512410035,0.4336684009815771,0.49716594170477413,0.4096518469788005,0.7822635078401423,0.847902349905886,0.3958663700343754,0.6795988360234078,0.8765868476557648,0.5360977254031133,0.20987659366466388,0.6257557678342599,0.5551049114209249,0.4792375758854189,0.39535640064247457,0.8735345697086425,0.9695046976085069,0.7304555356715269,0.9001279009033382,0.8215528633493627,0.566903176761531,0.2130215918586556,0.049935972661254935,0.07568388215410649,-0.006625934439149939
2021-06-01,2021-06-30,0.02143397778243661,0.023390739385718895,0.002884746859255438,0.020916395200595295,0.730929595833105,0.8649877715507712,0.5304911474675034,0.38848588026621633,0.6309914423440653,0.9557315400843882,0.78363445064379,0.6133198418434824,0.8266202487923733,0.6064555767288696,0.2145331063414324,0.5959462369068155,0.49105393992614194,0.45512468549277013,0.38542670218020525,0.8397765724103685,0.9721495100529822,0.7262403318949386,0.9126597654087859,0.8264225930533906,0.5808987213603773,0.21520612552035484,0.5449004679595981,0.45311598360452443,0.2689265536723164,0.31746615939684386,0.7693651325112125,1.0,0.5863045546397495,1.0,0.82651345463,0.4969144539432712,0.23015744493269433,0.5211676477151744,0.381683786687883,0.479903964319507,0.40772733319975485,0.7612590909504122,0.842667758328316,0.41294659875376155,0.698485052852485,0.8737747719289527,0.5571596529417722,0.2102999866960539,0.5960801077315846,0.48960232770691525,0.46177747206264547,0.3911539901120683,0.8443966694428338,0.9707785777248401,0.7345344274815327,0.9029395063971637,0.8215095830714572,0.5710639786637617,0.21394612217534498,0.05104576894721735,0.07477858919164104,-0.00013387082476912227
2021-06-30,2021-08-02,0.01832003826251949,0.02238773202551614,0.009742653688558978,0.02285035791189549,0.7140846759089268,0.8589002484307326,0.410144203312393,0.3321286734780122,0.5354174268690481,0.9744952178533476,0.7314522469485303,0.7496401566592601,0.8357186034644,0.7138641738934565,0.2269316918348373,0.6059178648992671,0.5334776341751327,0.4028725647087439,0.33046641459217874,0.825835589212297,0.9838358856571561,0.6581977495727354,0.9980709879528485,0.8348499133717224,0.6669969029746738,0.22729738878972067,0.5603870568014866,0.48773849182465745,0.2689265536723164,0.3160865958123793,0.7954837517923992,1.0,0.5928941725106578,1.0,0.82651345463,0.4969144539432712,0.23046094892127653,0.5299289838246793,0.4119105456309462,0.48329831657793987,0.40172671200331345,0.7731729019912941,0.8283231343762629,0.38938587546154896,0.6681159205257623,0.8769607816077377,0.5536615042880537,0.21162012335927105,0.606912102157825,0.525763121838029,0.43350034641273616,0.37208119744565193,0.8579531028422135,0.9699594473086421,0.72651818812925,0.9391579355716688,0.8261373782347208,0.5647047576165125,0.21814213656195655,0.04553080809778054,0.07598888107458779,-0.0009942372585578507
2021-08-02,2021-08-31,0.030870549740237063,0.03161563634642528,0.021844991453093376,0.028900190867954034,0.7005726218134781,0.8262120986309047,0.4090676883780334,0.3309940737335283,0.5356709893635808,0.9749478079331942,0.731138006666985,0.7487307826888829,0.8357186034644,0.7102277802590446,0.22718130377862375,0.6008868898523461,0.5209540626819111,0.4042001365755461,0.3298209744427034,0.8224112037962261,0.9837485844746372,0.6612480605251414,0.9980605695018752,0.8351712667570264,0.667120186034111,0.22743938562260524,0.5562251584154133,0.47771648074197715,0.2689265536723164,0.315556767168646,0.7919276809630416,1.0,0.5962553963903843,1.0,0.82651345463,0.4969144539432712,0.23057751122289785,0.5286481441831936,0.4027065054683816,0.49193517865934877,0.4058620769465914,0.7730356425295504,0.8368675327813704,0.41436282936780966,0.6927484852057575,0.8763045251914949,0.5171311602764042,0.21071034307174988,0.5997343994546561,0.5130627900385084,0.42779899907450303,0.36514227212767303,0.8521498377686323,0.9701602736990282,0.7252106232359798,0.948634309302933,0.8153227600129209,0.5687525515018684,0.2196687001319119,0.04466173143693275,0.07223874566915245,0.0011524903976899425
2021-08-31,2021-09-30,-0.04539209407567957,-0.0466365297736524,-0.04033049027764868,-0.04544422780890456,0.6935522957103232,0.8106081935032577,0.4080042313117065,0.33014761490922395,0.530068439598268,0.9753846153846154,0.7299763063154149,0.7478245788228708,0.8357186034644,0.7066533820436179,0.2273675247199707,0.6001569950775161,0.5194440903911015,0.4086770786406023,0.32718228851410514,0.8154116858555795,0.9834722532477895,0.6653323520113998,0.9980275923616319,0.8363133597234003,0.667148612446288,0.22801989652689683,0.5542551943950106,0.47454675127366364,0.2689265536723164,0.3122268224058319,0.7854380499202074,1.0,0.600092825102626,1.0,0.82651345463,0.4969144539432712,0.23131009907071698,0.52845018682735,0.4025018491944081,0.49419666930862144,0.404327013025803,0.7674829594089407,0.8310103380655485,0.41835876004501216,0.6927352064523337,0.8763856749538746,0.529662380754728,0.2110480571343233,0.6028289485709089,0.505533964765006,0.4577867152125795,0.38041744564287094,0.8530174877575201,0.9698402535529052,0.7388730530573142,0.9196212603787421,0.8382384040974746,0.5679262941125889,0.2163081619585684,0.04590180068250549,0.07170680825016607,-0.0026719534933927758
2021-09-30,2021-11-01,0.06632603877276533,0.07264191905434081,0.05738272841546865,0.06212273681620095,0.6920109579638216,0.8075568268825313,0.4080042313117065,0.3268264364903384,0.530068439598268,0.9753846153846154,0.7335805687274911,0.7478245788228708,0.8357186034644,0.7066533820436179,0.22809818397212553,0.5574950988018446,0.41416304805465665,0.4014731517334457,0.33771934829460204,0.7908063580503721,0.9839248606067075,0.6718979815512511,0.9980816061497965,0.834497034492526,0.6669323244090093,0.22570174337518753,0.5160140671177933,0.3783013846881514,0.2689265536723164,0.32334887555758896,0.7596304836045145,1.0,0.6063035835190724,1.0,0.82651345463,0.4969144539432712,0.22886324737733044,0.4917114526381797,0.3111989101154349,0.49097514033701195,0.41358409532232354,0.7431305302432938,0.8310465161079492,0.42165886313384116,0.6944603853673573,0.8761269880045826,0.5313277542031953,0.2090114990290888,0.5586290213920363,0.4003787695121527,0.4395590541936779,0.37342069214563456,0.8182938285450789,0.9760904740719549,0.7169766688719124,0.942657516517953,0.8371217728739887,0.6110355367947125,0.21784744772796036,0.04148103168405126,0.06578364616366483,-0.0011339225901917382
2021-11-01,2021-11-30,-0.008289283159714889,-0.009431515619225728,-0.02922940038765487,-0.00511426228339662,0.6797207640686426,0.7714698030325943,0.4090676883780334,0.3383934390297769,0.5299564948520221,0.9749478079331942,0.7399390148966732,0.7487307826888829,0.8357186034644,0.7102277802590446,0.22555344341344907,0.5560128482092566,0.40780316550736795,0.40238699692022106,0.34292453164345027,0.7905582955105015,0.9838550891554282,0.677805611558711,0.9980732796824621,0.8346809466950578,0.6672245756736671,0.22455660303844094,0.5135112908023794,0.36976692185162385,0.2689265536723164,0.3280419683346788,0.7593320483564046,1.0,0.6131007614645546,1.0,0.82651345463,0.4969144539432712,0.22783076696637067,0.48351660600213014,0.2932862271101838,0.4868206742469995,0.41328233927110436,0.7416975846529354,0.8240885744154269,0.4230890645281445,0.6908539883962471,0.8764767080875655,0.5367730668659821,0.209077885360357,0.5168832002555445,0.3885474219247929,0.2955448218708303,0.4428346840481243,0.8387717460712598,0.7916209940280652,0.5462791475066889,0.7792866043124338,0.8067701053648253,0.6185556978623297,0.20257636950941263,0.04250155740687711,0.07249624220712642,0.0391296479537121
2021-11-30,2021-12-31,0.044679441117414065,0.045602268533804446,0.05276593864944146,0.03293027726751241,0.6692243993605383,0.7431452809305794,0.4090676883780334,0.3434503933420735,0.5299564948520221,0.9749478079331942,0.7430760622625181,0.7487307826888829,0.8357186034644,0.7102277802590446,0.22444091346474382,0.5564143006421316,0.39763345235065495,0.41369992588772153,0.3626079357849157,0.7969367220599533,0.9831711771091133,0.6797686335928068,0.997991662184061,0.8376039746530569,0.6669886938950379,0.22022625412731855,0.5158713573019356,0.3676908558076884,0.2689265536723164,0.3455416990420679,0.7674907568970049,1.0,0.6193762818936249,1.0,0.82651345463,0.4969144539432712,0.22398082621074505,0.4864312291224444,0.29473098992857655,0.48763476298622477,0.42475585854473596,0.7489942118741328,0.8264964115728755,0.4242941339510822,0.6912766822592127,0.8768792460901353,0.5343161390646427,0.20655371112015805,0.49397386925440706,0.3704016819468842,0.2003832192255604,0.4349607105130532,0.8426893642056317,0.7903697778387626,0.5299661409770956,0.7702961038481692,0.7780788976632649,0.5761168962887654,0.20430864368712828,0.040542943340196036,0.06998307151968719,0.06244043138772454
2021-12-31,2022-01-31,-0.06710667087623534,-0.05240850716163348,-0.04331399432433003,-0.06928831415104175,0.6435941216692173,0.784028847832615,0.2760531649699817,0.2873239348759701,0.5771240788743953,0.9482508820403825,0.8020946782484256,0.6826567492852594,0.6674998896150721,0.5316767780155424,0.23678873432728656,0.5783848660573214,0.5417630194108773,0.3102633117504246,0.28785776128123175,0.8428774456917447,0.9662981204545482,0.7970962592294961,0.9985598746246687,0.6723685873706378,0.48516244977507744,0.23667129251812902,0.5443360572253578,0.43469845602212964,0.2689265536723164,0.34452456034977863,0.7901518968628507,1.0,0.6304852986386421,1.0,0.82651345463,0.4969144539432712,0.22420459672304868,0.5145048718350468,0.36580233403255724,0.47745508138493414,0.4188652694895558,0.7724668545468677,0.8283106575470172,0.44616861175126,0.700467125128972,0.8708573263629467,0.5158534449548171,0.20784964071229772,0.564585599160523,0.5541902257363844,0.2372847385422988,0.2791649079305045,0.8676531244751283,0.9612650893840802,0.8553377749715793,0.9496833687828782,0.6000079437711001,0.3542034756527767,0.23858372025528898,0.034048808831963595,0.06387999422227464,0.013799266896798446
2022-01-31,2022-02-28,-0.03203700717346036,-0.029805120666452245,-0.01804273139665158,-0.029051338152591866,0.7200721097859902,0.8634140307096477,0.4090676883780334,0.3605659428121123,0.5299564948520221,0.9749478079331942,0.7516765013643644,0.7487307826888829,0.8357186034644,0.7102277802590446,0.2206754925813353,0.5919139728402646,0.4866754005812758,0.40993909184512073,0.35041369771196473,0.8206935299805955,0.9834027463036714,0.6943389938713073,0.9980192974603634,0.8366643764848071,0.6669768490429077,0.22290898650336774,0.5512349958861293,0.45469575592295897,0.2689265536723164,0.3338280309318399,0.7901518968628507,1.0,0.6404231674440801,1.0,0.82651345463,0.4969144539432712,0.22655783319499523,0.5184517506566304,0.37477885587098236,0.4876020501153121,0.41568313102540777,0.7671238907213109,0.8263845609173603,0.42887943657277067,0.6912717156422243,0.8769117083425235,0.534570319507041,0.2085497111744103,0.5954079150780786,0.4732223760311871,0.4846979833501308,0.4117802281781907,0.861075465090169,0.9561409086368886,0.7469899462136684,0.8952360491692233,0.8276705636470311,0.5818994950253671,0.20940834980079803,0.04067897695413525,0.07346222218363418,-0.003493942237813963
2022-02-28,2022-03-31,0.034757414391188624,0.037891944913803544,0.024943728715505653,0.03074164581014638,0.7229296666663619,0.8737168860201192,0.4090676883780334,0.3497812740220816,0.5299564948520221,0.9749478079331942,0.7578328427463861,0.7487307826888829,0.8357186034644,0.7102277802590446,0.22304811971514202,0.5979443932706824,0.505260801003959,0.4051714946493666,0.33768728537297066,0.8318030181557299,0.9836941393888019,0.7003773325269731,0.9980540720703266,0.8354428049192015,0.66700826261345,0.22570879721794643,0.5594563056302304,0.477021039218199,0.2689265536723164,0.32270533689184344,0.8011642165119318,1.0,0.6451134705519637,1.0,0.82651345463,0.4969144539432712,0.22900482588379445,0.5271224103307368,0.39666028558434263,0.4874218788238105,0.40930346687441166,0.7795318872407035,0.8246108400952408,0.4332810511660903,0.6915547843582697,0.8766019306506756,0.5364989138590529,0.2099532372876294,0.6010943551762905,0.48929413739399624,0.4708633122334244,0.40067762533548723,0.8711907460296261,0.9701499694869027,0.7706647692163313,0.901910587794884,0.8218416942303802,0.5695346120668809,0.2118509224261928,0.03848808764045197,0.07082198293994557,-0.003149961905608123
2022-03-31,2022-05-02,-0.07835662213980743,-0.08211088364762464,-0.057753771980379454,-0.07289879111550523,0.7199760373920129,0.8722402874397978,0.40695359596242825,0.33791324878714524,0.5301802657606813,0.9758064516129032,0.7537686157007858,0.7469215285134521,0.8357186034644,0.7031394072447862,0.22565908526682804,0.6404404860947919,0.6129475298557134,0.4181288984703894,0.32382913617884646,0.8265496320177423,0.9828918831110444,0.7061933890237195,0.9979583314691486,0.8386657218203559,0.6671437653866623,0.22875759004065374,0.5963978767284599,0.5754905736172099,0.2689265536723164,0.3059162986599372,0.7958674650543974,1.0,0.6506631472799673,1.0,0.82651345463,0.4969144539432712,0.23269841429481378,0.5694085601153,0.505021843442705,0.4875589274752435,0.4007246195887306,0.7765642124792196,0.8238719861799733,0.4387347449136589,0.7004010577674927,0.876027213280033,0.5334789084642284,0.21184058369047926,0.6441478351515095,0.6160964743026671,0.4412116406600634,0.36728578942536727,0.8578969081576922,0.9690745303806643,0.7647010821200384,0.9472322255830066,0.8152565551398974,0.5648209220575275,0.2191971263264192,0.044042609366331975,0.07103192597949182,-0.003707349056717657
2022-05-02,2022-05-31,-0.0006122478450683033,-0.0036739352166800243,0.004873844489846624,0.011496041155862446,0.7495465937031173,0.9502921829875309,0.3848957269943123,0.37258281116869596,0.6195262505858581,0.9548717948717949,0.8224098587333161,0.6224335268115855,0.83422048231344,0.5986051145798739,0.21803178154288688,0.6029968815446151,0.5074399864258847,0.4526666291858124,0.35845930796310543,0.8762124104039803,0.9692926938459323,0.7741535119206666,0.9334781310708042,0.8346852131584398,0.5666846539890963,0.2211389522481168,0.5516622184058629,0.46725699397160564,0.2689265536723164,0.28734556286035806,0.8128562522418472,1.0,0.6541219175485788,1.0,0.82651345463,0.4969144539432712,0.2367839761707212,0.526050652012175,0.4000878681448471,0.5076855622826772,0.37649112810904717,0.7751747310626417,0.832951043990948,0.4375434476610088,0.6875548618362053,0.8787300506447471,0.5243484163140393,0.2171719518160096,0.5933817857070103,0.4982812732970938,0.4980176849744656,0.41748756480409943,0.9059866396720907,0.9522995750495652,0.8339771992612349,0.8572424898228922,0.7198002574747153,0.363896626187196,0.2081527357430981,0.051334663138752124,0.07694622953244001,0.009615095837604781
2022-05-31,2022-06-30,-0.07086328451619073,-0.08264484483826484,-0.07102941724216705,-0.05511101755324421,0.7296548330217466,0.9169309986690175,0.36892569695555844,0.3479902788547472,0.6071944503030855,0.9556451612903226,0.8290237080375975,0.6319040853227511,0.81516999031344,0.5955126234906698,0.22344213865195559,0.6792407571451695,0.7197036698105324,0.43003299215660434,0.33133390960148945,0.8552401016686315,0.9694611608534993,0.7740239501413745,0.9458967916304307,0.8123837908473518,0.560889910186466,0.2271065398876723,0.6212096888458793,0.6477134138627288,0.2689265536723164,0.2671295425842122,0.81492825822292,1.0,0.6558908664184768,1.0,0.82651345463,0.4969144539432712,0.24123150063147328,0.5985063407438448,0.5849693600731072,0.4929407081308552,0.36489295259930077,0.7860471861503272,0.8285569641700652,0.4405032012058606,0.6979098798882234,0.8759630794802531,0.5453367106642903,0.21972355042815384,0.6767455773391192,0.7290587364966188,0.575114555301915,0.4087456933174003,0.8984885850156226,0.8607029183388724,0.6879223485810797,0.788137541073185,0.7070539038901906,0.4374002138054125,0.21007594747017194,0.05803106829929017,0.08073441640132473,0.002495179806050296
2022-06-30,2022-08-01,0.0386124449786982,0.08870512482320358,0.06046735003611592,0.0319360525663277,0.7397291425794301,0.9332208029721091,0.5170382696978673,0.4253675093052455,0.7006260384952955,0.9183527179487181,0.9105064914815353,0.4836490015697632,0.700199011009291,0.33064290069744273,0.20641914795284597,0.6265506079159532,0.5746306666050227,0.5629055246954094,0.4215110515948428,0.9108465456124253,0.9459372512258469,0.8525815982336528,0.8234035793109685,0.7040251389205647,0.316601531506381,0.20726756864913456,0.5800665933222849,0.5477606047385924,0.2689265536723164,0.25862279114874476,0.81492825822292,1.0,0.6566156227521763,1.0,0.82651345463,0.4969144539432712,0.2431029859472761,0.5534892800177705,0.4725494511015188,0.49585043706544174,0.35686166995822377,0.7821513908241545,0.8396171959023968,0.4405492712321287,0.6960718771613374,0.8765997974665019,0.5441199088319593,0.22149043260919077,0.6188528843376503,0.5653183096147959,0.5643102780023478,0.44890042715065015,0.9189461283487725,0.8969700067816657,0.8080968836693727,0.7784184059535829,0.7058519375793351,0.31488086291834,0.20124190602685696,0.046484014593668244,0.07306132789818265,0.007697723578302895
2022-08-01,2022-08-31,-0.04088513777422209,-0.03839513727980337,-0.031452374822905194,-0.041283311717802196,0.752257120984261,0.9865699289408281,0.3735485781990521,0.3223909918445168,0.5613150191896147,0.954871794871795,0.8415795606700178,0.6329427009901828,0.81516999031344,0.5986051145798739,0.2290739817942063,0.6309296261337632,0.5976349906846246,0.4328198400721677,0.3259594506194826,0.853634457419135,0.9698883734746502,0.7804521139660308,0.9487594428262152,0.8160837435726613,0.5691517963603638,0.22828892086371383,0.5835670848417205,0.5551439676626978,0.2689265536723164,0.2615739412511576,0.81492825822292,1.0,0.6599652602420366,1.0,0.82651345463,0.4969144539432712,0.2424537329247453,0.556695659567531,0.4776152574392875,0.4991643280660229,0.36617291527527296,0.7838992186676114,0.8365361046629248,0.44087673584216464,0.690501474137424,0.8767484552200491,0.5430729856518215,0.2194419586394399,0.6287289127503652,0.5948135101439367,0.48890002144304423,0.37751723147854566,0.882772576848903,0.9563577559717903,0.8172426490025119,0.8994580720387175,0.7200969506850097,0.4276726600990146,0.21694620907471995,0.04736254129204276,0.07423396656623227,0.002200713383398001
2022-08-31,2022-09-30,-0.07651557572162448,-0.09198886431038067,-0.08259633441905723,-0.05742532006513745,0.7458024887079575,0.9688668417035071,0.3735485781990521,0.32548095474623484,0.5613150191896147,0.954871794871795,0.8464299136063378,0.6329427009901828,0.81516999031344,0.5986051145798739,0.22839418995582833,0.6609141879866457,0.6762492781473272,0.43364761834490445,0.31748476643146195,0.8564291285299263,0.9691681235894984,0.7905960156383011,0.9455168321373788,0.8123288813709844,0.5598242964772331,0.23015335138507836,0.6063019042668417,0.6154965909847921,0.2689265536723164,0.2490044006352401,0.8173347462761303,1.0,0.6651924234319139,1.0,0.82651345463,0.4969144539432712,0.24521903186024716,0.5838228478363479,0.5468291156574532,0.4991799791982472,0.35993948489113115,0.7900168735284268,0.828008276364089,0.4623697698001549,0.6934344227892462,0.8762140610456763,0.5402494372875895,0.22081331332395115,0.6494424447396989,0.6894432091489707,0.5249602360826444,0.38060572012373317,0.8753766319372651,0.8621332341793065,0.6888643599127586,0.7768155903787395,0.6896313845513276,0.4449312511932024,0.21626674157277867,0.05461228371980398,0.07709134015029784,0.011471743246946775
2022-09-30,2022-10-31,0.09298649657122882,0.08117568290513599,0.08200685417285225,0.07356638560644768,0.7217408156498439,0.9173995008831124,0.4442702576140611,0.37261369928890753,0.6301510882800492,0.9291432150313153,0.8659470070556611,0.5545151350936505,0.6928559328237894,0.44291686467172864,0.2180249861564403,0.680737432545981,0.7372421105130793,0.5005266083534711,0.3611840766841169,0.8825883044233576,0.9533156564642926,0.8096291944516414,0.8830209994659103,0.6915114291047667,0.41645814569296347,0.22053950312949425,0.6257545538415015,0.6692068227329262,0.2689265536723164,0.23261360225686356,0.8186509695603831,1.0,0.6697990193208184,1.0,0.82651345463,0.4969144539432712,0.24882500750349001,0.608554874002431,0.6187631808851036,0.4955944053465199,0.34568693013541274,0.7909676623023866,0.8381421884025511,0.42898275204741015,0.6726593221259298,0.8737716468196235,0.5318355449943446,0.22394887537020916,0.5996580892752046,0.7148127442190433,0.36286904503324036,0.4648918864524637,0.9685064598609029,0.7935954581729072,0.43694464576076036,0.5480617666399923,0.3055428099705455,0.28205085742259245,0.19772378498045798,0.05498287870447949,0.07218255854354994,0.08107934327077637
2022-10-31,2022-11-30,0.055411442850332726,0.05504998526126603,0.06128400866980788,0.055411442850332726,0.7408830562947775,0.9705127350001123,0.624635483494693,0.4050638385844171,0.6645950884962178,0.7354838709677418,0.7382489062166975,0.43266218158761666,0.7170874909323999,0.46097036223929766,0.21088595551142822,0.6515329574383946,0.6573375354328783,0.6663469552215653,0.39645541834249565,0.9051997756512828,0.8129208472045791,0.6957519659925531,0.7640813440615777,0.7190078870076322,0.44262235472818445,0.21277980796465096,0.5887249351561079,0.5826729861844584,0.2689265536723164,0.21486322394526736,0.8186509695603831,1.0,0.671523347056498,1.0,0.82651345463,0.4969144539432712,0.25273009073204117,0.575469467924022,0.5421607260270869,0.49488594398376373,0.3243972655282673,0.7844308585661529,0.8362353243509565,0.43301522627007466,0.6846640175066538,0.8766154823735068,0.5388218366247339,0.22863260158378115,0.6515329574383946,0.6573375354328783,0.6663469552215653,0.39645541834249565,0.9051997756512828,0.8129208472045791,0.6957519659925531,0.7640813440615777,0.7190078870076322,0.44262235472818445,0.21277980796465096,0.06280802228228666,0.07606348951437258,0.0
2022-11-30,2023-01-03,-0.028992423913391296,-0.06094667845074986,-0.041483127374774775,-0.028996995915358315,0.7276053080437977,0.934602590819201,0.5963968299581403,0.40007544999029077,0.6765305357253852,0.7738892631578947,0.7822607909521103,0.43682435095315875,0.7171158985107557,0.4234284839378239,0.21198340100213603,0.6831214065939837,0.734579193958093,0.6481653451048432,0.3963512520521011,0.9091888926145664,0.8380856017914999,0.736486563595191,0.769472278349741,0.7150564233721148,0.40662724709477116,0.21280272454853777,0.6071839671728272,0.6311072580411814,0.2689265536723164,0.2080827142724042,0.8186509695603831,1.0,0.6723877332608363,1.0,0.82651345463,0.4969144539432712,0.25422180286007107,0.6047707218830121,0.6168737768617492,0.49545885997233857,0.32346694177443724,0.7868922494372107,0.8316653411347608,0.4332824040455153,0.6805160901777627,0.8763950427812648,0.5382007253216696,0.22883727280962377,0.6819266193993734,0.7361734065586453,0.6642506212636352,0.3933712214932068,0.906133626069766,0.8118084633660118,0.6993922116529483,0.7616441584238963,0.7149882090468367,0.43840577918154966,0.2134583312714945,0.0759374394211565,0.07835068471097162,0.0011947871946103028
2023-01-03,2023-01-31,0.0028475889052685943,0.06700190147688057,0.0543392090850594,0.005592235616979746,0.7309470465479637,0.9273167667007782,0.5683920972821653,0.4009914958449309,0.7020701397110689,0.8485394758064515,0.8693838655554618,0.45004897839446123,0.7060284671921722,0.3572893466520309,0.21178187091411518,0.591022989087135,0.497092838699932,0.618382989575367,0.398225131934031,0.9003161108170994,0.8936288951668185,0.8140877780206758,0.7884460363033943,0.7108339552042604,0.3470802081334255,0.2123904709745132,0.5278774709756545,0.43749523794384415,0.2689265536723164,0.20471311653866642,0.795922040023629,1.0,0.671733903170534,1.0,0.82651345463,0.4969144539432712,0.2549631143614934,0.5240101586924155,0.4209060952478917,0.4916234282876838,0.31356086254233617,0.7656814349145888,0.8363176317139782,0.4312750414749052,0.6845275113060051,0.8765910513068826,0.5404104785775541,0.23101661024068604,0.5903951253378176,0.507221725406436,0.6692202687909562,0.3913753590166913,0.8893096066137588,0.8105975983839063,0.6980883169437722,0.7629240727726088,0.7228456921702419,0.4466690892691327,0.2138974210163279,0.0631455181114805,0.0670128303947195,0.0006278637493174477
2023-01-31,2023-02-28,-0.03400386444630388,-0.024983898538280203,-0.02805516442019962,-0.03397605019071692,0.7109207055331632,0.8975333729388941,0.6794826908292146,0.39699815665911464,0.6625085270679374,0.6481455094339623,0.6577685568988852,0.3991447688247027,0.7840129199582428,0.5331331080908899,0.21266040553499474,0.6312651765215729,0.5948514106332766,0.7297928559170483,0.4080620149144192,0.9094747909424286,0.7431258073428156,0.6111660958852898,0.7169088588397756,0.7861393264686657,0.5236505790929769,0.21022635671882775,0.5680814351508351,0.5267234135196046,0.2689265536723164,0.21389014404572226,0.8529971979365211,1.0,0.6668180187508819,1.0,0.82651345463,0.4969144539432712,0.2529441683099411,0.564608655133926,0.514403845729859,0.49106208429613796,0.32829412640725986,0.8099127228694039,0.8274419372439079,0.3888202091773787,0.6646151693274341,0.8769840843755569,0.578285113066912,0.22777529219040282,0.6313112583705236,0.5948908986059616,0.7305122845124693,0.40810152846044445,0.9094516482292623,0.7423523196827472,0.6101773251917426,0.7163949228268918,0.7867866806096668,0.5245774539866005,0.2102176637387022,0.06318374137073779,0.06665652138764688,-4.608184895071865e-05
2023-02-28,2023-03-31,0.0029433988995768434,0.03709976271818216,0.00871171919661795,0.004806472161899222,0.7072724227246078,0.9166804144865088,0.7550062224233514,0.36044604022876214,0.5722333824286749,0.4908382066276803,0.4575788013223785,0.3547426649393647,0.8717645810506,0.7540592063457284,0.22070187114967232,0.6041585024993505,0.45186623889253175,0.7849945298155732,0.5991649729806019,0.9493933298353829,0.6307281585594229,0.43428211761180097,0.6502221017558103,0.8716716990825246,0.7319182767649256,0.16818370594426757,0.5502147278935166,0.4115791724826211,0.2689265536723164,0.45346760094244587,0.7664353454262021,1.0,0.6629219382360554,1.0,0.82651345463,0.4969144539432712,0.2002371277926619,0.5518278675384108,0.3999019351291186,0.4857002406322031,0.5584834941713839,0.8390495538893508,0.8195329840368877,0.3920736704609654,0.6637868934466025,0.8771051099915401,0.5836271305776433,0.17713363128229553,0.6003751708544489,0.4359735967249219,0.7831101405919123,0.6258516482388554,0.9576588154817208,0.6429634440167493,0.46245061523251957,0.6458272533408143,0.8583308997590038,0.6777080780414225,0.1623126373874518,0.053943774605833994,0.052330634960939704,0.003783331644901633
2023-03-31,2023-05-01,-0.008052636173112915,0.01520999024114622,0.009672276200434426,0.009496396665057638,0.7379790824005545,0.9006948503830581,0.5788495876512401,0.3680556255254396,0.5966610158865604,0.9493275563909775,0.5218375589221727,0.47032946523792996,0.8849813547194765,0.7184075697302004,0.2190277623844033,0.6469181903162718,0.5591871288401062,0.6458381240668106,0.4369786490998523,0.8752032869471127,0.9631678941161427,0.48973368241014914,0.7907150133665991,0.8849973475191532,0.709710269306226,0.2038646971980325,0.59122659301886,0.4966849421491907,0.2689265536723164,0.505363768627394,0.7664353454262021,1.0,0.6555250579173358,1.0,0.82651345463,0.4969144539432712,0.1888199709019733,0.6023832945545633,0.49201078395686315,0.48821779137639904,0.612194160941457,0.851219638603441,0.8446547488619944,0.3982581904963911,0.6644202125160228,0.8777865158714351,0.6311843103126593,0.16531728459287945,0.6245860298030099,0.5078759337045309,0.7628963607376683,0.7223198004328668,0.9727285125351237,0.5339936568143525,0.3702553408819412,0.5500648163479925,0.8676788740711197,0.6941614582932774,0.1410896439047693,0.0556915972974118,0.04453489576170855,0.022332160513261923
2023-05-01,2023-05-31,-0.05465881667525763,0.005500537054872412,-0.029059207720560587,-0.024152106677742702,0.7915030795092836,0.9350566092319417,0.7614074114264017,0.5149810287803818,0.6787902388706717,0.9473684210526316,0.6375107289570858,0.44850422732680023,0.87894122598,0.5762290239326693,0.186704173668316,0.6720206880663936,0.5626389809896319,0.7947207899634361,0.5354067338108821,0.9016278779998684,0.9619956161126162,0.5849010586124845,0.7352426119524262,0.8789055032131389,0.5581903406274465,0.18221051856160592,0.6180342637357135,0.5613754420328364,0.2689265536723164,0.5130667018172569,0.7664353454262021,1.0,0.6518513609535028,1.0,0.82651345463,0.4969144539432712,0.18712532560020348,0.6176200958635495,0.527411050861033,0.4807450544876103,0.640950147329528,0.8551688732004701,0.8360567246741823,0.396781935558286,0.6241948774665578,0.8789151962757715,0.6313856117597467,0.15899096758750383,0.6062734140096141,0.5650594909573233,0.6017993176016339,0.7808227238018326,0.9812509924246559,0.3918179181911076,0.12887448687845127,0.3272004342622402,0.8581384702919339,0.6877078848944433,0.12821900076359682,0.05398642433068013,0.0544005922028441,0.06574727405677949
2023-05-31,2023-06-30,0.06171007050882005,0.0650987042481066,0.059884269639444154,0.061895877337179606,0.7797595870099572,0.9156823095436506,0.4876441515650741,0.5951624139897499,0.7425053041285116,0.9698113207547171,0.550730091736703,0.5424930421837106,0.87740955979936,0.69440734557596,0.169064268922255,0.6892773151482026,0.6030082056092844,0.5646889254237691,0.6321842084109401,0.9212673838799355,0.9782437598741562,0.5008336412934522,0.8572736319113521,0.8774688052488417,0.6850341726021831,0.16091947414959315,0.6257436564725176,0.5720351904294111,0.2689265536723164,0.5372142540949808,0.7664353454262021,1.0,0.6534727752631398,1.0,0.82651345463,0.4969144539432712,0.18181286409910422,0.6280425707093209,0.5483969768822234,0.4835989157380073,0.6695006964936003,0.8607958901151147,0.8275266379400292,0.37859892679715373,0.626306436491874,0.8807170776760184,0.6069412878029166,0.15270984677140792,0.5990905666707987,0.5896162045369863,0.42931427396864114,0.7908445550546803,0.9663854802685108,0.40705455288731435,0.10431040275419785,0.33417887430478366,0.8470951392546369,0.6814008933589242,0.12601419788797033,0.06353365867568495,0.06123474443888166,0.09018674847740382
2023-06-30,2023-07-31,0.037451553728641285,0.03290116440760227,0.03271418994934261,0.031553773659667606,0.7958291716087396,0.9065682863437401,0.6363184785694007,0.6355422546708349,0.7455640374745364,0.9530791788856307,0.7170242702424499,0.5588843948590798,0.87725441456704,0.5621614942647088,0.16018070397241632,0.6651051807119361,0.5397136213874814,0.5673769030757406,0.6415137648705744,0.9218730263451436,0.9781029421251506,0.6417458643536712,0.8893186738677485,0.8772278066733845,0.5379755255905256,0.1588669717284736,0.5976583297801201,0.5005315877124179,0.2689265536723164,0.5402858475045149,0.7664353454262021,1.0,0.6556255746609716,1.0,0.82651345463,0.4969144539432712,0.18113711354900672,0.6049693724210518,0.4905250261248916,0.46952857790438407,0.6649011022798073,0.8602575715137981,0.8448144792810905,0.4066782132340826,0.6324020890294828,0.8822552889113598,0.586049256106514,0.15372175749844239,0.5864881781489114,0.534233565400597,0.40437566340083547,0.7760395239453304,0.9577901976403289,0.5519140265111446,0.23721324619836295,0.4211249349209389,0.8577166738160578,0.4935897043722533,0.1292713047320273,0.06744685093181602,0.060135808290884385,0.07861700256302473
2023-07-31,2023-08-31,-0.02571576290823585,-0.01628305766969229,-0.025163271523478525,-0.02243751495571733,0.79438349430773,0.925343993390515,0.7340855272322053,0.606645516750524,0.7003303387065816,0.9317211948790896,0.5301109963222349,0.4142291858101471,0.88270942250288,0.6230346675941366,0.1665379863148847,0.663070692084601,0.5469870974984057,0.6718519049525667,0.6099584823761814,0.9075293652818803,0.9672469496090605,0.4865018046020469,0.7268596254175075,0.8825850682341104,0.6040904375510671,0.16580913387724006,0.5948859977898591,0.4940046590906755,0.2689265536723164,0.5386057856106543,0.7664353454262021,1.0,0.6574667665452798,1.0,0.82651345463,0.4969144539432712,0.18150672716565602,0.6079740469956263,0.49745316318630917,0.4682176065747159,0.6578467543878159,0.8583810616118843,0.8498773171205745,0.3866497250555325,0.6417731886574265,0.8807996373035999,0.615781580314823,0.1552737140346805,0.5877686498576763,0.5262006547602606,0.494847001435576,0.7836188680060248,0.9676724966891491,0.5016563572769176,0.11440134268980871,0.3652720555480199,0.8581405872266988,0.6122938070719401,0.12760384903867455,0.06818469429474194,0.055096645088974716,0.07530204222692471
2023-08-31,2023-10-02,-0.054443121527828486,-0.047512233210475374,-0.051539947155689436,-0.04845062903720243,0.7934898396967938,0.922031142612817,0.7340855272322053,0.6095267444240784,0.7003303387065816,0.9317211948790896,0.5308139291103006,0.4142291858101471,0.88270942250288,0.6230346675941366,0.16590411622670273,0.6398588414406368,0.4851382700000741,0.6712816565386488,0.6216046605227324,0.9074389778216604,0.9672903853472665,0.4867748770467024,0.7258042139240998,0.8826464382426703,0.6037373367482356,0.16324697468499885,0.5824670149550032,0.45730752647628065,0.2689265536723164,0.5541124549468743,0.7664353454262021,1.0,0.6596907780070566,1.0,0.82651345463,0.4969144539432712,0.17809525991168762,0.5903079098244814,0.4489923257946251,0.4690153838082796,0.6697942887257013,0.8586051105664094,0.8496400802211368,0.3865822274765366,0.6411971431685036,0.8807935880470225,0.6158262864619496,0.1526452564803457,0.5817136054002826,0.48589109561512284,0.3570486564365358,0.766446939551444,0.9487290624975822,0.6829140565351599,0.20046439873495842,0.5195032329106577,0.8671641723484873,0.5926935632862673,0.1313816732986823,0.05739182648563357,0.049550931616155314,0.058145236040354153
2023-10-02,2023-10-31,-0.0202425054960349,-0.021646655256350567,-0.022230191359020712,-0.017720932190650185,0.7975801293712711,0.9060174406437213,0.6268630728513724,0.6539765772538718,0.7462902115811036,0.9544807965860598,0.7198052617568667,0.557523012416016,0.87725441456704,0.5640721380566098,0.1561251530041482,0.6549633836124269,0.5050019343544666,0.565320859382221,0.6635198808748508,0.937451215375046,0.9782773707469066,0.6430818937111232,0.8881120904228313,0.8773219552878397,0.5360504721393317,0.15402562620753282,0.5959591690525858,0.4856509581147744,0.2689265536723164,0.5619585810143555,0.7837819846811157,1.0,0.6600787445145292,1.0,0.82651345463,0.4969144539432712,0.17636911217684179,0.6015296435518234,0.4724605150243272,0.46968265578440177,0.6782209063101952,0.8720837710513195,0.8493100599473165,0.39953490308640194,0.6436854339254212,0.8808790881265971,0.5995994082395915,0.15079140061175705,0.5983330143214648,0.5108400480470902,0.3960307109828467,0.7959836602800706,0.964902121483658,0.6718381685005117,0.34866798948685745,0.45472561980302795,0.8716461904997628,0.4945516305562202,0.12488359473838447,0.05900421455984106,0.05343374006060353,0.0566303692909621
2023-10-31,2023-11-30,0.07356006605135623,0.09170407131401781,0.07491760124736224,0.07533362249571107,0.774346992581386,0.8772508738224404,0.49174676138738016,0.6865836223276828,0.7630232474668909,0.9601706970128023,0.5796728292684734,0.5088132082150111,0.87960920234612,0.6247941323894965,0.14895160308790978,0.6727518138039542,0.5702698427755648,0.47760293439987844,0.7023174453125034,0.9424444893020183,0.981155934980317,0.5243254559646119,0.7884773624727859,0.8796699976942665,0.5961565827688625,0.14549016203124926,0.6242448092266328,0.5543534168820372,0.2689265536723164,0.5674407572457771,0.7837819846811157,1.0,0.6610072355936087,1.0,0.82651345463,0.4969144539432712,0.175163033405929,0.6229422236763222,0.5264381484750411,0.4679430943066111,0.6869131172676725,0.8712941649546504,0.8514732365413715,0.4071412728686893,0.627952668539669,0.88139504593002,0.5775707435577437,0.14887911420111205,0.6134056679468106,0.574007937285172,0.4555163993225061,0.8128050115646482,0.9689505728729008,0.5577774023643463,0.26380494534164484,0.4201569341596763,0.8610572769427361,0.458224927648482,0.12118289745577739,0.04850700457732138,0.049809590127631975,0.059346145857143595
2023-11-30,2024-01-02,0.061443799676078825,0.03910637581009313,0.05898331598271089,0.049213365409473075,0.7517524803509931,0.8059942239975535,0.5305386176554071,0.6871370104280902,0.7455543422448634,0.9690807624633433,0.6323217442915149,0.5739660879248898,0.8784772398530694,0.5743096126361746,0.14882985770582016,0.699712183222204,0.6295443777467533,0.4998198990842909,0.6868588885060594,0.9375164835304293,0.9855604922516199,0.5724467690643179,0.8761794020237788,0.8784785596347607,0.5501302958169239,0.14889104452866694,0.6421415647363067,0.5991402707152512,0.2689265536723164,0.5666073015258167,0.7837819846811157,1.0,0.6634743591328504,1.0,0.82651345463,0.4969144539432712,0.1753463936643203,0.6443271472564601,0.5772844164378322,0.4769195032001852,0.6831318764128562,0.8695894561997854,0.8601403525368618,0.41849985298954373,0.6296774750302849,0.8817431431547534,0.564890647448977,0.14971098718917164,0.6350847208026688,0.6275434373932924,0.44826577562678627,0.8092652833106204,0.967692666167294,0.5666552809436818,0.2676535732194874,0.43912983940824907,0.8606680260718702,0.4539754279079022,0.1219616376716635,0.057570618485897285,0.055385035965743845,0.06462746241953521
2024-01-02,2024-01-31,-0.0032908611643072128,0.02260321437167434,0.0005546993960097168,0.010054079407407768,0.7634944168573379,0.8066850292540824,0.646137711557935,0.6811612920477812,0.7448327185098174,0.9515885022692889,0.7291501882979311,0.5602527566323204,0.87725441456704,0.5602255413095079,0.15014451574948814,0.7360168913047591,0.6969480827153908,0.5664538014065903,0.6890317133942871,0.9389384158834466,0.9782011692842626,0.6530336260445326,0.8890571621023953,0.8772646283142669,0.5375824560951443,0.14841302305325682,0.6761344523240762,0.681184772468668,0.2689265536723164,0.5719232806040114,0.7886637969175354,1.0,0.6669224222510565,1.0,0.82651345463,0.4969144539432712,0.17417687826711747,0.6739584541860537,0.6512472624635314,0.4683124304311591,0.6932601526463659,0.8758132649027406,0.8486236714688843,0.409220721665568,0.6260956318564388,0.8810812950984674,0.5814490696687864,0.1474827664177995,0.6604464088048398,0.7117365248084039,0.3305121447185898,0.7996717393960485,0.9589425602318513,0.6112453731897087,0.26121794526149694,0.45473125742630577,0.8579510163517128,0.4678239431909571,0.12407221733286933,0.059882438980682906,0.0620584371187054,0.07557048249991927
2024-01-31,2024-02-29,0.028648667813853113,0.052070639048430456,0.034621865733983626,0.037474425825773094,0.7672853588352425,0.8372482643869414,0.5516224188790562,0.6920054654773504,0.7414259636919204,0.9687500000000001,0.6474913112964702,0.5868883141029257,0.8781245694334799,0.562771285475793,0.1477587975949829,0.7460632713936559,0.7404467197913,0.5019494492473118,0.6978285762217062,0.9323871151588601,0.9864277120594986,0.5805686516374696,0.8899568997562944,0.8781216838440127,0.5423596010903418,0.1464777132312246,0.7043087315594527,0.753380769594986,0.2689265536723164,0.5750150957736186,0.769090601982894,1.0,0.6678576832166507,1.0,0.82651345463,0.4969144539432712,0.1734966789298039,0.6947760006623978,0.698200178502318,0.47384135617449963,0.6946820895854569,0.860379845308121,0.8649834773090392,0.4573179931175487,0.6540619397609884,0.8804042635867587,0.5330342809446212,0.14716994029119948,0.6885469431114076,0.762783701433895,0.4643190007607941,0.8274371015780728,0.968198775064337,0.5359584857541617,0.25116508620440403,0.41119680760729255,0.8587467435815268,0.4573235549850416,0.11796383765282399,0.041754539834203186,0.05128727073125816,0.057516328282248286
2024-02-29,2024-04-01,0.045123388779348295,0.031447485672433606,0.035502392658411486,0.03155387157820977,0.7737049262348936,0.862680672828308,0.506244828583828,0.7149302751140273,0.761828209674965,0.9574435703479576,0.5840128525134537,0.510648450599215,0.8796115494877403,0.6220930697872077,0.142715339474914,0.7222639437498091,0.6876493039079548,0.47964319743303363,0.7201600267754997,0.9375754315452429,0.980758461018244,0.5222030724634865,0.7871625649352723,0.8795957008555509,0.6028151257993194,0.14156479410939005,0.682821418561754,0.6992119974989885,0.2689265536723164,0.5790618263048402,0.7636359190830388,1.0,0.6663815558524515,1.0,0.82651345463,0.4969144539432712,0.17260639821293516,0.6716604539151165,0.6385948556946569,0.47354616522474746,0.6999304792584511,0.8573504608302974,0.8654005607799731,0.4207354516402876,0.6426910297509717,0.8801392738471842,0.574996323714523,0.14601529456314075,0.6678711730488516,0.7057404744952407,0.37851570454688,0.8311284477371482,0.9613336940264906,0.6337715740999671,0.3646359218486658,0.47635806457502977,0.8496802386984418,0.34382292320011126,0.11715174149782738,0.03944252518805502,0.05060348983469254,0.05439277070095749
2024-04-01,2024-04-30,-0.03254253087734682,-0.03882763398235034,-0.03536475743184786,-0.03836704340163932,0.7694953718416744,0.8511317751799911,0.505822363662665,0.7199425540130363,0.7616843059871651,0.9576399394856278,0.5772871292800703,0.5112932343538653,0.87960920234612,0.6217518838296417,0.141612638117132,0.7095063608974936,0.6563970262447902,0.47976271601822695,0.7186731896216623,0.9375958259727444,0.980713821743534,0.5210115284712648,0.7867986471533954,0.879598111015296,0.6029117349818806,0.14189189828323429,0.6638684308904561,0.652364294823253,0.2689265536723164,0.5764542417789504,0.7636359190830388,1.0,0.6701606470534984,1.0,0.82651345463,0.4969144539432712,0.17318006680863088,0.658116807964369,0.605013740973049,0.47415523875543797,0.6992765585336544,0.8576219698493389,0.8646586439215022,0.4204832338820409,0.641927976229586,0.8799893262404622,0.5755654839308357,0.146159157122596,0.6494441725561234,0.6623304476763445,0.3439625425211265,0.8274894973361648,0.9592821360305036,0.6696128165052494,0.4094945937339151,0.5000775128243926,0.8343829061556152,0.299191083313843,0.11795231058604372,0.04563793000703753,0.05138955293312464,0.060062188341370226
2024-04-30,2024-05-31,0.025920218397212036,0.05025678911292086,0.034715203656956684,0.03502574877262732,0.8010343555241431,0.9172162771001535,0.5625177405620208,0.7310339042004332,0.7844510115502048,0.9296187683284459,0.5976830836173799,0.41095371951413606,0.87716503902336,0.6755081447311517,0.13917254107590468,0.7220143505998188,0.677531163870477,0.5192560090809795,0.7325081470150446,0.9447032549320651,0.9673679011865415,0.5394082824625953,0.6854159886496223,0.8772347373503515,0.6541348271029443,0.13884820765669018,0.6845554808390715,0.703066802037648,0.2689265536723164,0.5798723528877902,0.7628111658686706,1.0,0.6695853377665644,1.0,0.82651345463,0.4969144539432712,0.17242808236468615,0.6692745571235876,0.630228994461588,0.4711498925247182,0.6985068350023422,0.8538011247363733,0.8660427385497895,0.4170852942423341,0.663008466333374,0.8796347389477662,0.593331369912231,0.14632849629948472,0.6817971609825502,0.6991348234562629,0.4124065167988233,0.838208127295683,0.9660382622875877,0.6621877824048117,0.3490799653901403,0.42923356304510146,0.8728494536767631,0.5428131857794154,0.11559421199494974,0.037458869760747304,0.052739793476231145,0.04021718961726861
2024-05-31,2024-07-01,0.0025287233587387714,0.038052997672880284,-0.0004264155035867967,0.017323445634628287,0.7588473267672846,0.8421487471079303,0.5009762078692324,0.7171272526101942,0.6619173009267006,0.9286987291981844,0.6449776179896227,0.48948579420732297,0.87856310329649,0.6405920662527598,0.14223200442575729,0.732482124923281,0.7249346493638122,0.4739641904407436,0.719348178157603,0.8998740955496765,0.9681392724248216,0.580352462972386,0.6997220178054089,0.8785436204221995,0.6179132670000567,0.14174340080532735,0.7021034250979352,0.7474868688899499,0.2689265536723164,0.5801237404883159,0.758710426601121,1.0,0.669354295262947,1.0,0.82651345463,0.4969144539432712,0.17237277709257048,0.684041418912076,0.6677386728702247,0.47586142139522525,0.7052792457970236,0.8537624240463411,0.8646261035843026,0.4596511708433355,0.6507773543041333,0.879746468579596,0.538660628899662,0.1448385659246548,0.6746628943342856,0.7448983486718772,0.35401964423473664,0.8260171843665158,0.9625114619470878,0.5725879999504266,0.18329478089431686,0.35305513555542734,0.8590737311919651,0.5812179549723633,0.11827621943936652,0.0303786998253458,0.04844070601120498,0.05781923058899541
2024-07-01,2024-07-31,0.03771202767853987,0.009276263787743932,0.04601416575913153,0.028815273984588607,0.7569998644676053,0.8427132427519186,0.4653189642702159,0.7093118043901954,0.5910460960135971,0.9334341906202722,0.6771110700271914,0.5804953318372559,0.87627951720152,0.6725815980679735,0.14395140303415702,0.712478050588864,0.6737059776556074,0.45737866965472496,0.7131154769833344,0.8795875024499021,0.969369681545267,0.6035558590651409,0.7341971914834224,0.8764302174543431,0.6569827872544876,0.14311459506366642,0.6697908013870657,0.667682931110095,0.2689265536723164,0.5770635987050252,0.759894902238147,1.0,0.6685122890122667,1.0,0.82651345463,0.4969144539432712,0.17304600828489444,0.6649328215064313,0.6191836527817555,0.47938989960638717,0.704977907342949,0.8555249505485587,0.8671886667942544,0.4558235752973723,0.6490233007695502,0.8802558608866795,0.535227881195351,0.14490486038455122,0.6505463192447802,0.6793104569587247,0.36637810760531375,0.8331699628431589,0.9668588262232103,0.5525978454473102,0.15211178191494973,0.31350049031787414,0.8603644888798041,0.6683923376061077,0.11670260817450503,0.04268724920179834,0.04754522908243275,0.06193173134408381
2024-07-31,2024-09-03,0.02369727753689088,0.003221841877447673,0.014871582555116225,0.015999810150491678,0.7935945053594105,0.8953714684725624,0.5709171126862438,0.7382725501902505,0.7838574474047278,0.9273827534039333,0.5907743579229392,0.4119428869501275,0.87716503902336,0.674322909648732,0.13758003895814488,0.741992419653021,0.7255116471257571,0.5202263557795961,0.7347427269780398,0.9530913650461177,0.9671078475647935,0.5359446560335079,0.6838366158149234,0.8771044330843711,0.6563257799687885,0.13835660006483125,0.6774125500033719,0.689767825090902,0.2689265536723164,0.5636169319071882,0.769016182112692,1.0,0.6715878957121472,1.0,0.82651345463,0.4969144539432712,0.17600427498041857,0.6803844865027918,0.6584518017974561,0.47275151547688365,0.6970807984547256,0.8640347447753514,0.8640559299742483,0.40654646792128274,0.6629856562086873,0.8799895676170483,0.5901827922551076,0.14664222433996035,0.6977047665854914,0.7211827174519576,0.4357594969803518,0.8439160135759398,0.9751317496388165,0.6660655928170858,0.36066832793008097,0.41464840489312516,0.874255578645754,0.6036550636284983,0.11433847701329324,0.06457986964964912,0.061607933150229166,0.044287653067529575
2024-09-03,2024-09-30,0.015344832216839466,0.042859850783181,0.02699479418583217,0.02318829728709826,0.8080951121948268,0.9343883413914778,0.5625177405620208,0.7346156249367547,0.7842976797986076,0.9296187683284459,0.5901753598728507,0.41095371951413606,0.87716503902336,0.6755081447311517,0.13838456251391396,0.7574775950712985,0.7631411068348792,0.518952547143132,0.7388562044026418,0.9528839577468586,0.96746789405861,0.5356321878536598,0.6861606674970335,0.8772735656110414,0.6537061168442493,0.1374516350314188,0.7040615479410433,0.7549894869742593,0.2689265536723164,0.5660680031433984,0.7693096173728315,1.0,0.676576933643671,1.0,0.82651345463,0.4969144539432712,0.17546503930845234,0.6964261189446097,0.6975174044063082,0.4744566336775848,0.698066636296387,0.8617169413640721,0.8650254725022513,0.4464156761263893,0.6729268760599125,0.8801794551248227,0.5530477169986211,0.14642534001479485,0.7190626667079508,0.76773096605479,0.44551107419553226,0.8567088412990083,0.9789301556197483,0.6533139511863385,0.35965287573021254,0.3953764270825167,0.8738405245741357,0.6408603792514054,0.11152405491421818,0.05341604713025527,0.06105147612668882,0.0384149283633477
2024-09-30,2024-10-31,-0.007195897495050008,-0.009475553362205846,-0.015178533698265162,-0.0062993610459807226,0.7994650032154278,0.9114248398950507,0.5625177405620208,0.73908253186708,0.7839632371938838,0.9296187683284459,0.5889254067280842,0.41095371951413606,0.87716503902336,0.6755081447311517,0.1374018429892424,0.7681100734866446,0.7879353722825786,0.5205367334370405,0.7421369469746675,0.9532226588122086,0.9670365505299201,0.5373148214378944,0.6834910943486712,0.8770613904043477,0.657189890662447,0.13672987166557315,0.7073149815382129,0.7629523814079008,0.2689265536723164,0.5664978479903431,0.7693096173728315,1.0,0.6767793308541764,1.0,0.82651345463,0.4969144539432712,0.1753704734421245,0.7073271630352244,0.7196922234970584,0.4829966240147825,0.7118828851716448,0.8710876286201366,0.8589717546814761,0.4584991507110427,0.6597142798362503,0.8799663690121896,0.5399689082434893,0.14338576526223815,0.726991734745038,0.7814271613497746,0.515886656246354,0.8740945649603427,0.9872360111971465,0.579377609981607,0.32066170414885453,0.3519287164849416,0.873506212756595,0.7047668795243808,0.1076991957087246,0.06079509194843169,0.06078291045142026,0.04111833874160664
2024-10-31,2024-12-02,0.03899829779197761,0.06187466890606008,0.051298071811282764,0.04369130999813553,0.8103096691850775,0.9389685836995749,0.554429586293356,0.7419171914038118,0.7843124907199508,0.9317211948790896,0.5886455810234156,0.40996959732734023,0.87716503902336,0.6766778849596449,0.13677821789116137,0.7533311359776294,0.7514297290313908,0.5181884857843533,0.745855549517155,0.9477670127657873,0.9676308789904235,0.5357763011598682,0.686842934883568,0.8773768781295049,0.6514067712254457,0.1359117791062259,0.692262623734285,0.7283870928609193,0.2689265536723164,0.5678772528210242,0.7452377525227032,1.0,0.6774036492227331,1.0,0.82651345463,0.4969144539432712,0.17506700437937467,0.6943327179515164,0.6887150682759187,0.48099740669869184,0.7133707086061332,0.8622051331918728,0.8591540540589765,0.45820174900431426,0.6603246916908878,0.879957005112111,0.5377871331220417,0.1430584441066507,0.7127343938975655,0.7496901164686776,0.4451473024821098,0.863846178834742,0.9765778804400007,0.653779989829962,0.3611265091256576,0.3960864979701553,0.873860701370047,0.6394803973133758,0.10995384065635674,0.06106851224334431,0.05899841802611294,0.04059674208006381
2024-12-02,2024-12-31,-0.05930861944101151,-0.02608146399108391,-0.05310639388988958,-0.04603520917110371,0.7888819592049697,0.887178167962258,0.5625177405620208,0.7463362691006541,0.7521813811946318,0.9296187683284459,0.5891013874348165,0.41095371951413606,0.87716503902336,0.6755081447311517,0.1358060207978561,0.7412106772512255,0.7204131398354383,0.5199955667945679,0.7452402109819045,0.9475964674904717,0.9671961118484904,0.5386598139604466,0.684567097383558,0.8771337804850186,0.6561676232829031,0.136047153583981,0.695757474326048,0.736320894340126,0.2689265536723164,0.5699942877790243,0.742173606396372,1.0,0.6826234960086438,1.0,0.82651345463,0.4969144539432712,0.17460125668861465,0.6869454567895996,0.6684325803942262,0.482426846218864,0.7159737209611745,0.8626234086351372,0.8583921901806024,0.46396029606214,0.66063882476915,0.8796875108728393,0.5386955664294167,0.1424857813885416,0.7066755793550052,0.7339607502600136,0.4459099301093426,0.864572693496952,0.976631891930738,0.6527410040507542,0.3629621287848929,0.39454103961114523,0.873815228935341,0.6424243282280158,0.10979400743067055,0.045453202925177516,0.05426522046162585,0.034535097896220224
2024-12-31,2025-01-31,0.027305804093038066,0.026948331986296425,0.03318756367555009,0.026477497388636806,0.7662999717300769,0.8333836900135734,0.5873545273914276,0.7445452965785873,0.7619326348018217,0.9237536656891496,0.5555844759548534,0.3788659732016876,0.87657457949484,0.6629049197882988,0.1362000347527108,0.7282804794415287,0.695268961283662,0.535228966973937,0.7437283676971413,0.9207085534146273,0.9646387148036378,0.5106780458997132,0.67509726448264,0.8766412144364212,0.6405151221497559,0.1363797591066289,0.7070517242276686,0.7580360308915159,0.2689265536723164,0.5758233517951017,0.7739742147898228,1.0,0.6797254366468726,1.0,0.82651345463,0.4969144539432712,0.17331886260507762,0.6889542086511802,0.6730356745860566,0.4858544759147201,0.7203960900840263,0.8678223513997111,0.863336349815315,0.43958042178651713,0.648650956471253,0.8792903276992775,0.5363313064820701,0.1415128601815142,0.6940226979142103,0.7372543086768806,0.39834001341136055,0.8431451917185852,0.9434230534997412,0.6694872463084165,0.3471338840748974,0.44685667628430387,0.87172125844066,0.498254400850597,0.11450805782191126,0.02122875521386014,0.03932627079034856,0.0342577815273184
2025-01-31,2025-02-28,-0.0162141535015905,-0.012650687432651297,0.005520932048873606,-0.006763825430610493,0.6944881687780707,0.8853297092456612,0.14664885326207971,0.5183549493646061,0.11193588061805507,0.9936102236421726,0.7576795204480682,0.8087796443920654,0.8064652334892,0.5586709512108039,0.18596191113978663,0.7186033157907797,0.8267810907882418,0.23294963223667595,0.532429239825273,0.6989897474332364,0.9972119610405046,0.6811658371896294,0.9443341302237822,0.8075338933392383,0.536951849550183,0.1828655672384399,0.7306391353041939,0.8168143011766194,0.2689265536723164,0.5863650615151226,0.7537219840494825,1.0,0.6751104945081887,1.0,0.82651345463,0.4969144539432712,0.17099968646667302,0.7161278352985578,0.7405353488808779,0.47428918670083675,0.7293529763838907,0.8580993190080799,0.8530339582198756,0.40660141982311604,0.6507350444955702,0.8790661241241833,0.595160141296617,0.13954234519554404,0.7011414577179222,0.8071145284264354,0.5147545357525992,0.8695982503430693,0.9778340472167112,0.3618473943831181,0.10934233600428768,0.3119104611757089,0.8492437845604357,0.6784990804721446,0.10868838492452478,-0.012035819513414148,0.0024754804922219042,0.017461858072857495
2025-02-28,2025-03-31,-0.04424603333096744,-0.056080153093511,-0.028979459052845047,-0.03646768546752133,0.7049978137960806,0.8061125138915617,0.32759655973451335,0.6172416271804768,0.24591643390238083,0.94479390625,0.7644813083430289,0.6487327225484074,0.8443747694869831,0.7702045959933221,0.1642068420202951,0.7286345905324189,0.7623696350011915,0.3517124600275079,0.6318494013366358,0.7475148344348745,0.9745142702135363,0.6928950239224569,0.8074255242077506,0.8477829824704005,0.7679299301715226,0.16099313170594012,0.7117959707022243,0.7650422028828602,0.2689265536723164,0.5908598985949921,0.7671397829802399,1.0,0.6858939673365965,1.0,0.82651345463,0.4969144539432712,0.17001082230910172,0.7105226692081332,0.7202648708198189,0.48374236469210263,0.7422348255583624,0.866136270729922,0.8612552074888503,0.4218652493283206,0.6337527193688437,0.8758549754362484,0.5700288495949621,0.13670833837716026,0.6914081734639113,0.7801999177163683,0.44419356230543233,0.8648874999092413,0.9682302949963819,0.4237171617346527,0.15366293511526127,0.34585378085553786,0.8487430193809711,0.6793365687775192,0.10972475001996691,0.016838619830194523,0.01811192132428563,0.0372264170685076
2025-03-31,2025-04-30,-0.03110924194673592,-0.00811420254972095,-0.0245565413802864,-0.04196306314093701,0.7339821734193995,0.807531652170894,0.5162586500300663,0.7200931987045505,0.4725729718105623,0.9181560063897765,0.6422488337449107,0.39081340287539107,0.8779496097265168,0.711636994518304,0.14157949628499888,0.728416549337763,0.7399585107862945,0.4437158283497316,0.6700621172164297,0.8476321498590055,0.965444167454357,0.5890555798719677,0.6736465911410003,0.8777765847578705,0.6979603020666442,0.15258633421238546,0.7121062392426878,0.7770618598127135,0.2689265536723164,0.5325904297485268,0.8197130003177773,1.0,0.6985353030005585,1.0,0.82651345463,0.4969144539432712,0.1828301054553241,0.6934078093054129,0.6903379254611661,0.4770540841695331,0.6973042858746862,0.8758456263991374,0.8579121506051918,0.4434833256219171,0.6409998383575404,0.8759677375847073,0.5781132359403014,0.14659305710756904,0.6753774079160054,0.7295072080506271,0.3631764236892714,0.8319073662860337,0.9434822192154986,0.5402560356086674,0.21507873044468398,0.3730505362770573,0.861899789798406,0.7259507336598716,0.1169803794170726,0.01631031009507522,0.035008740032350105,0.053039141421757585
2025-04-30,2025-06-02,0.07522068271878246,0.06899587320586464,0.03206532253734751,0.023629010917151083,0.6824928489635748,0.7523803768237667,0.4499966245865118,0.5045836697029449,0.26784861483845096,0.9919028340080973,0.8798996551225771,0.6248332950705798,0.84250961755752,0.6294610679791595,0.18899159266535212,0.7278522027390457,0.7788809089032218,0.3965717105300436,0.5329286073988924,0.7425614724249763,0.9944577558720236,0.8029996521894099,0.9071924081407577,0.8418600720789065,0.6139004022281636,0.18275570637224367,0.7070963360264582,0.7565624389187361,0.2689265536723164,0.5565275307948976,0.8128147523872371,1.0,0.7048501971038452,1.0,0.82651345463,0.4969144539432712,0.17756394322512253,0.675902394067977,0.6543646972414088,0.4421286496807933,0.7205679677475423,0.8785056983552633,0.8321000988427111,0.435028440136355,0.6279314435898081,0.8758310612437441,0.5863462420018525,0.14147504709554068,0.6690117688244581,0.7266756614787051,0.2559920676566103,0.7812630173490267,0.8808230068837403,0.6330117759107766,0.4016018049733826,0.49742597506609476,0.8173949401127495,0.680727706913938,0.12812213618321414,0.020755866712587556,0.05194980867106869,0.0588404339145876
2025-06-02,2025-06-30,0.043682029400351485,0.045647429872324397,0.025558683917376923,0.031088174901704235,0.6671251119225713,0.7527661497918666,0.2673063084672589,0.5065799053602054,0.30680143680561334,0.9919678714859439,0.8329863272082859,0.7169264230461131,0.82405763002892,0.6216262901066633,0.1885524208207548,0.670042101448577,0.6600566320439422,0.2970758870644982,0.5339768331766375,0.754464209832806,0.9944851265646131,0.7692306531509038,0.928584661613817,0.8232839182571792,0.6259196667489209,0.18252509670113976,0.6584229584460048,0.6261065278463693,0.2689265536723164,0.583858635263814,0.8036550062475258,1.0,0.7106571782937876,1.0,0.82651345463,0.4969144539432712,0.1715511002419609,0.626875131712717,0.5173564984558513,0.474904056416376,0.7263773172844132,0.8740733803261739,0.8325918754198328,0.41854664571780065,0.6344004634889886,0.8748697442460691,0.633741753986132,0.14019699019742907,0.6512523694918138,0.6081570934374233,0.4112571116504089,0.6753520439126379,0.8445990818488601,0.7585614467589068,0.5206523503718528,0.6494078658584193,0.8325259825646485,0.8140655582251072,0.15142255033921964,0.011619143002572163,0.043166969735859984,0.018789731956763256
2025-06-30,2025-07-31,0.012793733694944631,0.022868463946363438,0.0042046677103759755,0.020658223659737462,0.6886208514353993,0.7322865425966857,0.4497082532294513,0.5621323306699118,0.3782486519874996,0.9894598155467722,0.8857126517475227,0.6111288513428972,0.84250961755752,0.630931800280287,0.1763308872526194,0.6888750167232671,0.6649644219423252,0.3932319463417797,0.5733871282271534,0.7639279993193216,0.994421797690704,0.801625357595029,0.9074727942257024,0.8412902063817898,0.6151904685801339,0.17385483179002623,0.669096263071302,0.6487133620028076,0.2689265536723164,0.5964331481811416,0.8015858317220671,1.0,0.7105146050179932,1.0,0.82651345463,0.4969144539432712,0.16878470740014884,0.6315984771468536,0.5255305422424474,0.4486281158971509,0.7307782092857489,0.870990122983317,0.863249701764232,0.44829342389638405,0.6602276884209353,0.873663125746184,0.6026595956870955,0.13922879395713525,0.6607941230959911,0.6552756965674662,0.4899521696624106,0.639093662081197,0.822165136569404,0.6888193324426664,0.4746808306516171,0.6545951054927077,0.8328924050487592,0.7706044665513978,0.15939939434213665,0.01977875365196513,0.05727653957641354,0.02808089362727606
2025-07-31,2025-09-02,0.016893102413314764,0.013235461192541598,0.027751419709006075,0.012335881035135277,0.6952968579484979,0.7448459662838681,0.4494203289296307,0.5762248004636776,0.3813141336051688,0.9896373056994818,0.8723024293059539,0.6103850017248523,0.84250961755752,0.6323834302207407,0.17323054389799092,0.6545474923015056,0.5695742417878779,0.40438248834466867,0.5880258950627912,0.773307752678275,0.9946210808448755,0.8079228931808438,0.9074770144510944,0.8432890347002369,0.608978430249637,0.1706343030861859,0.6253212350740114,0.5411004926937996,0.2689265536723164,0.606261945402268,0.7635442903862089,1.0,0.7149304089527739,1.0,0.82651345463,0.4969144539432712,0.16662237201150104,0.5927294845006845,0.42799164937329026,0.4501802972603013,0.7402454315969693,0.8501729395657089,0.863010497257471,0.4510317876393042,0.6590120417651917,0.8733936659584157,0.6005972415981966,0.13714600504866675,0.6179423376200136,0.5437167506782787,0.4963357925869023,0.6452511317970813,0.7897612832950989,0.702251937005016,0.50094195441609,0.6746938345564008,0.8300890695824913,0.7548889622181545,0.15804475100464213,0.029226257227494168,0.06181800780082103,0.03660515468149195
2025-09-02,2025-09-30,0.04402092169357208,0.04318139932251053,0.01911613353723096,0.04056898249366814,0.7006383113662304,0.752655250126968,0.431125613853709,0.5861757431254457,0.4493093882191861,0.9719298245614036,0.8592674610486893,0.6068903040510196,0.84250961755752,0.6525092344157956,0.17104133651240191,0.6254697077130268,0.4968345868636958,0.39721259642123363,0.607258624873397,0.7414104852630908,0.9944809198529885,0.8042376193671655,0.9073316347604548,0.8419953804941951,0.6132618210656207,0.16640310252785265,0.598177277258277,0.4690574017035275,0.2689265536723164,0.6284031757110055,0.735370084565248,1.0,0.7215306247392506,1.0,0.82651345463,0.4969144539432712,0.1617513013435788,0.5726236126707929,0.3546443393891025,0.48809988037960195,0.7486912710970806,0.8124948436604598,0.9174074449551572,0.46787536475724323,0.6844934832680902,0.8770831475911308,0.5831655518128747,0.13528792035864226,0.6130761718169306,0.4680928486118033,0.5594915871761714,0.6752936653600967,0.785852259842931,0.7965114194482057,0.6294764503438977,0.7285103624825431,0.8465564434743087,0.6993624431100861,0.1514353936207787,0.027292430454749828,0.05284609504223392,0.012393535896096153
2025-09-30,2025-10-31,0.03146210808363037,0.023939287535551967,-0.0019192235987941508,0.02813938539057892,0.7043656596905165,0.7578735786244142,0.431125613853709,0.60852270865805,0.4117466460211886,0.9792207792207792,0.8601710570827077,0.6068903040510196,0.84250961755752,0.6525092344157956,0.16612500409522898,0.6075288711613458,0.44485589704852935,0.396927055923859,0.6293909000093156,0.7411861334894246,0.9944619278520275,0.7988186714198688,0.9071666831859557,0.8419207746188586,0.6137548204230489,0.16153400199795054,0.5732642118995321,0.39863971783264535,0.2689265536723164,0.6516450881114852,0.735370084565248,1.0,0.721535152751323,1.0,0.82651345463,0.4969144539432712,0.15663808061547324,0.5397168921372659,0.26782507417346463,0.48764315328867985,0.7716056064667638,0.8145235292900699,0.9066742590296237,0.4852782309733521,0.6832263269577947,0.8819020573998804,0.5557164095804717,0.13024676657731196,0.5898143859288211,0.40716052316668083,0.5648646449053751,0.7011938096706285,0.7865314116854174,0.7768559582631737,0.6056369172559762,0.712843156228816,0.8456621429667183,0.7096732963059308,0.14573736187246172,0.03426465926181366,0.06781197902407987,0.017714485232524724
2025-10-31,2025-12-01,-0.006811714963946391,-0.0024239646814419036,0.015642576062552482,-0.006811714963946391,0.7071059325286294,0.74606546884908,0.4352224095448062,0.6289321084619017,0.4240584957134006,1.0,0.8714444896959479,0.7142979891392309,0.83335409884488,0.5979794035824102,0.16163493613838162,0.6380644158909847,0.5096802166384666,0.4058065413278697,0.6586424844131571,0.7511759660511692,1.0,0.7951316688882741,0.9572301814544604,0.8341705713907187,0.5568927187863174,0.15509865342910545,0.61161350955629,0.48674349049563814,0.2689265536723164,0.6729287505844275,0.735370084565248,1.0,0.7247369889735407,1.0,0.82651345463,0.4969144539432712,0.15195567487142594,0.5704376301431913,0.33248852616380836,0.4939462351423487,0.7918107400294816,0.8203325768586016,0.9120761092026104,0.48481776889636385,0.6960828982413592,0.881108074737214,0.5570630586332331,0.12580163719351403,0.6380644158909847,0.5096802166384666,0.4058065413278697,0.6586424844131571,0.7511759660511692,1.0,0.7951316688882741,0.9572301814544604,0.8341705713907187,0.5568927187863174,0.15509865342910545,0.026450906334694713,0.06762678574779346,0.0
2025-12-01,2025-12-31,0.015531905819356373,0.0054111724426182395,0.007053020856324421,0.008583618260537218,0.6927795484552858,0.7067477130999718,0.4340382613222281,0.6572033701227611,0.4071982285655908,0.9786666666666668,0.8839190344310159,0.6083442010707103,0.84250961755752,0.6740687425517105,0.15541525857299254,0.6004366800711974,0.41053436148951467,0.40516848874886363,0.6699826396244777,0.7432493514243741,0.9946241280416548,0.8019596249853141,0.9073467521209075,0.8434081974193492,0.6088050189573391,0.1526038192826149,0.569687189323863,0.37728632981752835,0.2689265536723164,0.6842471624016327,0.733584101409974,1.0,0.7342160552002064,1.0,0.82651345463,0.4969144539432712,0.14946562427164078,0.5255991366671489,0.22835825238829227,0.48514235008694984,0.7893173728158551,0.8035792140518313,0.9170767233601642,0.447279382820128,0.6819547511028997,0.8811104938642459,0.5693580635569728,0.12635017798051187,0.5888366495585489,0.42691590510038513,0.3089368709260489,0.6473815629668865,0.709696260448669,0.9763348931127305,0.7625752472886782,0.9139834318325659,0.8239630659486883,0.631761749211537,0.15757605614728495,0.030749490747334463,0.07483754340404858,0.011600030512648574
2025-12-31,2026-02-02,0.025993157529924815,0.020011682618234383,0.049361141652193075,0.01693393303000157,0.6932822370587991,0.6943358129828188,0.4366540864133265,0.6684977022451453,0.42572193633020433,1.0,0.8716636473017585,0.7153803927438056,0.83335409884488,0.6186593668511288,0.15293050550606804,0.6123990253553099,0.4367799866618906,0.4127031712739695,0.67973253360946,0.7515122328709092,1.0,0.7925027203749571,0.9560786537050179,0.8358012643995225,0.5542800528913323,0.1504588426059188,0.5900431603501199,0.42529549141193934,0.2689265536723164,0.6924206965287746,0.7327676942276056,1.0,0.7356408502316278,1.0,0.82651345463,0.4969144539432712,0.14766744676366958,0.5551761935660379,0.2979701565642624,0.48816479157603415,0.7883798077477835,0.794942343351267,0.92799034351262,0.44645092083912613,0.7026946380602552,0.8797554455794876,0.5750887143294028,0.12655644229548763,0.6012359064337038,0.4503277297015459,0.3093455207148736,0.6558336263613432,0.7165205844024574,1.0,0.7712030280963578,0.9778436930342729,0.814202413764449,0.5681236672073554,0.15571660220050448,0.022355865005189934,0.05722283178927201,0.011163118921606041
2026-02-02,2026-03-02,-0.0030668255009747014,-0.01313141909605886,0.026142869312801187,0.005425465687391107,0.7074708652128368,0.7370080306873621,0.43550999085803854,0.6753217697758878,0.40081102424449055,0.9783783783783784,0.8858434188374372,0.609078390837037,0.84250961755752,0.6782521633412003,0.15142921064930467,0.5666703847698826,0.32126601862138915,0.41067908383394636,0.6796442645561959,0.7411264155154594,0.9947359497624679,0.8081812244091792,0.9075071205575326,0.8443772383589087,0.6054143982314444,0.1504782617976369,0.5398812808671849,0.2999192028834351,0.2689265536723164,0.6938382732307367,0.7286815515939842,1.0,0.7365253127528109,1.0,0.82651345463,0.4969144539432712,0.14735557988923792,0.5183789184198941,0.20717840899700235,0.48720561209198193,0.7989164243744418,0.8010369997647556,0.9167712658735591,0.4481153794670618,0.6804601919585189,0.8812018059825819,0.567449482818192,0.1242383866376228,0.5531491893392662,0.2832405913878835,0.5588725982692154,0.8003169462632083,0.8096802626707086,0.7566458681698454,0.5286872165715344,0.617534815884015,0.8627595906194439,0.8286832337512695,0.12393027182209417,0.02678910390269773,0.04829146634998849,0.013521195430616473
2026-03-02,2026-03-31,-0.05909784077378266,-0.05044330709722966,-0.05001292941320756,-0.045433200399194074,0.7171246186575925,0.7644712029495214,0.4340382613222281,0.6755908719801895,0.4032321324012365,0.9786666666666668,0.8768311765261767,0.6083442010707103,0.84250961755752,0.658126957016795,0.1513700081643583,0.6012859227061386,0.41557828519821394,0.39753365737497864,0.6648663912704924,0.7350853255553409,0.9945077717065823,0.8196435785416722,0.9075823522360305,0.8420882401512609,0.6125753245768326,0.15372939392049167,0.5810226384941378,0.40184062611131666,0.2689265536723164,0.6931113229645296,0.7286815515939842,1.0,0.7483886060201309,1.0,0.82651345463,0.4969144539432712,0.14751550894780346,0.55630144647111,0.3005033806383456,0.4846382994123027,0.8026860233022538,0.8002455737621703,0.9163418374218454,0.45134963853313914,0.682276195593414,0.8810659643488203,0.571838140837636,0.12340907487350415,0.6162610548431874,0.38594769855750316,0.45881376237907695,0.8015212550613717,0.8098701445216638,0.9639366155638693,0.6874611720203692,0.7167493321517084,0.8732765154411537,0.8300823679590694,0.12366532388649823,0.020263284212000743,0.04498447623502855,-0.014975132137048819
2026-03-31,2026-04-30,0.10225393268142047,0.10548076409418772,0.061909958492449846,0.0603056114723155,0.7299016445169898,0.8091727675902811,0.39347986428676796,0.6655779659691838,0.3983686887690213,0.978082191780822,0.88552869878637,0.6098174724380641,0.84250961755752,0.6640759380773397,0.15357284748677955,0.5638690733102094,0.3251265785400934,0.39300719558561625,0.6574012397176983,0.7328261539736783,0.9944029638301533,0.8277616009244328,0.9072968478771495,0.8412241778584607,0.6156719202658059,0.15537172726210638,0.5473293374411856,0.3176685880783884,0.2689265536723164,0.6914881075427393,0.7286815515939842,1.0,0.7534581777832566,1.0,0.82651345463,0.4969144539432712,0.14787261634059737,0.5247936209962021,0.21760922233245145,0.4983207410452837,0.7975299807496508,0.798585768304202,0.920478588828008,0.4591801383562708,0.6845131132369275,0.8827926330093391,0.5751541908414454,0.12454340423507684,0.5598978981820956,0.27584210931881725,0.505524758109014,0.8188885568110886,0.8153651626364244,0.8301805334790276,0.5691831855514317,0.6196295862658979,0.868086022012,0.8821193227509873,0.11984451750156049,0.016539735869023797,0.03907545231400733,0.003971175128113846
2026-04-30,2026-05-20,0.028301294691510215,0.02611341480778373,0.002454565221283511,0.024332044152325816,0.721062484544155,0.7821152125096217,0.395781088656144,0.6590791682997033,0.41299695712235873,1.0,0.8584443267394741,0.7175668358014327,0.83335409884488,0.6042428489520291,0.15500258297406527,0.5509494935560744,0.2961892533557876,0.39892762202954607,0.654394147136317,0.7414436466724704,1.0,0.7970571620243256,0.9582906988631033,0.8323656089452458,0.559993138231629,0.15603328763001026,0.5385461042056773,0.29578732422990195,0.2689265536723164,0.6924285545987874,0.7286815515939842,1.0,0.7493986085191824,1.0,0.82651345463,0.4969144539432712,0.14766571798826678,0.5194677560054968,0.2016917011918432,0.5011929796292474,0.8024884893173998,0.8033314034030572,0.9195227548246333,0.44231008925085463,0.6848441023616183,0.8827268085234522,0.5858892954703954,0.12345253235017205,0.5548668095192515,0.2765472069025634,0.3622024595457884,0.7888474965651571,0.7890802412189173,0.9580981039621363,0.6069887292187326,0.7425072014205163,0.8523562436569909,0.8157961284939372,0.12645355075566544,0.012403389350397087,0.03148173755057759,-0.003917315963177126
