ETF,DEA_Score,In_Risk,In_Cost,Out_CAGR,Out_Div,Out_Liquidity,Out_Diversity
VOO,1.0,0.2923251041627156,0.1,0.6153486327287757,0.3423625254582485,0.8831307459465865,0.7116529977956378
SCHD,1.0,0.23013867906603538,0.1342857142857143,0.4449570638171577,0.8006109979633401,0.9897505115124483,0.8583402932760109
EMLP,1.0,0.1586115058253561,1.0,0.7199688312748342,0.6600814663951121,0.2140305737498751,0.23035995454358751
USMV,1.0,0.1,0.23714285714285727,0.39657214072097713,0.4238289205702649,0.5825484607635157,0.8201897668305106
VV,1.0,0.3028413082048799,0.1,0.6215488761030993,0.33014256619144605,0.5101507774998104,0.7071799225050317
VUG,1.0,0.4275519531497142,0.1,0.6943921420945453,0.19368635437881876,0.8943549697271154,0.3224215123841341
VTV,1.0,0.19250487047142253,0.1,0.5282903083203351,0.5114052953156824,0.7659400363665312,0.9507715267604091
HDV,1.0,0.11932336414237454,0.1571428571428572,0.4975083750340157,0.6947046843177189,0.525526457704518,0.5889083615153964
SCHF,1.0,0.21544702728285697,0.1,0.5574824356132381,0.7924643584521386,0.8735865058559953,0.8385503238084806
SCHX,1.0,0.3012496539040118,0.1,0.6146140327180247,0.33828920570264764,0.9063883279774845,0.7170132946314881
VYM,1.0,0.19738943330023329,0.11142857142857145,0.5315220001586761,0.5826883910386966,0.652727574514117,0.9832906608979011
VO,1.0,0.29844991799516063,0.1,0.46029046851917654,0.4075356415478615,0.7665800390816104,1.0
MGV,1.0,0.16901051042010748,0.12285714285714289,0.5388433308628399,0.519551934826884,0.33342334742071,0.8809767652011994
IVV,0.9993,0.2945160081921637,0.1,0.6158475028853305,0.35050916496945006,0.8768394161757418,0.6979996440160466
XLP,0.9943,0.16952318546179335,0.1571428571428572,0.27887715840147753,0.6397148676171079,0.7668521587055679,0.1
SPLV,0.9893,0.10480668937857747,0.35142857142857165,0.3263465725290357,0.5317718940936864,0.44122201906644365,0.6600216328710106
ITOT,0.9881,0.3112255899343073,0.1,0.6032332146410169,0.33014256619144605,0.7187125744944306,0.7232977805769679
SPYD,0.9848,0.25444232275440937,0.14571428571428577,0.42127991869451964,0.9900203665987781,0.3792244030590745,0.8834905595793913
VTI,0.9794,0.3105530280607887,0.1,0.6037430489768365,0.33828920570264764,0.804310562803627,0.6940810821912182
SPTM,0.9739,0.29648730081474656,0.1,0.6011500205806782,0.3443991853360489,0.3861842573958725,0.6894478141216096
SCHB,0.9722,0.306576855807946,0.1,0.6037457900216527,0.3403258655804481,0.7223709632213002,0.6664293440311075
SPYG,0.9721,0.4085272409731956,0.11142857142857145,0.7136178304356177,0.21812627291242365,0.687142513580242,0.4145816503963744
XYLD,0.957,0.1794842303446445,0.7514285714285719,0.3944505720332112,1.0,0.24188607003649729,0.4960458397798376
IUSG,0.9556,0.4053686174627395,0.11142857142857145,0.6997344384413872,0.21812627291242365,0.47820400407594665,0.34323425113298733
SCHG,0.9533,0.4362981732506716,0.11142857142857145,0.7152542341909099,0.18757637474541752,0.8577856065870402,0.38695455727918726
SPYV,0.9326,0.24216822248206998,0.11142857142857145,0.4940464354311108,0.4706720977596742,0.6402481577751648,1.0
IUSV,0.9299,0.24876890825661743,0.11142857142857145,0.4898115211900277,0.4686354378818738,0.474408558439407,1.0
DGRO,0.9109,0.1779633504680837,0.1571428571428572,0.5146289409562197,0.5276985743380856,0.6038454423862283,0.8722647425277599
ILCG,0.9091,0.43106131455820407,0.11142857142857145,0.6793301008293336,0.20183299389002038,0.17396252882137653,0.31368484466777113
MGC,0.9076,0.31051525415700765,0.12285714285714289,0.6529036877560118,0.3077393075356416,0.29434125152265206,0.4945671372044307
SPSM,0.9074,0.5207253891815511,0.1,0.4027340094678734,0.4238289205702649,0.4976862608788413,0.8847597792899489
VB,0.9064,0.45831156004188467,0.1,0.4719728015259702,0.3729124236252547,0.6071702833391891,0.8667688979558307
SCHV,0.9039,0.20964558914868858,0.11142857142857145,0.5068197042747661,0.5012219959266803,0.4984657962833563,0.9399153853526295
MGK,0.895,0.4438242741212163,0.12285714285714289,0.7209336790501489,0.1794297352342159,0.5935422044183225,0.29621150923504524
VONV,0.8888,0.22082278776304975,0.1342857142857143,0.5051997467883712,0.4706720977596742,0.4387090532212421,1.0
VIG,0.879,0.19864177693791624,0.11142857142857145,0.4930377309387364,0.42790224032586566,0.6711125867077281,0.768706272163424
SCHC,0.8612,0.2576797884021088,0.1571428571428572,0.5373275330794619,0.8433808553971487,0.27409701090864286,0.9566493694976519
IJH,0.8528,0.42428661023797876,0.12285714285714289,0.4451599011335592,0.3688391038696538,0.9332191487180039,0.812106192751619
VOE,0.8429,0.2766873723278223,0.12285714285714289,0.4909846883713763,0.5052953156822811,0.41491911524952074,0.9967714993770281
FCOM,0.837,0.38386427020054076,0.16171428571428578,0.7769551530043604,0.3036659877800407,0.13064224924105516,0.1
SPMD,0.8342,0.4239104268989456,0.1,0.44657428025873647,0.3790224032586559,0.48906550579827535,0.777886550652409
FVD,0.8341,0.13779726817442078,0.7628571428571433,0.3318259211166895,0.5684317718940937,0.35330515811784874,0.7749661130659803
VT,0.8287,0.2502250169446832,0.1342857142857143,0.5766944187302294,0.4706720977596742,0.7105524680271249,0.7410668565247751
IWX,0.8282,0.17243850758677876,0.2942857142857145,0.5174714044306554,0.43808553971486763,0.1967502565870658,1.0
SPMO,0.8248,0.38142383664507934,0.2142857142857144,0.8918597517009327,0.2853360488798371,0.4606005347681042,0.36238344948450785
SCHM,0.8225,0.40601312847805765,0.11142857142857145,0.46300410288724925,0.38716904276985753,0.44491876351344867,0.8866574475950546
FDL,0.8206,0.17700312300592588,0.5571428571428576,0.6079066960526976,0.835234215885947,0.3403856643395987,0.5686254911893972
VOX,0.8184,0.3831639237301163,0.16857142857142865,0.7814504665029858,0.3138492871690428,0.2543961586482872,0.1
VONG,0.8174,0.42923225836471074,0.1342857142857143,0.6929942092382653,0.2038696537678208,0.5833527570255541,0.34635184906280375
XLF,0.8103,0.2706873402431791,0.1571428571428572,0.5873707882894648,0.4258655804480652,0.9124035414307975,0.10364746635267057
VOOV,0.8084,0.24360767549074042,0.14571428571428577,0.49256078914071144,0.46659877800407334,0.24287948169822005,1.0
VOOG,0.806,0.4083888702860428,0.14571428571428577,0.7120663990696287,0.20997963340122203,0.5141050970110064,0.40461273053383895
VONE,0.8059,0.30047141072628747,0.1342857142857143,0.6100748625023396,0.33217922606924644,0.2653168865451251,0.7432972329093473
SPY,0.7975,0.29976324744655547,0.17428571428571438,0.6130790476209331,0.33217922606924644,1.0,0.6964346837904076
MLPA,0.7925,0.21674109869969777,0.9457142857142864,0.6003989743010298,1.0,0.1466965783370331,0.10628448594547968
SCHA,0.7907,0.5085657784991097,0.11142857142857145,0.47382574782174514,0.33828920570264764,0.5835543694226536,0.8158645617974452
VTHR,0.7863,0.3097868119499219,0.1342857142857143,0.6007635332615892,0.33625254582484726,0.20107276727547563,0.6979996440160466
VXF,0.7813,0.4975933153665457,0.12285714285714289,0.5280710247350362,0.3403258655804481,0.45933578970416156,0.857748812245848
DLN,0.7807,0.16997498364722785,0.385714285714286,0.5371246957630605,0.48900203665987785,0.24749541455086588,0.9293180168955462
VBR,0.7743,0.42861724951568814,0.12285714285714289,0.4825477524270049,0.48900203665987785,0.4820546256994474,0.9061516765475034
XLV,0.7617,0.2525131025784314,0.1571428571428572,0.27873188302621704,0.4482688391038697,0.8335427191363067,0.1
FNDC,0.7607,0.20258596578927568,0.5114285714285718,0.5470472779978313,0.869857433808554,0.18553939959993898,0.8169366211646152
FNDF,0.7582,0.22092403137190264,0.35142857142857165,0.6733080253680653,0.7619144602851324,0.5071657047059126,1.0
IJR,0.7477,0.5220354543464999,0.1342857142857143,0.40218305945981014,0.3627291242362526,0.8354334173769185,0.9048331667510988
XLI,0.7455,0.3106309617471493,0.1571428571428572,0.6266225500579503,0.3586558044806518,0.8071387924306714,0.12464504292344976
AMLP,0.7352,0.23361271666383238,1.0,0.6702407962186984,1.0,0.4468452715988685,0.1047072031983789
LRGF,0.7346,0.3105817021455313,0.1571428571428572,0.6174181215650331,0.35050916496945006,0.1900760069106367,0.6327026027903665
IWD,0.7299,0.22164189820955255,0.2714285714285716,0.5012526422529928,0.4401221995926681,0.7163661369898195,1.0
RSP,0.7263,0.26812550368108756,0.2942857142857145,0.43600481144733416,0.4299389002036661,0.9183444454346226,1.0
RWL,0.7255,0.19244534980436956,0.5114285714285718,0.5663305282800448,0.3810590631364562,0.2907095675769822,0.979396744115996
MLPX,0.7251,0.299815663561683,0.5800000000000005,0.9163400229547276,0.9268839103869653,0.20947242904600033,0.1
PPA,0.7221,0.2858619267896262,0.728571428571429,0.8794729701763666,0.18146639511201632,0.2834518200596705,0.11491025096868711
FIDU,0.7137,0.35530193476618027,0.16171428571428578,0.6470926727455936,0.3118126272912424,0.1349766138549675,0.12464504292344976
FNCL,0.7113,0.3107142920245869,0.16171428571428578,0.606977481859994,0.45641547861507137,0.14382484262198966,0.10332708079466571
FTEC,0.7111,0.5590380647938451,0.16171428571428578,0.7434869957981307,0.19368635437881876,0.40346456023530186,0.1
XLK,0.7031,0.5327360613535058,0.1571428571428572,0.7060032079361167,0.21608961303462323,0.9951661007410815,0.1
WTV,0.6994,0.3007330122998221,0.20285714285714296,0.6470570391629825,0.4645621181262729,0.16592292903144384,1.0
VFH,0.6987,0.3106322817359407,0.16857142857142865,0.6064046034934009,0.42790224032586566,0.36925060332772475,0.10354888618097677
XLRE,0.6946,0.30048215821823976,0.1571428571428572,0.2953755071503962,0.7985743380855398,0.5888512885153108,0.1
GSLC,0.6913,0.29128166287411067,0.16857142857142865,0.5781526545724665,0.31588594704684325,0.3678667594449511,0.6792324438298397
VIS,0.6895,0.3605741012165036,0.16857142857142865,0.645708445113395,0.2975560081466395,0.2617358216586143,0.12464504292344976
SPHQ,0.6891,0.2503304050064017,0.23714285714285727,0.6131969125480312,0.3423625254582485,0.47225685277719953,0.6412174651204184
VDC,0.6871,0.14297082605391326,0.16857142857142865,0.3252720829610716,0.5378818737270876,0.2701786570247513,0.1
IVE,0.6865,0.24316005926184908,0.2714285714285716,0.48987182417598496,0.43401221995926687,0.5497003426506211,1.0
VGT,0.6829,0.5556308899198131,0.16857142857142865,0.7334410665466293,0.18961303462321794,0.8265870391049259,0.1
VNQ,0.6824,0.31092162345033425,0.2142857142857144,0.29118719067118903,0.9004073319755601,0.7013149851527076,0.1
DIA,0.6792,0.23074706747023277,0.24857142857142872,0.48678540771290424,0.4095723014256619,0.7192959538640116,0.5809603351725838
SDY,0.6791,0.1907540255928976,0.46571428571428597,0.34743068925551557,0.615274949083503,0.40512196531933853,0.9258430658433396
FNDX,0.6754,0.23336847387403545,0.35142857142857165,0.5839417412243547,0.4299389002036661,0.6022964082875164,1.0
SCHE,0.6718,0.2909876191993343,0.14571428571428577,0.4977139533952333,0.6987780040733198,0.45219779180637115,0.8073373769459314
VBK,0.6689,0.5211423183988115,0.12285714285714289,0.45638996174567403,0.2059063136456212,0.41104984347704077,0.7232977805769679
EQWL,0.6648,0.21075350929506875,0.35142857142857165,0.555253966177639,0.4482688391038697,0.1510530523010461,0.8809767652011994
VTWO,0.6598,0.5257394995600531,0.1342857142857143,0.47471384634220526,0.3566191446028514,0.5332294441584153,0.8251187754152005
FTCS,0.6511,0.1468585049835856,0.6600000000000005,0.3816718210999235,0.32606924643584523,0.2965079883927098,0.7555581417637636
IWL,0.6475,0.30669096444433064,0.23714285714285727,0.648438525750365,0.2955193482688391,0.1383375491755885,0.4432808028807317
REET,0.6458,0.29405223421299753,0.22571428571428584,0.30060267961495635,0.8433808553971487,0.30896513688802735,0.10054219094431589
XLE,0.6431,0.42249267239283256,0.1571428571428572,0.6000536026541842,0.5969450101832994,0.8835783860738772,0.1
EUSA,0.643,0.2805739984439417,0.16857142857142865,0.4494633414950482,0.4421588594704684,0.11692182048167755,0.9169092377835891
FENY,0.6404,0.44492786874358026,0.16171428571428578,0.6199618111544992,0.5704684317718941,0.28953992710141846,0.1
QYLD,0.6402,0.26830030064213045,0.7514285714285719,0.47015000672317386,1.0,0.5724351476722953,0.32221202951928474
XLU,0.6401,0.31158340602989376,0.1571428571428572,0.501746030319915,0.6274949083503055,0.8198680115697371,0.1
PRF,0.6317,0.2268387207602933,0.45428571428571474,0.5793285627986312,0.41771894093686357,0.325735715180552,1.0
VLUE,0.6267,0.29804934693515456,0.23714285714285727,0.6169082872292134,0.5073319755600815,0.39314946744340873,0.48043320508783227
VDE,0.6216,0.4434696301364752,0.16857142857142865,0.6208937663920191,0.5623217922606926,0.3441597203439657,0.1
VIOO,0.6201,0.521596390037671,0.14571428571428577,0.40270659901971106,0.36680244399185347,0.196385473535013,0.9035023344332325
VOT,0.6185,0.3847965568111924,0.12285714285714289,0.40222965722168613,0.24663951120162933,0.3763376614416174,0.7203526979476156
IWB,0.6173,0.30166453815488414,0.23714285714285727,0.6065498788686612,0.31588594704684325,0.5708981968616006,0.7495940413762887
QUAL,0.6156,0.2802262860768688,0.23714285714285727,0.5780238254661034,0.29959266802443996,0.6053512849965186,0.67294795788436
ITA,0.601,0.31596326535964786,0.5000000000000003,0.7954791338724767,0.19979633401221997,0.3908378317065943,0.10019716034338759
OEF,0.5994,0.3265771291078741,0.2942857142857145,0.6807746314474896,0.29959266802443996,0.4181638133300365,0.4625039363610225
XLG,0.5926,0.35620506081594117,0.2942857142857145,0.7077985922907506,0.2425661914460285,0.45942498214416,0.38086723167709524
MTUM,0.5908,0.40616771803464535,0.23714285714285727,0.6915825711579042,0.2670061099796334,0.4815866020283035,0.5454591508413544
DVY,0.5861,0.24280579225463517,0.5000000000000003,0.4734584478163696,0.804684317718941,0.43563923756594075,0.751417774552624
IVOO,0.5854,0.4252170472309146,0.14571428571428577,0.44678808175440277,0.37087576374745423,0.18218799898908317,0.813720443063105
FUTY,0.5839,0.3098502864758079,0.16171428571428578,0.4931117391487747,0.6091649694501019,0.16907237217496995,0.1
DGRW,0.5828,0.2224030756085335,0.385714285714286,0.49643114442123537,0.3912423625254583,0.4209032423070088,0.8716486164546736
XAR,0.58,0.43062743728337394,0.46571428571428597,0.9436298651451636,0.17128309572301426,0.2459212696210259,0.12464504292344976
VPU,0.574,0.3102812130917421,0.16857142857142865,0.4930486951180013,0.6234215885947046,0.2906210977961894,0.1
QQQ,0.5734,0.43133712865387136,0.2714285714285716,0.726498000027106,0.19979633401221997,1.0,0.31210756192067035
IVW,0.5729,0.40752875783317627,0.2714285714285716,0.7096104229142821,0.18757637474541752,0.7246196505693818,0.39620877089694273
SPYX,0.5666,0.29870834969160764,0.2942857142857145,0.6122649573105113,0.29959266802443996,0.16460484121233093,0.47811657105302796
USRT,0.5612,0.33125539366845025,0.1571428571428572,0.3535733706886982,0.6885947046843178,0.22476473449354703,0.1
IMCG,0.5598,0.377047734878455,0.1342857142857143,0.4418130854129362,0.2629327902240326,0.1949215401056365,0.59815025261169
ACWI,0.5581,0.25180614312362437,0.4314285714285717,0.5800412344508523,0.4238289205702649,0.660336127399364,0.7079808864000439
IYY,0.5567,0.3017264970561825,0.2942857142857145,0.6049655549648774,0.30570264765784116,0.15882663763415678,0.6635705190519874
PTLC,0.5478,0.19885330006403815,0.7514285714285719,0.4531336005039869,0.33014256619144605,0.19390567592482055,0.6448895765160124
IWV,0.5463,0.30687082094127993,0.2942857142857145,0.599176468312989,0.3016293279022404,0.3801348789037106,0.7100141024412284
NOBL,0.5457,0.21048369431174657,0.46571428571428597,0.3178548156883396,0.5358452138492872,0.3659239829941655,0.8408299902788998
URTH,0.5435,0.2574665830096041,0.3400000000000002,0.5834620583815137,0.41160896130346236,0.29522853594959736,0.6733176335282118
IWF,0.5429,0.43094628906346316,0.2714285714285716,0.6904587427832478,0.18146639511201632,0.8790217714820434,0.33078850445664526
IWY,0.5383,0.432491239497183,0.2942857142857145,0.719162964098861,0.1794297352342159,0.39253572905203554,0.29631008940673903
XLY,0.5382,0.49552109130755595,0.1571428571428572,0.5068745251710908,0.2670061099796334,0.7665536013731077,0.10199624847679943
IYF,0.5312,0.29891984140504957,0.5000000000000003,0.6661977551147517,0.4299389002036661,0.20925224442477278,0.10561906978654655
IOO,0.53,0.3162611901527473,0.5228571428571432,0.7030099869967881,0.2955193482688391,0.28945465965408834,0.3720196612675767
IWR,0.5291,0.346700376522684,0.2714285714285716,0.47495231724121767,0.36069246435845215,0.6330716417945124,0.991177074633405
IWS,0.5223,0.3311830155004826,0.32857142857142885,0.4692098283512053,0.4014256619144604,0.38498647904853645,0.9983857496885141
VIOV,0.5199,0.5453967124999792,0.1800000000000001,0.39533044741922263,0.4584521384928718,0.11868909976261269,0.9035023344332325
RPV,0.5133,0.2664964257102659,0.46571428571428597,0.5280463553316902,0.5908350305498983,0.14684717546834114,0.9169092377835891
ONEQ,0.5106,0.45332259276142695,0.3057142857142859,0.7119430520528981,0.2690427698574338,0.3267357813957878,0.3357051905198735
FNDE,0.5066,0.31750207850861156,0.5114285714285718,0.6349142106270613,0.9228105906313646,0.37341174375973524,0.82182866218492
RWR,0.4937,0.33501554677212014,0.35142857142857165,0.3458819989343428,0.8515274949083503,0.1535875628395717,0.1
TILT,0.4883,0.3203233232369902,0.35142857142857165,0.5808608068509067,0.3464358452138493,0.13095978880901954,0.8153223708531293
XLB,0.4828,0.3927186242858486,0.1571428571428572,0.37595126056844097,0.45641547861507137,0.6728226360453458,0.1
FDIS,0.4723,0.5196677640776906,0.16171428571428578,0.48210370316677487,0.2608961303462322,0.12515164162855003,0.10162657283294768
XMMO,0.4722,0.466816523047309,0.46571428571428597,0.8020686056107057,0.24460285132382895,0.28263027903816196,0.49610745238714626
QDF,0.4708,0.27200719550909125,0.5114285714285718,0.5392681928093563,0.44419551934826884,0.1356158855737093,0.47673644864931475
DSI,0.4656,0.33762899577552524,0.35142857142857165,0.5832811494236421,0.3036659877800407,0.22824046832728606,0.47467858756520664
PWB,0.465,0.40716242759178506,0.6942857142857148,0.7949144786403323,0.1,0.13020612708884938,0.418993113079672
SUSA,0.4647,0.3040874914173102,0.35142857142857165,0.5513178258215254,0.2975560081466395,0.2129276357854914,0.5525199556389228
IGM,0.4637,0.542171666612747,0.5114285714285718,0.891980357672847,0.13665987780040734,0.3417697411649108,0.13864342730396922
KBWB,0.4612,0.5496229266042241,0.46571428571428597,0.8589096519649715,0.5623217922606926,0.3656655866214851,0.1
XNTK,0.4601,0.5960126742010114,0.46571428571428597,0.8992167159877076,0.1509164969450102,0.13170875478706123,0.15023891999945233
VCR,0.4571,0.5205389235740024,0.16857142857142865,0.4810758113606868,0.2629327902240326,0.23614374525112347,0.10161425031148597
IYG,0.4566,0.34314329126818993,0.5000000000000003,0.6548607937548037,0.3403258655804481,0.12826980097140517,0.1
IWM,0.4397,0.5243948407886929,0.28285714285714303,0.4694482992502177,0.3077393075356416,0.9707621128501813,0.8489135643577913
VHT,0.4277,0.25051181973955416,0.16857142857142865,0.28351500623054715,0.45030549898167005,0.3653993233726026,0.1
IYW,0.4245,0.5450135054007647,0.5000000000000003,0.8110044117116318,0.13054989816700613,0.4884288040238124,0.1439790790968961
XT,0.4223,0.4066908617882389,0.5914285714285719,0.4488301601424979,1.0,0.20102958902165652,0.4264852061284007
SMH,0.4181,0.8546118670129272,0.46571428571428597,1.0,0.1590631364562118,0.8640654866758607,0.11132439722332517
RDVY,0.4126,0.33366332625381134,0.6028571428571433,0.5789996374206829,0.309775967413442,0.4769202412393211,0.5941331106151676
SMLF,0.4121,0.4859306029621158,0.23714285714285727,0.5317193553854451,0.33828920570264764,0.19911384785096906,0.8631337541246218
XME,0.4066,0.6979201827737973,0.46571428571428597,0.8684347827013882,0.17128309572301426,0.41739475814809723,0.16970850390897763
SLYV,0.4045,0.5485836639726267,0.23714285714285727,0.38798992940134525,0.5093686354378819,0.23077501675727485,0.9068170927064365
VAW,0.4019,0.4034608819165585,0.16857142857142865,0.3898922145038123,0.38716904276985753,0.1649386735256616,0.1
AIRR,0.3987,0.6003983751017834,0.8542857142857149,1.0,0.1325865580448065,0.33228846472781987,0.14508810602845132
IXN,0.3975,0.5304886117100369,0.5114285714285718,0.7554845489587915,0.16924643584521387,0.3070777345735617,0.1
TDIV,0.3944,0.4369629873499866,0.6371428571428576,0.7203909521765344,0.40549898167006115,0.21217353592580512,0.12287059983296138
MDYV,0.3931,0.4049772007253176,0.23714285714285727,0.41223721184576023,0.4808553971486763,0.16971377140920751,0.7938688609882663
SOXX,0.3895,0.9510182029532808,0.45428571428571474,0.9726794581076224,0.2038696537678208,0.7181857185028098,0.10776318852088668
DON,0.3879,0.3585300602489615,0.5000000000000003,0.42321235528996526,0.5908350305498983,0.200587933899538,0.8402631542916604
FHLC,0.3858,0.25013557844560613,0.16171428571428578,0.28289278905726184,0.3932790224032586,0.1768778371245146,0.1
IYJ,0.3792,0.3289873181798792,0.5000000000000003,0.5219639768844646,0.2690427698574338,0.12052544023452919,0.22740254939277355
JHMM,0.3788,0.36507444625263274,0.5342857142857147,0.47476866723852995,0.29348268839103875,0.24631278776305782,0.910156496022564
MDYG,0.3774,0.4526844056489114,0.23714285714285727,0.4704515216529598,0.2425661914460285,0.17056626603110034,0.6278844968988321
FNDA,0.3762,0.4785309751040207,0.35142857142857165,0.4328827614016425,0.3464358452138493,0.3601727361807627,0.9574010433068171
IJJ,0.3761,0.40763424084541383,0.2714285714285716,0.41133540810121894,0.46048879837067214,0.28660402556991027,0.7918356449470816
XSMO,0.3621,0.4811454388099662,0.4771428571428574,0.6321594605867451,0.22423625254582485,0.18197321150476703,0.8026301737475526
IJK,0.3615,0.45707409701479385,0.2600000000000002,0.4709174992717198,0.2262729124236253,0.33269821559910573,0.658974218546764
ICF,0.3603,0.3068730129099667,0.4314285714285717,0.29412284966937674,0.6437881873727087,0.1409280574892438,0.1
MDY,0.3602,0.4238958896194427,0.32857142857142885,0.43697788235709767,0.33625254582484726,0.4943306825608394,0.8229253665950135
IYR,0.3585,0.3104343718245596,0.5000000000000003,0.2887120272021288,0.584725050916497,0.5378477049766538,0.1058901652587045
XMHQ,0.3513,0.4421021247091588,0.35142857142857165,0.5126526476437142,0.22219959266802447,0.25293398806235406,0.7615961772800087
SLYG,0.344,0.5049456551393632,0.23714285714285727,0.40650294609019655,0.2629327902240326,0.21996104248668066,0.783308460095568
IJS,0.3414,0.5491019536721444,0.2714285714285716,0.38809408910436216,0.3912423625254583,0.3052874971854992,0.8853882278844969
DES,0.3239,0.46302692683112334,0.5000000000000003,0.41793310297389663,0.6173116089613035,0.14337621643610787,0.813720443063105
RPG,0.3238,0.48198349095767,0.46571428571428597,0.559732833407367,0.14480651731160898,0.16838412091855653,0.658974218546764
ARKQ,0.3236,0.7246502157442334,0.9228571428571435,0.9608710370392819,0.15498981670061102,0.15486260365453114,0.3374180210030533
RSPT,0.3233,0.531695538110049,0.5228571428571432,0.6213021820696382,0.1773930753564155,0.2808240410982623,0.12464504292344976
IWN,0.3198,0.5064261396564718,0.3400000000000002,0.4857931494894272,0.4319755600814664,0.4409246027289568,0.835716143872284
IWP,0.319,0.4597842512629654,0.32857142857142885,0.458371737147812,0.17331975560081467,0.46282876319667227,0.7232977805769679
PSI,0.3185,0.986948272876332,0.7057142857142863,0.9940733128983366,0.11629327902240327,0.15493559706991833,0.1
IJT,0.3141,0.5056153968615484,0.2714285714285716,0.4079145841705576,0.275152749490835,0.26338510594339004,0.789309528047428
PRFZ,0.3077,0.4994686330177591,0.45428571428571474,0.4746699896251454,0.29348268839103875,0.1665465530282089,0.8607308624395853
MOAT,0.3057,0.3453099804252632,0.5914285714285719,0.4084271595511936,0.39531568228105907,0.398585716523671,0.6960403631036324
ARKW,0.2979,0.8832460281991328,0.934285714285715,0.9835394776695455,0.4971486761710795,0.147617013046965,0.3220025466544354
XBI,0.2978,0.7039436312175116,0.46571428571428597,0.6353144031702317,0.17128309572301426,0.6557538842524635,0.12464504292344976
SPGP,0.2865,0.3963843113774912,0.4771428571428574,0.3738433971047562,0.29959266802443996,0.16175785026309691,0.6944754028779933
KRE,0.2839,0.6827912746349214,0.46571428571428597,0.5936834145012541,0.5928716904276986,0.6297002023214873,0.12464504292344976
FDN,0.2801,0.4987751480144904,0.6257142857142861,0.5680546454694566,0.1,0.27954732055375003,0.31890959376754247
SSO,0.2786,0.7730320395514976,1.0,0.8894997121141544,0.2670061099796334,0.5842050039719595,0.5271848515136165
QLD,0.2745,1.0,1.0,1.0,0.13869653767820775,0.6680761449521349,0.3243191806892397
FAS,0.2745,1.0,1.0,1.0,1.0,0.217927334895679,0.1038569492175199
SPXL,0.2745,1.0,1.0,1.0,0.2629327902240326,0.5576210293255615,0.5305612223941291
TECL,0.2745,1.0,1.0,1.0,1.0,0.4236370409227833,0.1
IWO,0.2738,0.5576679779541369,0.3400000000000002,0.44851219894381456,0.19775967413441956,0.3809907387355007,0.670754549064173
CIBR,0.2679,0.4464280682858603,0.728571428571429,0.5014198459867831,0.2323828920570265,0.4044309572963749,0.1165984364089434
RWJ,0.2672,0.5759652290127594,0.5114285714285718,0.44163765854469716,0.33014256619144605,0.13726078847251116,0.8601270588879609
IXJ,0.2589,0.2622636706000383,0.5228571428571432,0.2632943186211814,0.39531568228105907,0.20045481998896525,0.11085614140777962
QTEC,0.2586,0.6220189773284829,0.6942857142857148,0.6169192514084784,0.1,0.19693792504846772,0.14654216356093486
FIW,0.2518,0.3144901659498247,0.648571428571429,0.3345779301121895,0.2629327902240326,0.11570960618789453,0.3013869682489697
PHO,0.2503,0.32524476633738175,0.7400000000000005,0.3452405944473438,0.21812627291242365,0.12851058371446772,0.27586702630173743
XOP,0.2426,0.7369273572441313,0.46571428571428597,0.5335832658604849,0.4645621181262729,0.4248109673565406,0.12464504292344976
IYH,0.2367,0.2664202834326696,0.5000000000000003,0.2630037678706605,0.36680244399185347,0.21429433227263522,0.1
SKYY,0.236,0.6586073621732514,0.7514285714285719,0.6025123198543471,0.1,0.19288964394352842,0.1672932897024796
QQEW,0.2277,0.3815676724503399,0.6942857142857148,0.35111465348853543,0.17128309572301426,0.12537671526146077,0.5692785848268686
IYT,0.2219,0.5095758191800757,0.5000000000000003,0.40833122298262536,0.3179226069246436,0.20383238075938337,0.1
IGV,0.2215,0.6766290743792227,0.5114285714285718,0.37564700459383893,0.1,0.6562589965239818,0.10804660651450634
XSD,0.2191,0.9833716051170376,0.46571428571428597,0.5632934506236563,0.1509164969450102,0.1722073902425313,0.12464504292344976
FBT,0.2186,0.4014998246649451,0.6828571428571434,0.36843531568232457,0.1,0.14591749900689713,0.12464504292344976
OIH,0.2186,0.8920433097592648,0.46571428571428597,0.5361351785843996,0.3443991853360489,0.20293454632320568,0.1
IBB,0.2056,0.46163355006465884,0.5685714285714291,0.3790486412107865,0.14684317718940937,0.4153356925917366,0.1
ARKK,0.1858,0.9741776532024964,0.9228571428571435,0.6381897591824622,0.1,0.6733678115673168,0.4853622136725222
ITB,0.1732,0.7098219355907264,0.5000000000000003,0.38333837634819445,0.35458248472505094,0.34970511546096655,0.1627832468474883
IHI,0.1471,0.38142185447096394,0.5000000000000003,0.11685948140345759,0.1855397148676171,0.2760622463954796,0.1
