ETF,Years_Data,Date,Return_CAGR (%),Return_Div (%),Risk_Vol (%),Risk_MaxDD (%),Cost_ExpRatio (%),Liq_Volume (M),Liq_AUM (B),Div_Score (產出),FinBERT_score
VOO,3.0,2026-03-31,18.2636,1.19,14.7516,-18.6894,0.03,6.302103856382979,994.36,5.7637,-0.141363
IVV,3.0,2026-03-31,18.2818,1.23,14.8279,-18.7545,0.03,6.03686329787234,854.92,5.6529,-0.169681
SPY,3.0,2026-03-31,18.1808,1.14,15.1458,-18.7552,0.095,70.38874760638298,783.8,5.6402,-0.11395
VTI,3.0,2026-03-31,17.8402,1.17,15.3232,-19.3036,0.03,3.59336329787234,660.72,5.6211,-0.009994
QQQ,3.0,2026-03-31,22.3186,0.49,19.6378,-22.7683,0.18,46.6684472074468,495.18,2.5213,-0.160011
VEA,3.0,2026-03-31,16.0714,2.94,14.761,-13.4533,0.03,11.938651329787234,231.13,,0.169343
VUG,3.0,2026-03-31,21.1473,0.46,19.3409,-22.8454,0.03,6.800387234042553,231.9,2.605,0.030681
IEFA,3.0,2026-03-31,14.4956,3.52,14.7312,-13.7572,0.07,9.767459973404256,186.62,,0.052216
VTV,3.0,2026-03-31,15.0875,2.02,12.3236,-14.5195,0.03,2.665450664893617,178.9,7.7042,0.072841
IEMG,3.0,2026-03-31,16.0662,2.68,16.7239,-17.2063,0.09,11.214016622340425,162.03,,0.172648
VXUS,3.0,2026-03-31,15.4989,2.99,14.4439,-13.58,0.05,4.025393617021277,153.22,,0.003349
IWF,3.0,2026-03-31,21.0038,0.4,19.1017,-23.3567,0.18,6.127761170212766,133.24,2.6729,0.142028
VWO,3.0,2026-03-31,13.7299,2.71,15.7788,-17.3679,0.06,9.57713590425532,121.67,,0.222726
VGT,3.0,2026-03-31,22.5719,0.44,23.2983,-27.2288,0.09,4.236340425531915,148.99,0.8,0.049158
IJH,3.0,2026-03-31,12.0547,1.32,18.0461,-24.1047,0.05,8.803483776595746,119.12,6.5789,-0.043215
VIG,3.0,2026-03-31,13.8014,1.61,12.3208,-14.9505,0.04,1.0985797872340426,108.57,6.2267,0.074711
IJR,3.0,2026-03-31,10.4868,1.29,20.5665,-28.0241,0.06,4.515980186170213,103.49,7.3314,0.080332
VO,3.0,2026-03-31,12.6067,1.51,14.8368,-19.0185,0.03,2.691018085106383,103.02,8.2576,-0.066768
XLK,3.0,2026-03-31,21.5709,0.57,23.2779,-25.6563,0.08,13.112409574468085,124.52,0.8,-0.228226
SCHD,3.0,2026-03-31,12.0473,3.44,13.2101,-16.1248,0.06,13.541104787234042,94.95,6.9541,0.035559
RSP,3.0,2026-03-31,11.7207,1.62,14.0488,-17.8096,0.2,9.040541888297872,88.26,8.1699,-0.158103
ITOT,3.0,2026-03-31,17.8216,1.13,15.2449,-19.4404,0.03,1.9827441489361701,93.42,5.8582,0.0575
EFA,3.0,2026-03-31,14.3612,3.35,14.7194,-14.0535,0.32,15.205456515957447,77.2,,0.034941
VYM,3.0,2026-03-31,15.2054,2.37,12.676,-14.4553,0.04,1.2777291223404257,78.86,7.9681,0.035913
IWM,3.0,2026-03-31,12.9408,1.02,21.1634,-27.5031,0.19,34.17095066489362,80.93,6.8776,-0.152238
VB,3.0,2026-03-31,13.0329,1.34,19.0171,-25.3614,0.03,0.7462457446808511,78.61,7.0225,0.164497
IWD,3.0,2026-03-31,14.1011,1.67,13.0525,-15.7135,0.18,2.411930186170213,75.56,8.5616,0.117456
VT,3.0,2026-03-31,16.8534,1.82,14.09,-16.5145,0.06,2.2836125,76.01,6.0024,0.068523
IVW,3.0,2026-03-31,21.7025,0.43,18.7279,-22.1536,0.18,2.5648579787234045,76.07,3.2038,-0.181799
SCHX,3.0,2026-03-31,18.2368,1.17,14.9902,-19.0375,0.03,9.723164627659575,72.63,5.8072,-0.190873
VEU,3.0,2026-03-31,15.682,2.93,14.4404,-13.693,0.04,2.6495005319148937,66.77,,-0.070429
SCHF,3.0,2026-03-31,16.1525,3.4,14.684,-13.4081,0.03,8.403222739361702,66.49,6.7935,0.066983
IXUS,3.0,2026-03-31,15.5462,3.18,14.5506,-13.7464,0.07,1.8664226063829785,58.44,,0.097123
SCHG,3.0,2026-03-31,21.9084,0.43,19.3953,-23.3926,0.04,8.051060372340427,61.46,3.1287,0.149514
IWR,3.0,2026-03-31,13.1416,1.28,15.9582,-21.0941,0.18,1.6143783244680852,54.8,8.0321,-0.17474
XLF,3.0,2026-03-31,17.2429,1.6,16.1804,-15.5403,0.08,43.08787952127659,49.42,0.8296,-0.382153
SMH,3.0,2026-03-31,43.4592,0.29,34.0361,-35.7388,0.35,7.7693442819148935,67.82,0.8919,0.144434
QUAL,3.0,2026-03-31,16.9019,0.98,14.6197,-17.9975,0.15,1.4665752659574467,47.11,5.4496,0.212279
VV,3.0,2026-03-31,18.4898,1.13,15.1415,-18.9747,0.03,0.2953921542553192,53.19,5.7274,-0.274291
IVE,3.0,2026-03-31,13.6859,1.64,12.7301,-17.5837,0.18,0.7481436170212766,48.28,8.3126,0.055489
IWB,3.0,2026-03-31,17.9426,1.06,14.9654,-19.0949,0.15,0.9636550531914893,48.87,6.0716,0.021905
DIA,3.0,2026-03-31,13.5733,1.52,13.3955,-15.9543,0.16,3.9891985372340426,44.83,4.7031,-0.179505
VONG,3.0,2026-03-31,21.0963,0.51,19.0769,-23.2657,0.06,1.2026393617021276,46.02,2.7992,0.07614
XLE,3.0,2026-03-31,17.7056,2.44,21.392,-20.1373,0.08,35.58909375,38.67,0.8,-0.221833
SCHB,3.0,2026-03-31,17.8403,1.18,15.0471,-19.3435,0.03,4.202839095744681,43.31,5.3967,0.343877
DGRO,3.0,2026-03-31,14.5891,2.1,11.8704,-14.0263,0.08,1.7159523936170213,40.46,7.0671,0.033827
XLV,3.0,2026-03-31,5.983,1.71,13.7112,-17.109,0.08,9.899781914893618,38.25,0.8,-0.365512
SPDW,3.0,2026-03-31,16.0215,3.28,14.6923,-13.5293,0.03,3.585744015957447,40.94,,-0.026268
VNQ,3.0,2026-03-31,6.4374,3.93,16.9555,-17.4548,0.13,4.132816489361702,36.91,0.8,-0.068356
VBR,3.0,2026-03-31,13.4187,1.91,18.2306,-24.1947,0.05,0.4497752659574468,35.58,7.3421,0.220741
SPYV,3.0,2026-03-31,13.8382,1.82,12.7103,-17.5373,0.04,2.699391888297872,35.25,8.1967,-0.191473
GDX,3.0,2026-03-31,43.2193,0.69,36.3887,-30.8356,0.51,22.57595744680851,27.13,,0.067766
VGK,3.0,2026-03-31,14.2865,3.01,15.0756,-14.3066,0.06,2.9181242021276597,30.19,,-0.0465
XLI,3.0,2026-03-31,18.6749,1.27,16.0358,-18.4907,0.08,9.971229122340425,30.22,1.0,-0.209549
EFV,3.0,2026-03-31,20.5683,4.01,14.2741,-13.7164,0.31,2.6798393617021277,30.12,,0.051342
ACWI,3.0,2026-03-31,16.9755,1.59,14.1575,-16.5472,0.32,3.362591090425532,32.93,5.7339,0.116783
MGK,3.0,2026-03-31,22.1156,0.39,19.878,-23.3629,0.05,1.847032579787234,34.6,2.3923,0.102609
TQQQ,3.0,2026-03-31,45.082,0.75,58.4178,-58.0401,0.82,146.67757127659573,39.77,,-0.144707
IUSG,3.0,2026-03-31,21.3422,0.58,18.4888,-22.2776,0.04,0.5057,32.58,2.7739,0.307514
EEM,3.0,2026-03-31,15.719,2.16,17.194,-17.2924,0.72,29.018390824468085,30.33,,0.03623
VXF,3.0,2026-03-31,15.0795,1.18,20.0463,-26.9177,0.05,0.42169561170212766,30.13,6.9493,-0.068206
XLU,3.0,2026-03-31,14.1191,2.59,16.1793,-18.3923,0.08,25.693778856382977,22.35,0.8,-0.255521
MDY,3.0,2026-03-31,11.7562,1.16,18.0836,-24.0344,0.23,0.9114986702127659,26.4,6.6667,-0.081166
SOXX,3.0,2026-03-31,31.2999,0.51,34.9971,-41.361,0.34,4.518784840425532,38.37,0.863,0.063593
IUSV,3.0,2026-03-31,13.6837,1.81,12.9146,-17.7628,0.04,0.7174803191489362,26.01,8.2508,0.21619
FNDX,3.0,2026-03-31,17.1178,1.62,13.2508,-16.3032,0.25,2.6960242021276595,25.47,8.5106,0.165543
FNDF,3.0,2026-03-31,20.3781,3.25,14.601,-13.8852,0.25,1.1658053191489361,24.55,8.4962,0.03371
USMV,3.0,2026-03-31,10.2821,1.59,10.3216,-9.3595,0.15,2.5174077127659573,23.09,6.6445,0.186177
DVY,3.0,2026-03-31,13.0871,3.46,14.0875,-16.0002,0.38,0.5151123670212766,22.36,6.0864,0.069644
MTUM,3.0,2026-03-31,21.0448,0.82,19.6568,-20.992,0.15,0.76166875,26.66,4.415,0.069379
VOOG,3.0,2026-03-31,21.7921,0.54,18.7613,-22.1752,0.07,1.144473670212766,26.45,3.272,-0.040983
XLY,3.0,2026-03-31,14.3062,0.82,20.7132,-26.0074,0.08,9.174796941489362,23.78,0.8162,-0.444367
VOE,3.0,2026-03-31,13.7265,1.99,14.0112,-18.4496,0.05,0.33363125,22.55,8.0775,-0.054642
VBK,3.0,2026-03-31,12.4644,0.52,20.9314,-27.5428,0.05,0.25218656914893617,23.93,5.8582,0.193584
RDVY,3.0,2026-03-31,16.9375,1.03,16.8952,-19.1093,0.47,0.9308591755319149,22.37,4.81,0.190296
SCHA,3.0,2026-03-31,13.1005,1.17,20.3904,-27.2874,0.04,2.5708248670212765,22.78,6.6094,0.181789
SDY,3.0,2026-03-31,8.4893,2.53,12.3334,-14.3862,0.35,0.3197683510638298,21.03,7.5019,-0.005542
EWJ,3.0,2026-03-31,16.2658,4.33,18.4555,-14.6762,0.49,6.463403856382979,21.3,,-0.112809
IYW,3.0,2026-03-31,25.4016,0.15,23.3104,-26.4748,0.38,0.9046509308510639,25.22,1.1569,-0.060052
IWP,3.0,2026-03-31,12.5367,0.36,19.25,-25.1966,0.23,0.8827587765957446,20.54,5.8582,-0.172298
VYMI,3.0,2026-03-31,20.4128,3.64,13.6224,-12.8357,0.07,0.6223498670212766,19.5,,0.09438
OEF,3.0,2026-03-31,20.6505,0.98,15.865,-19.7984,0.2,0.43932686170212765,20.72,3.7418,0.006181
EWY,3.0,2026-03-31,29.2279,1.69,27.9381,-27.364,0.59,5.117441622340426,25.45,,0.159537
IWV,3.0,2026-03-31,17.6736,0.99,15.1232,-19.2766,0.2,0.1858281914893617,19.82,5.7504,0.128112
VONV,3.0,2026-03-31,14.2451,1.82,13.0141,-15.7005,0.06,0.6763558510638298,19.77,8.569,0.159063
SPYG,3.0,2026-03-31,21.8487,0.58,18.798,-22.1427,0.04,2.6365440159574467,53.86,3.3529,-0.184213
VOT,3.0,2026-03-31,10.4885,0.72,17.6786,-21.774,0.05,0.18427659574468083,19.21,5.8343,-0.06184
SPEM,3.0,2026-03-31,14.385,2.84,15.6205,-17.6249,0.07,1.9269476063829787,17.97,,0.247821
SPHQ,3.0,2026-03-31,18.1851,1.19,14.0492,-16.5687,0.15,1.1061932180851064,18.88,5.1921,0.004069
SPMD,3.0,2026-03-31,12.1063,1.37,18.0446,-24.0802,0.03,1.442616755319149,17.54,6.3012,-0.171232
VHT,3.0,2026-03-31,6.1575,1.72,13.7624,-16.9107,0.09,0.22650492021276594,16.56,0.8,0.083083
FTEC,3.0,2026-03-31,22.9384,0.46,23.4439,-27.2991,0.084,0.2924832446808511,21.38,0.8,-0.023495
DGRW,3.0,2026-03-31,13.9252,1.43,12.662,-16.215,0.28,0.6737450797872341,16.95,7.0621,0.200275
IWY,3.0,2026-03-31,22.051,0.39,19.318,-23.216,0.2,0.38085611702127664,17.61,2.3931,0.125672
EFG,3.0,2026-03-31,7.9815,2.58,16.0999,-16.8704,0.34,1.0564151595744682,15.93,,-0.068065
VTWO,3.0,2026-03-31,13.1329,1.26,21.1899,-27.5664,0.06,2.2531238031914897,16.85,6.6845,0.106189
IWS,3.0,2026-03-31,12.9321,1.48,15.4698,-20.5733,0.23,0.45378989361702127,15.25,8.0906,-0.179015
SPSM,3.0,2026-03-31,10.5069,1.59,20.5576,-27.943,0.03,1.770238430851064,15.67,7.1685,-0.185389
XLP,3.0,2026-03-31,5.9883,2.65,11.9335,-13.3655,0.08,13.105494414893618,14.65,0.8,-0.417308
GSLC,3.0,2026-03-31,16.9066,1.06,14.7116,-18.6626,0.09,0.2926886968085106,15.64,5.5006,-0.095806
SCZ,3.0,2026-03-31,13.2856,3.27,14.7688,-15.064,0.4,1.1897538563829786,14.87,,0.020952
ITA,3.0,2026-03-31,24.8352,0.49,18.6811,-15.8246,0.38,0.5679809840425533,14.33,0.8016,0.082774
SCHM,3.0,2026-03-31,12.7057,1.41,17.6627,-23.2712,0.04,1.130610505319149,14.58,7.1839,-0.075499
SOXL,3.0,2026-03-31,38.7454,0.16,103.6385,-87.8791,0.75,88.12436449468085,26.01,,-0.038385
HDV,3.0,2026-03-31,13.9645,2.92,11.3871,-10.4937,0.08,2.6170558510638298,13.41,4.7676,-0.026146
SPMO,3.0,2026-03-31,28.3514,0.91,18.9079,-20.1272,0.13,0.8963734042553192,19.93,2.9293,-0.170702
IWN,3.0,2026-03-31,13.5371,1.63,20.7675,-26.7052,0.24,1.1377182180851064,14.0,6.7705,-0.181741
IWO,3.0,2026-03-31,12.177,0.48,22.2523,-28.572,0.24,0.45305332446808516,14.73,5.4318,-0.18337
IQLT,3.0,2026-03-31,12.164,2.29,14.5404,-13.1755,0.3,1.52358125,13.3,,-0.026035
VFH,3.0,2026-03-31,17.9373,1.61,17.075,-17.2974,0.09,0.526922074468085,12.3,0.8288,0.157713
SPTM,3.0,2026-03-31,17.7456,1.2,14.8509,-18.8655,0.03,0.5761404255319149,13.64,5.5835,0.314427
AMLP,3.0,2026-03-31,20.2662,7.56,15.039,-14.2667,1.01,1.4306360372340425,12.14,0.8382,0.044233
SCHE,3.0,2026-03-31,13.972,2.94,16.0764,-17.0748,0.07,1.430424069148936,12.74,6.5402,0.212756
MOAT,3.0,2026-03-31,10.7146,1.45,15.5766,-21.4354,0.46,0.8601573138297872,11.84,5.637,0.084561
MGV,3.0,2026-03-31,15.4725,2.06,12.064,-13.1799,0.05,0.2244871010638298,12.49,7.1378,0.045459
VSS,3.0,2026-03-31,13.8458,3.35,14.4493,-15.7289,0.06,0.34707207446808513,11.86,,0.021516
NOBL,3.0,2026-03-31,7.4103,2.14,12.6791,-15.3645,0.35,0.6036686170212766,11.07,6.812,0.064198
VLUE,3.0,2026-03-31,18.3205,2.0,15.7957,-17.8894,0.15,0.48543829787234044,15.87,3.8873,0.160231
ACWX,3.0,2026-03-31,15.3372,2.78,14.585,-13.8429,0.32,1.4032921542553192,11.58,,0.087575
EWZ,3.0,2026-03-31,19.2323,4.32,24.1246,-31.3594,0.59,25.013306914893615,10.17,,0.127921
IGF,3.0,2026-03-31,15.7549,2.96,12.6537,-14.9956,0.39,0.621619414893617,10.6,,-0.147435
VDE,3.0,2026-03-31,18.4659,2.27,21.5594,-21.4073,0.09,0.5384764627659575,9.68,0.8,0.062637
IGV,3.0,2026-03-31,9.5187,0.0,24.1172,-34.7228,0.39,5.752622872340426,16.68,0.8653,-0.007652
IJK,3.0,2026-03-31,12.9944,0.62,18.706,-25.6324,0.17,0.32680146276595745,10.97,5.3362,-0.057217
GDXJ,3.0,2026-03-31,47.54,2.23,40.5678,-32.9214,0.51,5.785480585106383,8.65,,0.175907
FNDA,3.0,2026-03-31,11.6068,1.21,19.7607,-25.9169,0.25,0.7809636968085107,8.92,7.758,0.091307
SCHH,3.0,2026-03-31,6.6426,3.03,16.7716,-17.7541,0.07,5.610332579787234,9.98,,-0.162852
EZU,3.0,2026-03-31,14.7655,2.92,16.6466,-15.0223,0.5,2.303171409574468,9.37,,-0.042495
QLD,3.0,2026-03-31,35.3996,0.19,39.1021,-42.29,0.95,6.958873138297872,14.46,2.6204,-0.438013
FNDE,3.0,2026-03-31,18.9774,4.04,16.5289,-18.4034,0.39,0.8260684840425533,9.69,6.6578,0.148807
AIRR,3.0,2026-03-31,32.4266,0.16,25.3876,-27.9501,0.69,0.351670079787234,10.62,1.1659,0.222799
CIBR,3.0,2026-03-31,14.1072,0.65,21.2556,-21.9624,0.58,0.7513045212765957,13.68,0.9347,0.013291
ONEQ,3.0,2026-03-31,21.7876,0.83,19.8207,-24.0908,0.21,0.28487912234042556,10.92,2.7128,-0.079288
PRF,3.0,2026-03-31,16.9495,1.56,13.2746,-15.8207,0.34,0.38970252659574467,9.58,8.2237,0.163937
VPU,3.0,2026-03-31,13.8018,2.57,15.9126,-18.6078,0.09,0.21439601063829788,8.56,0.8,0.192891
MGC,3.0,2026-03-31,19.6337,1.02,15.3405,-19.2811,0.05,0.10702353723404255,10.24,4.002,0.016094
IEUR,3.0,2026-03-31,13.9189,3.01,15.0868,-14.247,0.1,0.9388005319148937,8.87,,-0.030747
DBEF,3.0,2026-03-31,16.4105,5.49,13.08,-14.6243,0.35,0.6278376329787234,8.81,,-0.07905
VIGI,3.0,2026-03-31,8.5423,2.27,13.0496,-14.5005,0.07,0.2930191489361702,8.82,,-0.005861
GRID,3.0,2026-03-31,20.1177,0.92,18.9542,-20.7652,0.56,0.1799628989361702,11.29,,-0.093182
RWL,3.0,2026-03-31,16.4753,1.38,12.4338,-14.3888,0.39,0.17119468085106385,9.07,7.9365,-0.120692
IGM,3.0,2026-03-31,28.3558,0.18,23.2154,-26.3858,0.39,0.3945711436170213,11.03,1.1136,0.003892
XBI,3.0,2026-03-31,18.992,0.35,27.2802,-32.9945,0.35,9.53093125,8.39,1.0,0.245096
IDV,3.0,2026-03-31,22.8609,4.63,13.9855,-11.8617,0.5,0.7675470744680851,8.61,,0.106031
PPA,3.0,2026-03-31,27.8995,0.4,17.3637,-15.2392,0.58,0.18089840425531917,8.37,0.921,0.167642
IJJ,3.0,2026-03-31,10.8207,1.77,18.2767,-22.6791,0.18,0.194,8.47,6.4144,-0.056518
IBB,3.0,2026-03-31,9.6428,0.23,19.6632,-24.851,0.44,1.651458909574468,7.94,0.8,0.139107
QYLD,3.0,2026-03-31,12.9664,11.93,12.9717,-19.0587,0.6,5.4417877659574465,8.41,2.6033,-0.067326
IOO,3.0,2026-03-31,21.4617,0.96,15.7707,-19.1876,0.4,0.16585864361702127,9.03,3.0075,0.015379
VPL,3.0,2026-03-31,16.8506,3.3,16.823,-16.3516,0.07,0.6444739361702128,8.61,,0.044379
VDC,3.0,2026-03-31,7.6809,2.15,11.7038,-11.7784,0.09,0.13449375,7.88,0.8,0.079611
FTCS,3.0,2026-03-31,9.7385,1.11,11.2064,-12.6206,0.52,0.34709667553191487,7.67,6.12,-0.005301
EWT,3.0,2026-03-31,23.8872,1.4,22.398,-25.6612,0.59,3.409982313829787,11.12,,0.061094
URTH,3.0,2026-03-31,17.1003,1.53,14.1627,-16.9358,0.24,0.2920191489361702,8.1,5.4526,0.051856
GUNR,3.0,2026-03-31,12.8537,2.23,16.4672,-19.5866,0.46,0.6447710106382979,7.37,,0.219184
XLRE,3.0,2026-03-31,6.5902,3.43,16.9447,-16.7395,0.08,6.4270417553191495,7.82,0.8,-0.268475
VIS,3.0,2026-03-31,19.3712,0.97,17.0547,-20.802,0.09,0.0873406914893617,7.79,1.0,0.019058
COPX,3.0,2026-03-31,28.3381,2.59,35.4534,-39.7228,0.65,1.606732180851064,7.99,,0.057435
IJS,3.0,2026-03-31,9.9728,1.43,21.6679,-28.646,0.18,0.35604255319148936,8.24,7.1736,0.233584
SPLV,3.0,2026-03-31,7.7201,2.12,10.9469,-9.6354,0.25,2.366547473404255,6.91,5.3447,-0.189041
XLB,3.0,2026-03-31,9.5298,1.75,16.9475,-23.1658,0.08,11.693376595744681,7.31,0.8,-0.355032
FDL,3.0,2026-03-31,17.9921,3.61,13.363,-12.2453,0.43,0.7891518617021276,7.36,4.603,-0.019629
VONE,3.0,2026-03-31,18.0712,1.14,14.9218,-19.0618,0.06,0.08024933510638298,8.14,6.0205,0.08363
SPYD,3.0,2026-03-31,11.1835,4.37,14.6809,-16.1299,0.07,1.2772222074468085,7.21,7.1582,-0.190179
HEFA,3.0,2026-03-31,17.0704,3.26,13.0912,-14.2819,0.35,1.0570926861702128,7.13,,-0.07905
URA,3.0,2026-03-31,40.5259,4.4,40.2513,-37.8101,0.69,3.2732856382978723,7.06,,0.163061
IJT,3.0,2026-03-31,10.6959,0.86,20.1022,-27.4127,0.18,0.12335625,7.51,6.3939,0.250828
IXN,3.0,2026-03-31,23.3761,0.34,23.2303,-25.5543,0.39,0.23376023936170212,9.72,0.8,-0.001805
MCHI,3.0,2026-03-31,6.8112,2.27,27.3971,-25.848,0.59,3.5903017287234045,6.35,,-0.00015
XMMO,3.0,2026-03-31,25.0756,0.71,19.9071,-24.9322,0.35,0.26006994680851064,7.49,4.0145,-0.068414
INDA,3.0,2026-03-31,6.2916,0.0,13.7192,-22.722,0.61,5.042111037234043,6.76,,0.133521
KWEB,3.0,2026-03-31,0.5783,7.53,35.4473,-31.3637,0.7,21.17377353723404,6.23,,-0.007519
DXJ,3.0,2026-03-31,34.3616,1.21,20.3078,-22.1939,0.48,0.6575694148936171,6.87,,-0.122207
VOOV,3.0,2026-03-31,13.784,1.8,12.7874,-17.5491,0.07,0.09288630319148937,6.46,8.3682,-0.083603
XAR,3.0,2026-03-31,30.2401,0.35,22.2422,-19.728,0.35,0.1308934840425532,6.29,1.0,0.154625
FXI,3.0,2026-03-31,9.3822,2.59,28.4936,-28.7183,0.73,39.537396675531916,5.52,,0.001189
ARKK,3.0,2026-03-31,19.0969,0.0,39.3862,-39.5554,0.75,11.843598404255319,7.21,3.9273,-0.143594
SSO,3.0,2026-03-31,28.2653,0.82,29.5416,-35.2135,0.87,5.919083776595745,8.38,4.2667,-0.193781
VCR,3.0,2026-03-31,13.365,0.8,21.055,-27.3588,0.09,0.06255146276595745,6.34,0.8131,-0.096513
DLN,3.0,2026-03-31,15.4098,1.91,11.6605,-13.7105,0.28,0.16176529255319147,6.11,7.5301,0.312402
VOX,3.0,2026-03-31,24.3234,1.05,18.1254,-21.1471,0.09,0.19099840425531917,6.27,0.8,0.038523
GSIE,3.0,2026-03-31,15.1141,2.72,14.4488,-13.0722,0.25,0.41936103723404256,5.75,,-0.057068
EFAV,3.0,2026-03-31,14.1208,3.03,10.6759,-9.2078,0.2,0.4709928191489362,5.26,,-0.042234
SCHC,3.0,2026-03-31,15.4172,3.65,15.4113,-15.5168,0.08,0.43037699468085105,5.61,7.7519,0.02367
SPXL,3.0,2026-03-31,37.4646,0.8,44.0258,-48.9484,0.84,5.785013829787234,6.73,4.2941,-0.194666
KBWB,3.0,2026-03-31,27.1493,2.27,24.5027,-25.4269,0.35,1.5299007978723405,5.32,0.8,0.173465
XMHQ,3.0,2026-03-31,14.517,0.6,18.7333,-24.5574,0.25,0.3022267287234042,5.33,6.169,-0.066211
JHMM,3.0,2026-03-31,13.1349,0.95,16.3929,-21.8757,0.41,0.21735239361702127,5.59,7.3746,-0.063347
EWC,3.0,2026-03-31,19.4558,1.42,15.2947,-12.9723,0.5,2.115640425531915,5.48,,-0.019098
GNR,3.0,2026-03-31,13.3997,2.31,17.733,-21.1483,0.4,0.2941934840425532,4.88,,-0.172198
DSI,3.0,2026-03-31,17.0937,1.0,15.8582,-20.5766,0.25,0.12494534574468084,5.34,3.8406,0.108712
XME,3.0,2026-03-31,27.4968,0.35,29.1122,-30.4708,0.35,2.4487788563829787,5.27,1.3657,0.317938
ILF,3.0,2026-03-31,20.4558,3.78,20.8122,-23.9675,0.47,1.6483335106382977,4.42,,0.272242
NLR,3.0,2026-03-31,37.3074,2.4,33.1544,-30.475,0.56,0.24405558510638298,4.87,,0.153477
FDN,3.0,2026-03-31,16.5382,0.0,21.8059,-24.9794,0.49,0.5044265957446809,5.44,2.5765,0.07248
REET,3.0,2026-03-31,6.7809,3.65,15.4363,-18.0235,0.14,0.9330234042553192,4.77,0.8044,-0.198366
FEZ,3.0,2026-03-31,14.6157,2.85,17.4743,-15.8468,0.29,1.6321234042553192,4.51,,-0.047024
UPRO,3.0,2026-03-31,37.2741,1.04,44.1566,-48.8691,0.89,5.6005264627659574,,,-0.193253
RSPT,3.0,2026-03-31,18.4808,0.38,22.3739,-26.6219,0.4,0.4833441489361702,5.64,1.0,-0.070591
IYR,3.0,2026-03-31,6.3471,2.38,16.8661,-17.5235,0.38,6.33766755319149,4.87,0.8478,-0.103383
KRE,3.0,2026-03-31,17.4732,2.42,30.1704,-28.201,0.35,16.22939029255319,3.8,1.0,-0.030935
SLYG,3.0,2026-03-31,10.6444,0.8,20.0841,-27.3868,0.15,0.1523409574468085,4.72,6.3452,0.2845
SLYV,3.0,2026-03-31,9.969,2.01,21.6084,-28.6782,0.15,0.2341158244680851,4.68,7.3475,0.240548
VTHR,3.0,2026-03-31,17.7315,1.16,15.2281,-19.3594,0.06,0.03246436170212766,4.71,5.6529,0.302537
EMLP,3.0,2026-03-31,22.0804,2.75,12.9241,-11.4673,0.95,0.23613936170212768,3.93,1.8579,0.210389
IVLU,3.0,2026-03-31,22.2051,3.56,14.9844,-15.4845,0.31,0.5164849734042554,4.3,,0.115988
IMTM,3.0,2026-03-31,17.9406,2.3,16.1438,-12.8485,0.3,0.3541688829787234,4.0,,0.007095
DON,3.0,2026-03-31,11.254,2.41,16.3613,-21.4558,0.38,0.15210678191489363,3.87,6.8074,-0.052101
TECL,3.0,2026-03-31,35.7375,9.64,68.9795,-66.5843,0.87,1.936729255319149,7.29,0.8,0.508532
TDIV,3.0,2026-03-31,22.0958,1.5,19.7757,-23.0021,0.5,0.10899162234042553,4.66,0.9856,0.141422
DEM,3.0,2026-03-31,15.4128,4.32,14.3011,-15.639,0.63,0.3034240691489362,4.03,,0.216251
IXJ,3.0,2026-03-31,5.4198,1.45,13.4024,-18.1433,0.4,0.18584507978723405,3.67,0.8881,0.254096
EUFN,3.0,2026-03-31,29.2205,3.81,18.3503,-15.9484,0.49,0.9710037234042553,3.64,,-0.09803
USRT,3.0,2026-03-31,8.7134,2.89,17.1011,-18.705,0.08,0.2944941489361702,4.05,0.8,-0.127073
IWX,3.0,2026-03-31,14.6928,1.66,12.1102,-13.3658,0.2,0.19298284574468086,3.49,8.1037,0.275635
AIA,3.0,2026-03-31,22.979,1.46,23.4916,-21.6352,0.5,0.12341156914893617,5.4,,0.09193
SUSA,3.0,2026-03-31,15.9276,0.97,14.9337,-19.3002,0.25,0.1684529255319149,4.29,4.4723,0.406257
XT,3.0,2026-03-31,12.1886,8.13,18.7292,-22.0937,0.46,0.12270026595744682,4.07,3.4495,0.085374
VIOO,3.0,2026-03-31,10.5059,1.31,20.6224,-27.9293,0.07,0.12235252659574468,3.88,7.3206,0.047885
VNQI,3.0,2026-03-31,7.8565,4.87,14.3964,-16.3466,0.12,0.2763515957446808,3.49,,0.117261
IDMO,3.0,2026-03-31,22.6022,2.06,16.5418,-12.6541,0.25,0.1739900265957447,3.77,,0.006882
AAXJ,3.0,2026-03-31,14.64,1.76,18.1233,-19.7366,0.72,0.6111893617021276,4.02,,0.014853
EWU,3.0,2026-03-31,16.811,3.64,14.0558,-12.6349,0.5,1.7970308510638298,3.45,,-0.228133
SMLF,3.0,2026-03-31,15.2126,1.17,19.8962,-26.2771,0.15,0.13231728723404257,3.93,6.993,0.242099
XOP,3.0,2026-03-31,15.2806,1.79,27.5558,-34.9772,0.35,3.649955984042553,3.37,1.0,-0.07921
FV,3.0,2026-03-31,10.6637,0.64,19.2588,-23.0798,0.89,0.1449839095744681,3.78,,-0.224751
IYF,3.0,2026-03-31,20.1187,1.62,16.975,-16.5958,0.38,0.2819848404255319,3.5,0.8456,-0.045717
GCOW,3.0,2026-03-31,16.888,4.42,12.2416,-12.3539,0.6,0.290769414893617,3.35,,0.042859
IMCG,3.0,2026-03-31,11.9326,0.8,17.0852,-21.9153,0.06,0.1341752659574468,3.75,4.8426,-0.07984
EEMV,3.0,2026-03-31,9.0545,2.65,10.6407,-12.4728,0.25,0.3999599734042553,3.7,,0.0
IVOO,3.0,2026-03-31,12.1141,1.33,18.1213,-24.0832,0.07,0.07483630319148936,3.61,6.592,-0.176811
INTF,3.0,2026-03-31,17.6271,2.78,14.7627,-13.6421,0.16,0.18574587765957448,3.46,,0.038038
SPHD,3.0,2026-03-31,9.9854,4.31,12.992,-13.2914,0.3,0.6948359042553192,3.23,,-0.107236
ACWV,3.0,2026-03-31,9.7791,2.08,8.9462,-7.5595,0.2,0.1859503989361702,3.28,,0.032614
FNDC,3.0,2026-03-31,15.7718,3.78,14.2742,-12.9822,0.39,0.1971632978723404,3.07,6.6181,0.043718
MLPX,3.0,2026-03-31,29.2445,4.06,16.8796,-16.7678,0.45,0.2756401595744681,3.54,0.8,0.133169
IHI,3.0,2026-03-31,0.0775,0.42,16.5427,-22.8432,0.38,1.067549069148936,2.99,0.8,0.246234
VAW,3.0,2026-03-31,10.0384,1.41,17.5575,-23.2141,0.09,0.06240890957446808,3.06,0.8,-0.062794
PTLC,3.0,2026-03-31,12.3456,1.13,12.1425,-15.17,0.6,0.19781422872340426,3.36,5.2219,0.07159
XYLD,3.0,2026-03-31,10.2047,10.98,10.3075,-15.5279,0.6,0.639146409574468,3.17,4.014,-0.090739
NFRA,3.0,2026-03-31,11.4903,5.74,11.5142,-11.1536,0.47,0.09360531914893616,3.06,,-0.082792
LRGF,3.0,2026-03-31,18.3391,1.23,15.2039,-19.4426,0.08,0.14526037234042552,3.5,5.123,0.267325
IYH,3.0,2026-03-31,5.4092,1.31,13.8583,-17.9095,0.38,0.40555691489361706,3.12,0.8,0.100951
FHLC,3.0,2026-03-31,6.1348,1.44,13.7757,-16.8692,0.084,0.15378710106382978,2.99,0.8,0.1939
ILCG,3.0,2026-03-31,20.5978,0.5,19.3276,-23.1053,0.04,0.08466981382978724,3.25,2.5341,0.0
IXC,3.0,2026-03-31,19.6534,2.68,19.2653,-19.0609,0.4,0.6317347074468085,2.52,,0.011149
REMX,3.0,2026-03-31,4.0399,1.48,38.5827,-62.1135,0.58,0.39398683510638294,3.01,,0.17779
PXF,3.0,2026-03-31,21.009,3.48,14.6666,-14.0585,0.43,0.08203005319148937,2.94,,0.135555
QTEC,3.0,2026-03-31,18.3209,0.0,25.7819,-29.0044,0.55,0.1633315159574468,3.66,1.1777,-0.023644
PRFZ,3.0,2026-03-31,13.1313,0.95,20.5034,-26.5235,0.34,0.14090890957446808,2.72,6.9735,0.180191
IYY,3.0,2026-03-31,17.8848,1.01,14.9999,-19.0596,0.2,0.03574295212765958,3.0,5.3735,-0.18982
SQQQ,3.0,2026-03-31,-48.7272,5.78,58.5444,-90.699,0.95,15.450963085106382,2.23,,-0.237877
WTV,3.0,2026-03-31,19.4204,1.79,15.4356,-18.49,0.12,0.07797885638297872,3.01,8.1037,0.232869
MDYG,3.0,2026-03-31,12.9774,0.7,18.5962,-25.4525,0.15,0.1443811170212766,2.83,5.0839,-0.076066
CQQQ,3.0,2026-03-31,0.5913,2.47,34.0971,-40.4224,0.65,0.5425349734042554,3.16,,0.045489
FUTY,3.0,2026-03-31,13.8041,2.5,15.9548,-18.5293,0.084,0.2470033244680851,2.35,0.8,0.179736
ITB,3.0,2026-03-31,9.7993,1.25,27.3244,-33.3535,0.38,2.4558922872340427,2.56,1.3095,-0.154147
XSMO,3.0,2026-03-31,18.8769,0.61,20.9236,-24.7637,0.36,0.21041130319148937,2.89,6.502,0.196944
MDYV,3.0,2026-03-31,10.8536,1.87,18.1991,-22.583,0.15,0.1966776595744681,2.57,6.4309,-0.086221
IPAC,3.0,2026-03-31,14.6925,4.14,16.3587,-15.4553,0.09,0.11750811170212766,2.59,,0.034209
EQWL,3.0,2026-03-31,16.0712,1.71,13.0559,-14.9506,0.25,0.06597234042553192,2.6,7.1378,0.166705
HDEF,3.0,2026-03-31,16.7213,3.66,13.0168,-11.1533,0.09,0.20406941489361702,2.23,,0.098345
IHDG,3.0,2026-03-31,8.9662,1.97,13.6373,-18.8802,0.58,0.28058683510638294,2.21,,-0.025
EPI,3.0,2026-03-31,9.1174,0.0,15.2464,-21.8922,0.84,0.8801236702127659,2.17,,0.202378
ICLN,3.0,2026-03-31,-0.965,1.47,24.6522,-45.2976,0.39,3.2494791223404254,3.21,,0.199296
FNCL,3.0,2026-03-31,17.9582,1.75,17.0832,-17.2937,0.084,0.11773510638297871,2.17,0.827,-0.060363
SKYY,3.0,2026-03-31,17.7953,0.0,25.5653,-31.8036,0.6,0.20042686170212767,3.31,1.3461,0.044927
EWW,3.0,2026-03-31,11.7311,3.21,23.4896,-31.1749,0.5,2.1558807180851063,1.97,,0.059318
SPGP,3.0,2026-03-31,9.4529,0.98,17.4255,-22.8724,0.36,0.23654853723404257,2.19,5.6243,-0.098609
EPP,3.0,2026-03-31,10.9113,3.59,16.7331,-19.2907,0.47,0.3603474734042553,2.11,,0.05324
MLPA,3.0,2026-03-31,17.7182,7.14,14.0741,-14.1987,0.77,0.15486037234042552,2.1,0.851,0.161099
FTHI,3.0,2026-03-31,14.1475,8.99,11.5804,-15.9183,0.76,0.3093917553191489,2.26,,0.441752
OIH,3.0,2026-03-31,15.3737,1.2,31.4173,-43.7987,0.35,0.5154043882978723,2.37,0.8,0.046653
FAS,3.0,2026-03-31,32.308,11.78,48.2339,-43.103,0.88,0.7638007978723405,2.08,0.8313,0.115482
PHO,3.0,2026-03-31,8.4094,0.58,16.3174,-19.186,0.59,0.06709029255319149,1.98,2.2272,0.003212
ICF,3.0,2026-03-31,6.5445,2.67,16.8853,-17.2532,0.32,0.12924547872340425,2.05,0.8,-0.132506
DES,3.0,2026-03-31,11.0614,2.54,19.4767,-25.1623,0.38,0.1377218085106383,2.08,6.592,0.247107
QDF,3.0,2026-03-31,15.488,1.69,14.11,-18.0099,0.39,0.03744281914893617,2.29,3.8573,0.106245
FIDU,3.0,2026-03-31,19.4217,1.04,16.9785,-20.522,0.084,0.07794135638297872,2.1,1.0,0.166765
IWL,3.0,2026-03-31,19.4708,0.96,15.22,-19.1529,0.15,0.06798869680851063,2.23,3.5858,-0.259101
IYJ,3.0,2026-03-31,14.8567,0.83,16.1225,-19.6707,0.38,0.06938989361702129,1.78,1.8339,-0.022112
IYG,3.0,2026-03-31,19.7051,1.18,17.9703,-18.5355,0.38,0.08627859042553192,1.9,0.8,0.151669
XSOE,3.0,2026-03-31,14.8113,1.65,17.0888,-19.9576,0.32,0.2985408244680851,2.24,,0.249985
ARKQ,3.0,2026-03-31,30.8691,0.27,30.4808,-30.7624,0.75,0.14461343085106385,2.36,2.7267,0.071359
EWP,3.0,2026-03-31,28.9045,2.27,18.4734,-12.1882,0.5,0.43839002659574466,1.69,,0.015296
TILT,3.0,2026-03-31,17.0054,1.21,15.4422,-19.848,0.25,0.009673670212765958,2.2,6.605,0.374074
PICK,3.0,2026-03-31,13.803,2.61,25.1039,-32.5223,0.39,0.3356839095744681,2.18,,0.201015
PXH,3.0,2026-03-31,18.7243,3.81,17.3954,-17.7217,0.47,0.23791050531914895,2.02,,0.26323
USD,3.0,2026-03-31,88.3773,0.5,76.7356,-64.4576,0.95,1.259604255319149,3.05,,-0.182405
XSD,3.0,2026-03-31,16.3645,0.25,37.0537,-41.2489,0.35,0.05774454787234042,3.34,1.0,0.033445
FIW,3.0,2026-03-31,8.0204,0.8,16.4187,-18.32,0.51,0.0448468085106383,1.76,2.4343,0.226601
HEDJ,3.0,2026-03-31,11.451,1.67,15.2727,-15.931,0.58,0.12564281914893616,1.84,,-0.041433
LIT,3.0,2026-03-31,6.2864,0.43,30.9734,-53.01,0.75,0.3801656914893617,2.22,,0.013209
RWR,3.0,2026-03-31,8.4328,3.69,17.2036,-18.8494,0.25,0.29235013297872336,1.8,0.8,-0.175681
DGS,3.0,2026-03-31,13.7814,3.58,14.1523,-19.3102,0.58,0.19743936170212767,1.83,,0.459465
REGL,3.0,2026-03-31,9.5029,2.26,15.3063,-16.965,0.4,0.062343617021276596,1.68,,-0.046547
HACK,3.0,2026-03-31,16.3975,0.08,21.7808,-21.9029,0.6,0.10566662234042552,1.73,,-0.028249
IEV,3.0,2026-03-31,13.9847,2.76,14.934,-14.6341,0.6,0.3186288563829787,1.76,,-0.050697
FDIS,3.0,2026-03-31,13.4025,0.79,20.9416,-27.4283,0.084,0.09332952127659574,1.8,0.8132,-0.070444
IDU,3.0,2026-03-31,14.2611,2.13,15.175,-17.2115,0.38,0.1224561170212766,1.42,,0.230876
IYT,3.0,2026-03-31,10.7111,1.07,21.2666,-26.3516,0.38,0.52663125,2.36,0.8,-0.07908
PWB,3.0,2026-03-31,24.8146,0.0,18.7499,-22.1028,0.55,0.02882034574468085,2.18,3.3887,0.117549
RPV,3.0,2026-03-31,15.0786,2.41,15.9591,-15.5023,0.35,0.2358878989361702,1.82,7.4294,-0.076034
RWJ,3.0,2026-03-31,11.9262,1.13,22.7392,-29.2883,0.39,0.15371382978723405,1.87,6.9686,0.252556
FCOM,3.0,2026-03-31,24.1594,1.0,18.1599,-21.1563,0.084,0.1207344414893617,1.83,0.8,0.109703
XCEM,3.0,2026-03-31,17.5056,3.18,16.3116,-18.9192,0.16,0.18577553191489363,2.04,,0.0
EMGF,3.0,2026-03-31,17.9365,2.44,16.6283,-17.65,0.26,0.09775425531914894,1.92,,0.369501
ROBO,3.0,2026-03-31,8.0985,0.43,21.5132,-27.9192,0.95,0.09262872340425532,2.02,,0.131689
VIOV,3.0,2026-03-31,10.2368,1.76,21.6222,-28.4402,0.1,0.057902925531914895,1.78,7.3206,0.16552
PKW,3.0,2026-03-31,16.7366,0.94,15.5814,-20.9111,0.62,0.05260119680851064,1.61,,0.150166
RPG,3.0,2026-03-31,16.2346,0.22,20.9864,-24.75,0.35,0.3030628989361702,2.13,5.3362,-0.074794
IYE,3.0,2026-03-31,17.0881,2.05,21.1417,-20.3733,0.38,0.6319808510638297,1.61,,-0.001077
XNTK,3.0,2026-03-31,28.6198,0.25,24.9865,-28.105,0.35,0.02187659574468085,2.22,1.2077,0.037787
QQEW,3.0,2026-03-31,8.6237,0.35,17.7866,-21.4249,0.55,0.0920219414893617,1.81,4.6083,-0.157066
ARKW,3.0,2026-03-31,31.6961,1.95,35.3611,-36.2132,0.76,0.238393085106383,1.83,2.6016,0.026127
DTD,3.0,2026-03-31,14.9603,1.98,12.1029,-14.4105,0.28,0.031906648936170214,1.6,,0.107618
EWL,3.0,2026-03-31,11.3177,1.74,14.2348,-13.4757,0.5,0.538928324468085,1.7,,0.04021
PSI,3.0,2026-03-31,32.0804,0.08,37.4272,-41.0693,0.56,0.0821061170212766,2.64,0.8,0.108148
EUSA,3.0,2026-03-31,12.2117,1.68,14.4609,-18.2041,0.09,0.0577468085106383,1.74,7.4294,0.148633
IAI,3.0,2026-03-31,23.1933,1.18,20.114,-23.1367,0.38,0.11746103723404255,1.43,,0.148093
IMCB,3.0,2026-03-31,12.896,1.38,15.1802,-19.8005,0.04,0.030256117021276598,1.58,,-0.076053
SPGM,3.0,2026-03-31,17.3496,1.93,14.2118,-16.9037,0.09,0.08467952127659574,1.67,,0.037165
XHB,3.0,2026-03-31,14.2503,0.79,25.9437,-30.5265,0.35,2.5957940159574466,1.58,,-0.153128
ASHR,3.0,2026-03-31,5.5178,2.36,23.7842,-33.1188,0.65,6.443134574468085,1.91,,0.052694
HFXI,3.0,2026-03-31,16.886,4.44,13.5315,-13.5164,0.2,0.15076875,1.74,,-0.100506
IVOG,3.0,2026-03-31,13.0154,0.62,18.6774,-25.6077,0.1,0.024140292553191486,1.64,,-0.077071
TAN,3.0,2026-03-31,-10.2929,0.0,37.9989,-66.6034,0.7,1.0176928191489363,2.29,,0.270439
IYM,3.0,2026-03-31,11.7025,1.32,17.9972,-23.616,0.38,0.053674069148936174,1.41,,0.1017
RODM,3.0,2026-03-31,19.0429,2.96,11.9547,-10.5797,0.29,0.13579255319148936,1.54,,-0.051485
SCHV,3.0,2026-03-31,14.3042,1.97,12.714,-15.266,0.04,1.7984136968085107,15.54,7.6161,0.133675
XLG,3.0,2026-03-31,21.6364,0.7,16.8744,-20.7045,0.2,1.7890650265957448,11.01,3.0793,-0.031112
FVD,3.0,2026-03-31,7.92,2.3,11.219,-11.9745,0.61,0.8468324468085107,7.9,6.2775,0.218576
SIL,3.0,2026-03-31,45.1166,1.11,39.6895,-32.9069,0.65,1.2596527925531915,5.22,,-0.010939
RING,3.0,2026-03-31,48.5697,0.78,36.745,-30.1147,0.39,0.27819082446808513,2.71,,0.02991
CWI,3.0,2026-03-31,15.8578,2.98,14.6458,-13.8472,0.3,0.2929317819148936,2.79,,-0.052916
SPYX,3.0,2026-03-31,18.1511,0.98,15.0957,-18.7392,0.2,0.11526742021276595,2.78,3.8685,-0.190696
FBT,3.0,2026-03-31,9.2556,0.0,20.1981,-20.045,0.54,0.04039521276595745,2.57,1.0,0.305632
FENY,3.0,2026-03-31,18.4319,2.31,21.5968,-21.466,0.084,1.804442420212766,1.9,0.8,0.011179
KORU,3.0,2026-03-31,51.0677,0.59,82.2182,-73.7143,1.32,0.1597414494680851,1.89,,0.240054
SOXS,3.0,2026-03-31,-75.9321,8.44,104.6137,-99.1893,1.0,6.467677259308511,1.83,,0.02547
TNA,3.0,2026-03-31,12.2985,0.62,63.2646,-65.7827,1.05,15.283014494680852,1.43,,-0.292109
BIZD,3.0,2026-03-31,6.3346,13.05,15.8483,-22.557,12.86,1.1579163563829786,1.57,,-0.084009
